label,indexRaw,indexSmooth,indexPercent,middleRaw,middleSmooth,middlePercent,ringRaw,ringSmooth,ringPercent,pinkyRaw,pinkySmooth,pinkyPercent,thumbRaw,thumbSmooth,thumbPercent
OPEN,2051,2065,12,2118,2107,0,1689,1689,0,1312,1304,0,1607,1607,0
OPEN,2051,2058,15,2099,2103,0,1700,1694,0,1269,1288,0,1578,1594,0
OPEN,2072,2065,12,2043,2076,0,1692,1693,0,1247,1270,0,1596,1595,0
OPEN,2051,2058,15,2107,2090,0,1670,1683,0,1257,1264,0,1610,1602,0
OPEN,2042,2051,18,2101,2095,0,1717,1698,0,1231,1249,46,1608,1604,0
OPEN,2056,2053,17,2110,2102,0,1684,1692,0,1287,1266,0,1612,1608,0
OPEN,2079,2065,12,2110,2105,0,1692,1692,0,1320,1290,0,1591,1600,0
OPEN,2057,2061,13,2117,2111,0,1687,1690,0,1307,1298,0,1609,1604,0
OPEN,2039,2051,18,2098,2105,0,1695,1692,0,1293,1296,0,1591,1598,0
OPEN,2052,2052,17,2120,2112,0,1696,1694,0,1267,1283,0,1591,1595,0
OPEN,2050,2051,18,2115,2113,0,1679,1687,0,1281,1282,0,1564,1581,0
OPEN,2047,2049,19,2119,2116,0,1708,1697,0,1266,1275,0,1587,1584,0
OPEN,2075,2061,13,2106,2111,0,1688,1693,0,1283,1278,0,1589,1586,0
OPEN,2053,2057,15,2126,2118,0,1692,1692,0,1350,1311,0,1606,1595,0
OPEN,2065,2061,13,2117,2118,0,1671,1683,0,1327,1318,0,1617,1605,0
OPEN,2072,2066,11,2086,2103,0,1682,1682,0,1264,1294,0,1595,1600,0
OPEN,2050,2059,14,2093,2099,0,1686,1684,0,1253,1275,0,1616,1607,0
OPEN,2053,2056,16,2091,2095,0,1685,1684,0,1277,1276,0,1598,1603,0
OPEN,2078,2066,11,2078,2087,0,1704,1693,0,1263,1270,0,1606,1604,0
OPEN,2078,2071,9,2110,2098,0,1694,1694,0,1307,1287,0,1625,1614,0
OPEN,2074,2073,8,2094,2096,0,1709,1701,0,1318,1301,0,1589,1603,0
OPEN,2045,2060,14,2115,2105,0,1718,1708,0,1254,1280,0,1608,1605,0
OPEN,2050,2056,16,2104,2104,0,1696,1703,0,1261,1271,0,1611,1608,0
OPEN,2076,2065,12,2121,2112,0,1718,1710,0,1238,1256,19,1575,1593,0
OPEN,2054,2060,14,2103,2108,0,1697,1704,0,1266,1261,0,1593,1593,0
OPEN,2068,2064,12,2109,2108,0,1692,1699,0,1268,1264,0,1596,1594,0
OPEN,2087,2074,8,2111,2110,0,1693,1696,0,1320,1289,0,1592,1593,0
OPEN,2084,2079,6,2100,2105,0,1692,1694,0,1302,1295,0,1613,1602,0
OPEN,2075,2077,6,2092,2099,0,1687,1691,0,1276,1286,0,1605,1603,0
OPEN,2047,2063,13,2111,2105,0,1694,1692,0,1273,1280,0,1572,1589,0
OPEN,2048,2057,15,2102,2103,0,1695,1694,0,1272,1277,0,1587,1588,0
OPEN,2079,2067,11,2107,2105,0,1673,1684,0,1277,1277,0,1615,1600,0
OPEN,2039,2054,16,2105,2105,0,1690,1687,0,1265,1271,0,1608,1604,0
OPEN,2092,2071,9,2119,2111,0,1695,1691,0,1302,1285,0,1636,1618,0
OPEN,2059,2066,11,2113,2112,0,1673,1683,0,1311,1297,0,1607,1613,0
OPEN,2046,2057,15,2104,2108,0,1702,1691,0,1256,1278,0,1616,1614,0
OPEN,2055,2056,16,2103,2106,0,1696,1693,0,1254,1267,0,1592,1604,0
OPEN,2074,2064,12,2109,2107,0,1687,1691,0,1291,1278,0,1615,1609,0
OPEN,2077,2070,10,2106,2107,0,1691,1691,0,1288,1283,0,1595,1603,0
OPEN,2073,2071,9,2095,2101,0,1712,1700,0,1279,1281,0,1598,1601,0
OPEN,2079,2075,7,2146,2122,0,1701,1701,0,1328,1302,0,1624,1611,0
OPEN,2055,2066,11,2127,2124,0,1687,1694,0,1342,1320,0,1608,1610,0
OPEN,2078,2071,9,2079,2104,0,1682,1689,0,1301,1311,0,1631,1619,0
OPEN,2060,2066,11,2021,2067,3,1680,1685,0,1222,1271,0,1609,1615,0
OPEN,2068,2067,11,2092,2078,0,1695,1689,0,1236,1255,23,1589,1603,0
OPEN,2064,2066,11,2115,2095,0,1699,1694,0,1250,1253,30,1581,1593,0
OPEN,2086,2075,7,2102,2098,0,1648,1673,0,1279,1265,0,1600,1596,0
OPEN,2055,2066,11,2161,2126,0,1702,1686,0,1300,1281,0,1657,1624,0
OPEN,2064,2065,12,2123,2125,0,1692,1689,0,1316,1297,0,1624,1624,0
OPEN,2046,2056,16,2097,2112,0,1512,1609,0,1252,1276,0,1597,1612,0
OPEN,2067,2061,13,2110,2111,0,1676,1639,0,1268,1273,0,1578,1597,0
OPEN,2045,2054,16,2120,2115,0,1456,1557,20,1251,1263,0,1622,1608,0
OPEN,2032,2044,21,2128,2121,0,1564,1560,19,1282,1272,0,1606,1607,0
OPEN,2066,2054,16,2108,2115,0,1562,1561,18,1290,1280,0,1571,1591,0
OPEN,2092,2071,9,2107,2111,0,1472,1521,37,1282,1281,0,1676,1629,0
OPEN,2072,2071,9,2121,2116,0,1672,1589,5,1300,1289,0,1630,1630,0
OPEN,2048,2061,13,2108,2112,0,1693,1636,0,1264,1278,0,1609,1620,0
OPEN,2039,2051,18,2108,2110,0,1684,1657,0,1264,1272,0,1593,1608,0
OPEN,2060,2055,16,2107,2109,0,1661,1659,0,1247,1261,0,1607,1608,0
OPEN,2055,2055,16,2117,2113,0,1688,1672,0,1245,1254,26,1584,1597,0
OPEN,2080,2066,11,2124,2118,0,1698,1684,0,1314,1281,0,1597,1597,0
OPEN,2060,2063,13,2117,2117,0,1684,1684,0,1326,1301,0,1627,1610,0
OPEN,2031,2049,19,2128,2122,0,1531,1615,0,1309,1305,0,1595,1604,0
OPEN,2047,2048,19,2103,2114,0,1696,1651,0,1261,1285,0,1607,1605,0
OPEN,2045,2047,20,2085,2101,0,1687,1667,0,1242,1266,0,1639,1620,0
OPEN,2098,2070,10,2086,2094,0,1725,1693,0,1256,1261,0,1592,1608,0
OPEN,2063,2067,11,2103,2098,0,1686,1690,0,1288,1273,0,1607,1607,0
OPEN,2096,2080,5,2097,2098,0,1718,1703,0,1329,1298,0,1615,1611,0
OPEN,2063,2072,9,2139,2116,0,1671,1688,0,1317,1307,0,1613,1612,0
OPEN,2066,2069,10,2134,2124,0,1692,1690,0,1321,1313,0,1579,1597,0
OPEN,2078,2073,8,2080,2104,0,1681,1686,0,1272,1295,0,1615,1605,0
OPEN,2067,2070,10,2060,2084,0,1728,1705,0,1275,1286,0,1607,1606,0
OPEN,2050,2061,13,2093,2088,0,1699,1702,0,1247,1268,0,1603,1605,0
OPEN,2066,2063,13,2082,2085,0,1659,1683,0,1292,1279,0,1611,1607,0
OPEN,2076,2069,10,2125,2103,0,1645,1666,0,1326,1300,0,1620,1613,0
OPEN,2070,2069,10,2117,2109,0,1723,1692,0,1324,1311,0,1615,1614,0
OPEN,2053,2062,13,2086,2099,0,1654,1675,0,1275,1295,0,1613,1614,0
OPEN,2057,2060,14,2081,2091,0,1545,1616,0,1289,1292,0,1583,1600,0
OPEN,2055,2058,15,2076,2084,0,1677,1644,0,1259,1277,0,1619,1608,0
OPEN,2105,2079,6,2031,2060,9,1468,1565,16,1262,1270,0,1608,1608,0
OPEN,2057,2069,10,2102,2079,0,1713,1631,0,1261,1266,0,1559,1586,0
OPEN,2019,2047,20,2148,2110,0,1697,1661,0,1360,1308,0,1595,1590,0
OPEN,2063,2054,16,2116,2113,0,1703,1680,0,1317,1312,0,1584,1587,0
OPEN,2048,2051,18,2097,2106,0,1660,1671,0,1331,1321,0,1592,1589,0
OPEN,2046,2049,19,2080,2094,0,1692,1680,0,1255,1291,0,1589,1589,0
OPEN,2049,2049,19,2116,2104,0,1500,1599,0,1233,1265,0,1586,1588,0
OPEN,2060,2054,16,2080,2093,0,1707,1648,0,1277,1270,0,1591,1589,0
OPEN,2081,2066,11,2088,2091,0,1681,1663,0,1267,1269,0,1580,1585,0
OPEN,2075,2070,10,2106,2098,0,1665,1664,0,1297,1282,0,1598,1591,0
OPEN,2061,2066,11,2128,2111,0,1682,1672,0,1317,1297,0,1606,1598,0
OPEN,2078,2071,9,2079,2097,0,1693,1681,0,1275,1287,0,1589,1594,0
OPEN,2051,2062,13,2121,2108,0,1451,1578,10,1251,1271,0,1607,1600,0
OPEN,2072,2067,11,2109,2108,0,1386,1491,52,1239,1257,15,1598,1599,0
OPEN,2044,2056,16,2111,2109,0,1450,1473,61,1254,1255,23,1611,1604,0
OPEN,2068,2062,13,2096,2103,0,1394,1437,78,1276,1265,0,1606,1605,0
OPEN,2091,2075,7,2135,2118,0,1357,1401,95,1364,1309,0,1601,1603,0
OPEN,2082,2078,6,2126,2121,0,1355,1380,100,1339,1323,0,1582,1594,0
OPEN,2048,2065,12,2105,2114,0,1376,1378,100,1316,1320,0,1587,1591,0
OPEN,2055,2060,14,2084,2101,0,1379,1379,100,1253,1290,0,1599,1594,0
OPEN,2055,2058,15,2115,2107,0,1342,1362,100,1243,1269,0,1594,1594,0
OPEN,2060,2059,14,2125,2115,0,1376,1368,100,1276,1272,0,1596,1595,0
OPEN,2078,2067,11,2120,2117,0,1392,1379,100,1278,1275,0,1622,1607,0
OPEN,2081,2074,8,2117,2117,0,1350,1366,100,1308,1290,0,1626,1616,0
OPEN,2020,2049,19,2125,2121,0,1381,1373,100,1280,1285,0,1598,1608,0
OPEN,2055,2052,17,2107,2115,0,1368,1371,100,1251,1270,0,1594,1602,0
OPEN,2042,2047,20,2109,2112,0,1385,1377,100,1235,1254,26,1603,1602,0
OPEN,2060,2053,17,2099,2106,0,1384,1380,100,1239,1247,53,1570,1588,0
OPEN,2060,2056,16,2132,2118,0,1368,1375,100,1267,1256,19,1604,1595,0
OPEN,2072,2063,13,2122,2120,0,1406,1389,100,1309,1280,0,1609,1601,0
OPEN,2067,2065,12,2127,2123,0,1402,1395,98,1317,1297,0,1611,1606,0
OPEN,2076,2070,10,2087,2107,0,1390,1393,99,1294,1295,0,1582,1595,0
OPEN,2056,2064,12,2108,2107,0,1386,1390,100,1237,1269,0,1595,1595,0
OPEN,2051,2058,15,2140,2122,0,1366,1379,100,1262,1266,0,1600,1597,0
OPEN,2065,2061,13,2112,2118,0,1442,1407,92,1247,1257,15,1575,1587,0
OPEN,2087,2073,8,2102,2111,0,1358,1385,100,1279,1267,0,1594,1590,0
OPEN,2063,2068,10,2141,2124,0,1382,1384,100,1303,1283,0,1642,1614,0
OPEN,2067,2068,10,2104,2115,0,1346,1367,100,1340,1309,0,1603,1609,0
OPEN,2035,2053,17,2104,2110,0,1374,1370,100,1268,1290,0,1587,1599,0
OPEN,2049,2051,18,2108,2109,0,1374,1372,100,1243,1269,0,1588,1594,0
OPEN,2062,2056,16,2127,2117,0,1366,1369,100,1262,1266,0,1623,1607,0
OPEN,2043,2050,18,2127,2122,0,1348,1360,100,1267,1266,0,1589,1599,0
OPEN,2076,2062,13,2113,2118,0,1350,1355,100,1272,1269,0,1567,1585,0
OPEN,2066,2064,12,2143,2129,0,1361,1358,100,1323,1293,0,1601,1592,0
OPEN,2059,2062,13,2133,2131,0,1379,1367,100,1301,1297,0,1616,1603,0
OPEN,2056,2059,14,2087,2111,0,1329,1350,100,1236,1269,0,1581,1593,0
OPEN,2048,2054,16,2093,2103,0,1430,1386,100,1255,1263,0,1554,1575,9
OPEN,2073,2063,13,2112,2107,0,1370,1379,100,1272,1267,0,1585,1580,0
OPEN,2065,2064,12,2055,2084,0,1287,1338,100,1263,1265,0,1567,1574,12
OPEN,2042,2054,16,2069,2077,0,1369,1352,100,1323,1291,0,1585,1579,0
OPEN,2087,2069,10,2101,2088,0,1343,1348,100,1315,1302,0,1604,1590,0
OPEN,2058,2064,12,2083,2086,0,1487,1410,91,1318,1309,0,1595,1592,0
OPEN,2056,2060,14,2100,2092,0,1408,1409,91,1249,1282,0,1592,1592,0
OPEN,2074,2067,11,2082,2088,0,1400,1405,93,1279,1281,0,1610,1600,0
OPEN,2063,2065,12,2098,2092,0,1436,1419,87,1265,1274,0,1576,1589,0
OPEN,2077,2070,10,2099,2095,0,1452,1434,79,1314,1292,0,1588,1589,0
OPEN,2070,2070,10,2125,2109,0,1448,1440,76,1334,1311,0,1582,1586,0
OPEN,2048,2060,14,2123,2115,0,1453,1446,74,1320,1315,0,1615,1599,0
OPEN,2098,2077,6,2083,2101,0,1420,1434,79,1303,1310,0,1596,1598,0
OPEN,2056,2068,10,2097,2099,0,1416,1426,83,1252,1284,0,1602,1600,0
OPEN,2073,2070,10,2079,2090,0,1419,1423,85,1278,1281,0,1589,1595,0
OPEN,2059,2065,12,2094,2092,0,1441,1431,81,1269,1276,0,1612,1603,0
OPEN,2081,2072,9,2079,2086,0,1397,1416,88,1303,1288,0,1597,1600,0
OPEN,2091,2081,5,2129,2105,0,1403,1410,91,1295,1291,0,1623,1610,0
OPEN,2051,2067,11,2108,2107,0,1454,1430,81,1300,1295,0,1612,1611,0
OPEN,2055,2062,13,2093,2100,0,1416,1424,84,1279,1288,0,1598,1605,0
OPEN,2039,2052,17,2110,2105,0,1385,1406,93,1217,1256,19,1604,1605,0
OPEN,2024,2039,23,2103,2104,0,1426,1415,88,1242,1250,42,1606,1605,0
OPEN,2063,2050,18,2156,2127,0,1399,1408,92,1248,1249,46,1581,1594,0
OPEN,2062,2055,16,2123,2125,0,1400,1404,94,1287,1266,0,1607,1600,0
OPEN,2070,2062,13,2160,2141,0,1378,1392,100,1292,1278,0,1646,1621,0
OPEN,2071,2066,11,2125,2134,0,1447,1417,87,1313,1294,0,1566,1596,0
OPEN,2054,2061,13,2119,2127,0,1411,1414,89,1250,1274,0,1602,1599,0
OPEN,2068,2064,12,2088,2110,0,1397,1407,92,1283,1278,0,1600,1599,0
OPEN,2084,2073,8,2105,2107,0,1443,1423,85,1247,1264,0,1609,1604,0
OPEN,2068,2071,9,2125,2115,0,1400,1413,89,1229,1248,50,1641,1620,0
OPEN,2061,2066,11,2121,2118,0,1419,1415,88,1247,1248,50,1609,1615,0
OPEN,2073,2069,10,2108,2113,0,1460,1436,78,1344,1291,0,1589,1603,0
OPEN,2070,2070,10,2109,2111,0,1436,1436,78,1310,1300,0,1607,1605,0
OPEN,2067,2068,10,2115,2113,0,1408,1423,85,1254,1279,0,1593,1600,0
OPEN,2063,2066,11,2096,2105,0,1435,1429,82,1243,1263,0,1593,1597,0
OPEN,2064,2065,12,2127,2115,0,1463,1444,75,1243,1254,26,1592,1595,0
OPEN,2056,2061,13,2127,2120,0,1474,1458,68,1236,1246,57,1596,1595,0
OPEN,2085,2072,9,2108,2115,0,1474,1465,64,1322,1280,0,1600,1597,0
OPEN,2071,2071,9,2064,2092,0,1440,1454,70,1328,1302,0,1606,1601,0
OPEN,2066,2069,10,2107,2099,0,1380,1421,86,1320,1310,0,1626,1612,0
OPEN,2003,2039,23,2099,2099,0,1457,1437,78,1245,1281,0,1608,1610,0
OPEN,2058,2048,19,2091,2095,0,1377,1410,91,1266,1274,0,1618,1614,0
OPEN,2081,2063,13,2099,2097,0,1458,1432,80,1252,1264,0,1619,1616,0
OPEN,2061,2062,13,2111,2103,0,1448,1439,77,1287,1274,0,1623,1619,0
OPEN,2093,2076,7,2123,2112,0,1421,1431,81,1299,1285,0,1569,1597,0
OPEN,2068,2072,9,2129,2120,0,1402,1418,87,1316,1299,0,1624,1609,0
OPEN,2073,2073,8,2110,2115,0,1432,1424,84,1286,1293,0,1632,1619,0
OPEN,2048,2062,13,2083,2101,0,1422,1423,85,1254,1276,0,1558,1592,0
OPEN,2087,2073,8,2104,2102,0,1407,1416,88,1278,1277,0,1621,1605,0
OPEN,2056,2065,12,2118,2109,0,1432,1423,85,1286,1281,0,1590,1598,0
OPEN,2045,2056,16,2127,2117,0,1391,1409,91,1252,1268,0,1609,1603,0
OPEN,2090,2071,9,2115,2116,0,1449,1427,83,1332,1297,0,1643,1621,0
OPEN,2061,2067,11,2107,2112,0,1472,1447,73,1319,1307,0,1587,1606,0
OPEN,2064,2065,12,2119,2115,0,1411,1431,81,1271,1291,0,1580,1594,0
OPEN,2041,2054,16,2097,2107,0,1435,1433,80,1247,1271,0,1582,1589,0
OPEN,2062,2058,15,2125,2115,0,1416,1425,84,1264,1268,0,1600,1594,0
OPEN,2059,2058,15,2120,2117,0,1468,1444,75,1286,1276,0,1607,1600,0
OPEN,2063,2060,14,2103,2111,0,1440,1442,75,1265,1271,0,1592,1596,0
OPEN,2088,2073,8,2131,2120,0,1412,1429,82,1359,1311,0,1624,1609,0
OPEN,2075,2074,8,2121,2120,0,1449,1438,77,1301,1306,0,1587,1599,0
OPEN,2082,2077,6,2094,2109,0,1443,1440,76,1232,1273,0,1614,1606,0
OPEN,2088,2082,4,2070,2091,0,1455,1447,73,1252,1263,0,1602,1604,0
OPEN,2048,2067,11,2115,2102,0,1454,1450,72,1255,1260,3,1576,1591,0
OPEN,2046,2057,15,2109,2105,0,1432,1442,75,1257,1258,11,1599,1595,0
OPEN,2108,2080,5,2090,2098,0,1478,1458,68,1299,1277,0,1600,1597,0
OPEN,2075,2078,6,2107,2102,0,1430,1445,74,1319,1296,0,1619,1607,0
OPEN,2071,2075,7,2104,2103,0,1437,1442,75,1296,1296,0,1619,1612,0
OPEN,2048,2063,13,2055,2081,0,1441,1441,76,1244,1273,0,1607,1610,0
OPEN,2042,2053,17,2096,2088,0,1455,1448,73,1256,1265,0,1605,1608,0
OPEN,2042,2048,19,2096,2092,0,1438,1443,75,1272,1268,0,1583,1597,0
OPEN,2084,2064,12,2054,2075,0,1609,1518,39,1267,1268,0,1612,1604,0
OPEN,2065,2065,12,2128,2099,0,1314,1426,83,1292,1279,0,1608,1606,0
OPEN,2063,2064,12,2126,2111,0,1548,1481,57,1312,1294,0,1583,1595,0
OPEN,2053,2059,14,2112,2111,0,1511,1494,50,1276,1286,0,1583,1590,0
OPEN,2043,2052,17,2107,2109,0,1492,1493,51,1248,1269,0,1606,1597,0
OPEN,2066,2072,9,2033,2029,32,1683,1685,0,1262,1245,61,1591,1595,0
OPEN,2126,2096,0,2039,2034,28,1342,1531,33,1266,1254,26,1608,1601,0
OPEN,2089,2093,0,2035,2034,28,1633,1577,11,1276,1264,0,1572,1588,0
OPEN,2085,2089,1,2054,2043,21,1083,1355,100,1312,1286,0,1627,1606,0
OPEN,2061,2077,6,2061,2051,15,1512,1425,84,1296,1290,0,1607,1606,0
OPEN,2059,2069,10,2038,2045,20,1681,1540,28,1246,1270,0,1603,1605,0
OPEN,2051,2061,13,2048,2046,19,1661,1595,2,1264,1268,0,1595,1600,0
OPEN,2077,2068,10,2060,2053,14,1685,1635,0,1249,1259,7,1582,1592,0
OPEN,2097,2081,5,2089,2069,2,1615,1626,0,1275,1266,0,1622,1606,0
OPEN,2089,2085,3,2083,2075,0,1689,1654,0,1311,1286,0,1605,1605,0
OPEN,2040,2065,12,2031,2055,12,1657,1656,0,1312,1298,0,1565,1587,0
OPEN,2072,2068,10,2044,2050,16,1674,1664,0,1227,1266,0,1599,1592,0
OPEN,2080,2073,8,2035,2043,21,1530,1604,0,1240,1254,26,1602,1597,0
OPEN,2075,2074,8,1977,2014,43,1694,1644,0,1262,1258,11,1599,1598,0
OPEN,2068,2071,9,2009,2011,46,1319,1498,49,1214,1238,88,1596,1597,0
OPEN,2093,2081,5,2029,2019,40,1727,1601,0,1269,1252,34,1594,1596,0
OPEN,2059,2071,9,2037,2027,34,1656,1626,0,1283,1266,0,1624,1608,0
OPEN,2079,2075,7,2003,2016,42,1628,1627,0,1286,1275,0,1606,1607,0
OPEN,2087,2080,5,2005,2011,46,1672,1647,0,1232,1256,19,1610,1609,0
OPEN,2053,2068,10,1993,2003,52,1480,1572,13,1224,1241,76,1600,1605,0
OPEN,2072,2070,10,2026,2013,44,1685,1623,0,1264,1252,34,1577,1592,0
OPEN,2062,2066,11,2075,2041,23,1535,1583,8,1256,1254,26,1599,1595,0
OPEN,2087,2076,7,2009,2027,34,1270,1442,75,1288,1269,0,1604,1599,0
OPEN,2069,2073,8,1994,2012,45,1430,1437,78,1310,1287,0,1596,1598,0
OPEN,2070,2071,9,2023,2017,41,1439,1438,77,1271,1280,0,1597,1597,0
OPEN,2055,2064,12,2041,2028,33,1373,1409,91,1279,1280,0,1587,1593,0
OPEN,2068,2066,11,1965,2000,54,1479,1440,76,1221,1253,30,1609,1600,0
OPEN,2083,2074,8,2014,2006,50,1454,1446,74,1264,1258,11,1593,1597,0
OPEN,2072,2073,8,1981,1995,58,1425,1437,78,1298,1276,0,1588,1593,0
OPEN,2068,2071,9,1999,1997,56,1469,1451,71,1259,1268,0,1587,1590,0
OPEN,2086,2078,6,2008,2002,53,1495,1471,62,1311,1288,0,1599,1594,0
OPEN,2073,2076,7,2022,2011,46,1468,1470,62,1305,1295,0,1609,1601,0
OPEN,2067,2072,9,2040,2024,36,1457,1464,65,1241,1271,0,1607,1604,0
OPEN,2063,2068,10,2057,2039,25,1438,1452,71,1264,1268,0,1583,1594,0
OPEN,2076,2071,9,2002,2022,37,1472,1461,66,1265,1267,0,1592,1593,0
OPEN,2049,2061,13,1994,2010,46,1401,1434,79,1258,1263,0,1618,1604,0
OPEN,2079,2069,10,2017,2013,44,1344,1394,99,1323,1290,0,1592,1599,0
OPEN,2095,2081,5,2005,2009,47,1454,1421,86,1346,1315,0,1626,1611,0
OPEN,2066,2074,8,2047,2026,34,1444,1431,81,1287,1302,0,1618,1614,0
OPEN,2088,2080,5,2041,2033,29,1399,1417,87,1246,1277,0,1599,1607,0
OPEN,2085,2082,4,2052,2042,22,1431,1423,85,1244,1262,0,1609,1608,0
OPEN,2088,2085,3,2041,2041,23,1435,1428,82,1255,1259,7,1583,1597,0
OPEN,2068,2077,6,2081,2059,9,1429,1429,82,1240,1250,42,1589,1593,0
OPEN,2072,2075,7,2060,2060,9,1450,1438,77,1263,1256,19,1464,1535,100
OPEN,2085,2079,6,2093,2075,0,1426,1433,80,1369,1307,0,1599,1564,36
OPEN,2085,2082,4,2056,2066,4,1440,1436,78,1291,1300,0,1589,1575,9
OPEN,2054,2069,10,2075,2070,1,1391,1416,88,1248,1276,0,1596,1585,0
OPEN,2083,2076,7,2055,2063,6,1414,1415,88,1232,1256,19,1596,1590,0
OPEN,2093,2083,4,2043,2054,13,1447,1429,82,1251,1254,26,1620,1603,0
OPEN,2044,2066,11,2096,2073,0,1420,1425,84,1233,1245,61,1588,1596,0
OPEN,2073,2069,10,2069,2071,0,1481,1450,72,1267,1255,23,1599,1598,0
OPEN,2085,2076,7,2066,2069,2,1471,1460,67,1295,1273,0,1627,1611,0
OPEN,2069,2073,8,2067,2068,3,1423,1443,75,1308,1289,0,1596,1604,0
OPEN,2092,2082,4,2058,2064,6,1456,1449,72,1250,1271,0,1601,1603,0
OPEN,2074,2078,6,2053,2059,9,1441,1445,74,1251,1262,0,1596,1600,0
OPEN,2097,2087,2,2072,2065,5,1464,1454,70,1230,1248,50,1607,1603,0
OPEN,2053,2071,9,2086,2074,0,1424,1440,76,1260,1253,30,1614,1608,0
OPEN,2079,2075,7,2071,2073,0,1386,1416,88,1287,1268,0,1632,1619,0
OPEN,2079,2077,6,2081,2076,0,1381,1400,96,1341,1301,0,1586,1604,0
OPEN,2058,2068,10,2084,2080,0,1390,1396,98,1248,1277,0,1607,1605,0
OPEN,2091,2079,6,2039,2061,8,1402,1398,97,1237,1259,7,1586,1597,0
OPEN,2068,2074,8,2059,2060,9,1408,1403,94,1234,1248,50,1590,1594,0
OPEN,2051,2064,12,2059,2060,9,1488,1441,76,1304,1273,0,1602,1597,0
OPEN,2081,2071,9,2016,2040,24,1416,1430,81,1270,1272,0,1449,1531,100
OPEN,2082,2076,7,2071,2054,13,1502,1462,66,1310,1289,0,1636,1578,2
OPEN,2091,2083,4,2065,2059,9,1481,1471,62,1305,1296,0,1620,1597,0
OPEN,2047,2067,11,2075,2066,4,1402,1440,76,1211,1258,11,1635,1614,0
OPEN,2090,2077,6,2057,2062,7,1436,1438,77,1234,1247,53,1595,1605,0
OPEN,2063,2071,9,2071,2066,4,1419,1429,82,1252,1249,46,1625,1614,0
OPEN,2044,2059,14,2095,2079,0,1412,1422,85,1216,1234,100,1607,1611,0
OPEN,2079,2068,10,2084,2081,0,1598,1501,47,1265,1248,50,1623,1616,0
OPEN,2113,2088,2,2076,2079,0,1555,1525,36,1351,1294,0,1615,1616,0
OPEN,2081,2085,3,2084,2081,0,1528,1527,35,1315,1304,0,1612,1614,0
OPEN,2053,2071,9,2080,2081,0,1584,1552,23,1249,1279,0,1612,1613,0
OPEN,2086,2078,6,2079,2080,0,1583,1566,16,1243,1263,0,1594,1605,0
OPEN,2068,2073,8,2069,2075,0,1591,1577,11,1248,1256,19,1593,1599,0
OPEN,2085,2079,6,2060,2068,3,1597,1586,6,1231,1245,61,1607,1603,0
OPEN,2092,2085,3,2102,2083,0,1578,1583,8,1266,1254,26,1608,1605,0
OPEN,2117,2099,0,2078,2081,0,1538,1562,18,1331,1289,0,1598,1602,0
OPEN,2073,2087,2,2080,2081,0,1527,1547,25,1279,1284,0,1625,1612,0
OPEN,2049,2070,10,2060,2071,0,1555,1550,24,1247,1268,0,1600,1607,0
OPEN,2047,2060,14,2077,2074,0,1580,1564,17,1236,1253,30,1590,1599,0
OPEN,2061,2060,14,2074,2074,0,1562,1563,17,1251,1252,34,1592,1596,0
OPEN,2083,2071,9,2078,2076,0,1592,1576,11,1228,1241,76,1609,1602,0
OPEN,2073,2072,9,2103,2088,0,1535,1558,20,1294,1265,0,1615,1608,0
OPEN,2077,2074,8,2084,2086,0,1568,1562,18,1308,1284,0,1602,1605,0
OPEN,2083,2078,6,2078,2083,0,1567,1564,17,1271,1278,0,1623,1613,0
OPEN,2064,2072,9,2088,2085,0,1545,1556,21,1239,1261,0,1565,1592,0
OPEN,2078,2075,7,2065,2076,0,1548,1552,23,1286,1272,0,1596,1594,0
OPEN,2074,2074,8,2091,2083,0,1519,1537,30,1251,1263,0,1590,1592,0
OPEN,2064,2070,10,2110,2095,0,1515,1527,35,1271,1266,0,1601,1596,0
OPEN,2078,2073,8,2091,2093,0,1608,1564,17,1281,1273,0,1624,1609,0
OPEN,2085,2079,6,2120,2105,0,1554,1559,19,1318,1293,0,1623,1615,0
OPEN,2057,2069,10,2095,2101,0,1548,1554,22,1269,1282,0,1597,1607,0
OPEN,2067,2068,10,2064,2084,0,1567,1560,19,1206,1248,50,1596,1602,0
OPEN,2066,2067,11,2079,2082,0,1569,1564,17,1272,1259,7,1605,1603,0
OPEN,2080,2073,8,2075,2079,0,1538,1552,23,1273,1265,0,1604,1604,0
OPEN,2073,2073,8,2067,2073,0,1591,1570,14,1249,1258,11,1661,1629,0
OPEN,2091,2081,5,2079,2076,0,1584,1576,11,1302,1278,0,1647,1637,0
OPEN,2075,2078,6,2096,2085,0,1543,1561,18,1331,1302,0,1610,1625,0
OPEN,2063,2071,9,2095,2089,0,1545,1554,22,1264,1285,0,1591,1610,0
OPEN,2088,2079,6,2093,2091,0,1605,1577,11,1215,1253,30,1595,1603,0
OPEN,2075,2077,6,2076,2084,0,1565,1572,13,1243,1249,46,1597,1600,0
OPEN,2017,2050,18,2104,2093,0,1546,1560,19,1280,1263,0,1584,1593,0
OPEN,2066,2057,15,2100,2096,0,1554,1557,20,1262,1262,0,1599,1596,0
OPEN,2064,2060,14,2104,2100,0,1573,1564,17,1332,1294,0,1596,1596,0
OPEN,2046,2054,16,2103,2101,0,1531,1549,24,1272,1284,0,1622,1608,0
OPEN,2071,2062,13,2096,2099,0,1488,1522,37,1240,1264,0,1587,1598,0
OPEN,2111,2084,3,2106,2102,0,1555,1537,30,1211,1240,80,1619,1608,0
OPEN,2078,2081,5,2063,2084,0,1548,1542,27,1244,1242,73,1607,1607,0
OPEN,2075,2078,6,2108,2095,0,1530,1536,30,1230,1237,92,1603,1605,0
OPEN,2079,2079,6,2117,2105,0,1569,1551,23,1314,1271,0,1591,1599,0
OPEN,2067,2073,8,2107,2106,0,1540,1546,25,1312,1290,0,1625,1611,0
OPEN,2067,2071,9,2071,2090,0,1551,1548,25,1283,1287,0,1602,1607,0
OPEN,2068,2069,10,2089,2090,0,1563,1555,21,1249,1270,0,1574,1592,0
OPEN,2057,2064,12,2092,2091,0,1549,1552,23,1283,1276,0,1594,1593,0
OPEN,2102,2081,5,2096,2093,0,1538,1546,25,1264,1270,0,1594,1593,0
OPEN,2072,2077,6,2091,2092,0,1555,1550,24,1255,1263,0,1624,1607,0
OPEN,2107,2090,1,2113,2102,0,1548,1549,24,1359,1306,0,1607,1607,0
OPEN,2083,2087,2,2079,2091,0,1576,1561,18,1299,1303,0,1600,1604,0
OPEN,2046,2069,10,2077,2085,0,1523,1544,26,1253,1281,0,1580,1593,0
OPEN,2088,2077,6,2092,2088,0,1543,1544,26,1239,1262,0,1619,1605,0
OPEN,2071,2074,8,2073,2081,0,1542,1543,27,1254,1258,11,1583,1595,0
OPEN,2082,2078,6,2082,2082,0,1546,1544,26,1279,1268,0,1609,1601,0
OPEN,2094,2085,3,2093,2087,0,1590,1565,16,1280,1273,0,1630,1614,0
OPEN,2105,2094,0,2099,2092,0,1537,1552,23,1318,1293,0,1583,1600,0
OPEN,2077,2086,3,2079,2086,0,1565,1558,20,1314,1303,0,1623,1610,0
OPEN,2051,2070,10,2089,2088,0,1545,1552,23,1236,1273,0,1639,1623,0
OPEN,2072,2071,9,2089,2088,0,1555,1553,22,1231,1254,26,1614,1619,0
OPEN,2091,2080,5,2092,2090,0,1546,1550,24,1254,1254,26,1593,1607,0
OPEN,2055,2069,10,2104,2096,0,1533,1542,27,1240,1248,50,1634,1619,0
OPEN,2083,2075,7,2125,2109,0,1582,1560,19,1291,1267,0,1628,1623,0
OPEN,2062,2069,10,2090,2101,0,1587,1572,13,1291,1278,0,1612,1618,0
OPEN,2085,2076,7,2092,2097,0,1535,1555,21,1253,1267,0,1609,1614,0
OPEN,2051,2065,12,2079,2089,0,1523,1541,28,1278,1272,0,1602,1609,0
OPEN,2069,2067,11,2094,2091,0,1535,1538,29,1264,1268,0,1604,1607,0
OPEN,2059,2063,13,2094,2092,0,1535,1537,30,1274,1271,0,1576,1593,0
OPEN,2086,2073,8,2087,2090,0,1591,1561,18,1294,1281,0,1591,1592,0
OPEN,2080,2076,7,2110,2099,0,1564,1562,18,1270,1276,0,1620,1605,0
OPEN,2062,2070,10,2114,2106,0,1539,1552,23,1323,1297,0,1609,1607,0
OPEN,2081,2075,7,2091,2099,0,1571,1560,19,1268,1284,0,1619,1612,0
OPEN,2084,2079,6,2075,2088,0,1559,1560,19,1249,1268,0,1592,1603,0
OPEN,2035,2059,14,2110,2098,0,1558,1559,19,1227,1250,42,1590,1597,0
OPEN,2037,2049,19,2105,2101,0,1543,1552,23,1264,1256,19,1591,1594,0
OPEN,2048,2049,19,2101,2101,0,1563,1557,20,1252,1254,26,1639,1614,0
OPEN,2075,2061,13,2125,2112,0,1540,1549,24,1367,1305,0,1613,1614,0
OPEN,2072,2066,11,2101,2107,0,1565,1556,21,1299,1302,0,1616,1615,0
OPEN,2072,2069,10,2116,2111,0,1528,1544,26,1260,1283,0,1593,1605,0
OPEN,2076,2072,9,2111,2111,0,1546,1545,26,1253,1270,0,1589,1598,0
OPEN,2072,2072,9,2082,2098,0,1558,1551,23,1239,1256,19,1586,1592,0
OPEN,2066,2069,10,2113,2105,0,1542,1547,25,1232,1245,61,1596,1594,0
OPEN,2110,2088,2,2099,2102,0,1568,1556,21,1303,1271,0,1589,1592,0
OPEN,2062,2076,7,2121,2111,0,1573,1564,17,1306,1287,0,1639,1613,0
OPEN,2093,2084,3,2100,2106,0,1568,1566,16,1314,1299,0,1629,1620,0
OPEN,2063,2074,8,2087,2097,0,1572,1569,14,1243,1274,0,1609,1615,0
OPEN,2075,2075,7,2077,2088,0,1567,1568,15,1236,1257,15,1587,1602,0
OPEN,2085,2079,6,2091,2089,0,1533,1552,23,1273,1264,0,1606,1604,0
OPEN,2052,2067,11,2110,2099,0,1550,1551,23,1223,1246,57,1613,1608,0
OPEN,2082,2074,8,2101,2100,0,1570,1560,19,1288,1265,0,1604,1606,0
OPEN,2077,2075,7,2107,2103,0,1581,1569,14,1328,1293,0,1627,1616,0
OPEN,2077,2076,7,2104,2103,0,1563,1566,16,1299,1296,0,1611,1614,0
OPEN,2065,2071,9,2079,2092,0,1548,1558,20,1236,1269,0,1591,1603,0
OPEN,2071,2071,9,2097,2094,0,1522,1542,27,1237,1255,23,1591,1598,0
OPEN,2069,2070,10,2086,2091,0,1558,1549,24,1246,1251,38,1598,1598,0
OPEN,2060,2066,11,2090,2090,0,1538,1544,26,1259,1254,26,1607,1602,0
OPEN,2071,2068,10,2113,2101,0,1547,1545,26,1319,1283,0,1624,1612,0
OPEN,2076,2072,9,2088,2095,0,1558,1551,23,1322,1301,0,1603,1608,0
OPEN,2048,2061,13,2081,2089,0,1561,1556,21,1255,1280,0,1599,1604,0
OPEN,2060,2061,13,2102,2095,0,1550,1553,22,1232,1259,7,1607,1605,0
OPEN,2062,2061,13,2091,2093,0,1548,1551,23,1222,1242,73,1607,1606,0
OPEN,2071,2066,11,2092,2093,0,1572,1560,19,1248,1245,61,1589,1598,0
OPEN,2067,2066,11,2091,2092,0,1564,1562,18,1276,1259,7,1618,1607,0
OPEN,2062,2064,12,2112,2101,0,1567,1564,17,1318,1285,0,1631,1618,0
OPEN,2073,2068,10,2099,2100,0,1590,1576,11,1319,1301,0,1606,1613,0
OPEN,2055,2062,13,2079,2091,0,1544,1562,18,1284,1293,0,1586,1601,0
OPEN,2071,2066,11,2093,2092,0,1557,1559,19,1248,1273,0,1642,1619,0
OPEN,2080,2072,9,2093,2092,0,1563,1561,18,1233,1255,23,1614,1617,0
OPEN,2091,2081,5,2083,2088,0,1584,1571,13,1254,1254,26,1621,1619,0
OPEN,2082,2081,5,2095,2091,0,1547,1560,19,1260,1257,15,1605,1613,0
OPEN,2079,2080,5,2128,2108,0,1616,1585,7,1284,1269,0,1591,1603,0
OPEN,2075,2078,6,2100,2104,0,1561,1574,12,1332,1297,0,1628,1614,0
OPEN,2085,2081,5,2071,2089,0,1581,1577,11,1226,1265,0,1605,1610,0
OPEN,2032,2059,14,2089,2089,0,1583,1580,9,1223,1246,57,1599,1605,0
OPEN,2085,2071,9,2083,2086,0,1564,1573,12,1265,1255,23,1595,1601,0
OPEN,2048,2060,14,2128,2105,0,1561,1567,15,1230,1244,65,1614,1607,0
OPEN,2067,2063,13,2108,2106,0,1551,1560,19,1251,1247,53,1596,1602,0
OPEN,2055,2060,14,2110,2108,0,1565,1562,18,1349,1293,0,1609,1605,0
OPEN,2096,2076,7,2108,2108,0,1554,1559,19,1319,1305,0,1594,1600,0
OPEN,2072,2074,8,2076,2094,0,1572,1565,16,1240,1276,0,1599,1600,0
OPEN,2030,2054,16,2113,2102,0,1535,1551,23,1245,1262,0,1576,1589,0
OPEN,2079,2065,12,2078,2091,0,1578,1563,17,1234,1249,46,1550,1571,19
OPEN,2062,2064,12,2094,2093,0,1594,1577,11,1223,1237,92,1588,1579,0
OPEN,2075,2069,10,2090,2091,0,1559,1569,14,1250,1243,69,1589,1583,0
OPEN,2062,2066,11,2141,2114,0,1527,1550,24,1349,1291,0,1625,1602,0
OPEN,2074,2069,10,2077,2097,0,1565,1557,20,1325,1306,0,1611,1606,0
OPEN,2079,2074,8,2067,2084,0,1545,1551,23,1243,1278,0,1630,1617,0
OPEN,2076,2075,7,2051,2069,2,1551,1551,23,1245,1263,0,1610,1614,0
OPEN,2063,2069,10,2104,2085,0,1551,1551,23,1241,1253,30,1605,1610,0
OPEN,2052,2062,13,2095,2089,0,1568,1559,19,1254,1254,26,1616,1613,0
OPEN,2098,2078,6,2093,2091,0,1534,1548,25,1305,1277,0,1619,1615,0
OPEN,2068,2070,10,2069,2057,11,1611,1647,0,1310,1319,0,1603,1608,0
OPEN,2077,2073,8,2050,2054,13,1611,1631,0,1296,1309,0,1605,1607,0
OPEN,2082,2077,6,2002,2031,31,1622,1627,0,1256,1285,0,1597,1602,0
OPEN,2071,2074,8,2023,2027,34,1615,1622,0,1256,1272,0,1575,1590,0
OPEN,2064,2070,10,2010,2019,40,1631,1626,0,1246,1260,3,1581,1586,0
OPEN,2064,2067,11,2021,2020,39,1638,1631,0,1223,1244,65,1623,1603,0
OPEN,2060,2064,12,2031,2025,35,1603,1619,0,1251,1247,53,1580,1592,0
OPEN,2109,2084,3,2055,2039,25,1664,1639,0,1287,1265,0,1641,1614,0
OPEN,2077,2081,5,2052,2045,20,1640,1639,0,1305,1283,0,1603,1609,0
OPEN,2077,2079,6,2027,2037,26,1635,1637,0,1249,1268,0,1604,1607,0
OPEN,2056,2069,10,2024,2031,31,1641,1639,0,1263,1266,0,1590,1599,0
OPEN,2075,2072,9,2018,2025,35,1613,1627,0,1229,1249,46,1584,1592,0
OPEN,2067,2070,10,2040,2032,30,1632,1629,0,1250,1250,42,1597,1594,0
OPEN,2067,2068,10,2006,2020,39,1624,1627,0,1252,1251,38,1579,1588,0
OPEN,2094,2080,5,2049,2033,29,1608,1618,0,1318,1281,0,1598,1592,0
OPEN,2054,2068,10,2012,2024,36,1633,1625,0,1313,1295,0,1619,1604,0
OPEN,2076,2072,9,2011,2018,40,1644,1634,0,1275,1286,0,1624,1613,0
OPEN,2067,2070,10,2036,2026,34,1656,1644,0,1324,1303,0,1618,1615,0
OPEN,2064,2067,11,1997,2013,44,1608,1628,0,1256,1282,0,1606,1611,0
OPEN,2057,2063,13,2028,2020,39,1634,1630,0,1258,1271,0,1596,1604,0
OPEN,2045,2055,16,2038,2028,33,1602,1618,0,1251,1262,0,1591,1598,0
OPEN,2082,2067,11,2065,2045,20,1659,1636,0,1302,1280,0,1616,1606,0
OPEN,2071,2069,10,2058,2051,15,1594,1617,0,1291,1285,0,1603,1605,0
OPEN,2061,2065,12,2037,2045,20,1634,1625,0,1292,1288,0,1585,1596,0
OPEN,2040,2054,16,2042,2043,21,1615,1620,0,1275,1282,0,1608,1601,0
OPEN,2064,2058,15,2013,2030,31,1652,1635,0,1231,1259,7,1612,1606,0
OPEN,2058,2058,15,2037,2033,29,1657,1645,0,1243,1252,34,1599,1603,0
OPEN,2051,2055,16,2069,2049,17,1595,1622,0,1219,1237,92,1599,1601,0
OPEN,2123,2086,3,2071,2059,9,1628,1625,0,1301,1266,0,1605,1603,0
OPEN,2076,2081,5,2059,2059,9,1624,1624,0,1305,1283,0,1552,1580,0
OPEN,2072,2077,6,2044,2052,15,1656,1639,0,1251,1269,0,1590,1584,0
OPEN,2058,2069,10,2040,2047,18,1638,1638,0,1246,1259,7,1589,1587,0
OPEN,2075,2071,9,2044,2046,19,1627,1633,0,1259,1259,7,1582,1584,0
OPEN,2078,2074,8,2037,2042,22,1654,1643,0,1244,1252,34,1590,1587,0
OPEN,2084,2079,6,2063,2051,15,1671,1655,0,1286,1267,0,1602,1594,0
OPEN,2077,2078,6,2067,2058,10,1628,1643,0,1317,1290,0,1610,1601,0
OPEN,2063,2071,9,2069,2063,6,1639,1641,0,1257,1275,0,1629,1614,0
OPEN,2063,2068,10,2019,2043,21,1603,1624,0,1229,1254,26,1571,1594,0
OPEN,2049,2059,14,2045,2044,21,1582,1605,0,1272,1262,0,1600,1597,0
OPEN,2067,2063,13,2024,2035,28,1608,1606,0,1249,1256,19,1596,1597,0
OPEN,2079,2070,10,2038,2036,27,1624,1614,0,1243,1250,42,1596,1596,0
OPEN,2071,2070,10,2038,2037,26,1653,1632,0,1273,1261,0,1587,1592,0
OPEN,2089,2079,6,2067,2051,15,1620,1626,0,1326,1290,0,1597,1594,0
OPEN,2082,2080,5,2047,2049,17,1656,1640,0,1333,1309,0,1619,1605,0
OPEN,2081,2081,5,2007,2030,31,1628,1634,0,1256,1285,0,1591,1599,0
OPEN,2065,2074,8,2019,2025,35,1665,1648,0,1199,1246,57,1623,1610,0
OPEN,2064,2069,10,2028,2026,34,1624,1637,0,1224,1236,96,1593,1602,0
OPEN,2051,2061,13,2010,2019,40,1659,1647,0,1269,1251,38,1606,1604,0
OPEN,2084,2071,9,2068,2041,23,1636,1642,0,1313,1279,0,1612,1608,0
OPEN,2062,2067,11,2038,2040,24,1664,1652,0,1324,1299,0,1607,1607,0
OPEN,2063,2065,12,2032,2036,27,1606,1631,0,1280,1291,0,1601,1604,0
OPEN,2041,2054,16,2024,2031,31,1606,1620,0,1252,1273,0,1591,1598,0
OPEN,2113,2081,5,2024,2028,33,1637,1628,0,1236,1256,19,1586,1593,0
OPEN,2076,2079,6,2044,2035,28,1652,1639,0,1231,1245,61,1604,1598,0
OPEN,2079,2079,6,2015,2026,34,1648,1643,0,1235,1241,76,1592,1595,0
OPEN,2098,2087,2,2054,2039,25,1623,1634,0,1299,1267,0,1623,1608,0
OPEN,2072,2080,5,2042,2040,24,1650,1641,0,1304,1284,0,1623,1615,0
OPEN,2046,2065,12,2048,2044,21,1639,1640,0,1279,1282,0,1583,1600,0
OPEN,2056,2061,13,2042,2043,21,1625,1633,0,1171,1232,100,1581,1592,0
OPEN,2088,2073,8,2059,2050,16,1595,1616,0,1256,1243,69,1627,1608,0
OPEN,2062,2068,10,2036,2044,21,1631,1623,0,1254,1248,50,1608,1608,0
OPEN,2082,2074,8,2028,2037,26,1625,1624,0,1249,1248,50,1578,1594,0
OPEN,2094,2083,4,2039,2038,25,1617,1621,0,1224,1237,92,1587,1591,0
OPEN,2083,2083,4,2091,2062,7,1652,1635,0,1299,1265,0,1636,1611,0
OPEN,2071,2078,6,2052,2057,11,1644,1639,0,1296,1279,0,1604,1608,0
OPEN,2065,2072,9,2019,2040,24,1625,1633,0,1251,1266,0,1589,1599,0
OPEN,2063,2068,10,2045,2042,22,1649,1640,0,1226,1248,50,1593,1597,0
OPEN,2069,2068,10,2034,2039,25,1647,1643,0,1239,1244,65,1585,1591,0
OPEN,2086,2076,7,2013,2027,34,1640,1642,0,1272,1257,15,1603,1597,0
OPEN,2069,2073,8,2081,2051,15,1631,1637,0,1269,1262,0,1619,1607,0
OPEN,2064,2069,10,2066,2058,10,1639,1638,0,1318,1287,0,1610,1608,0
OPEN,2050,2060,14,2048,2053,14,1644,1641,0,1279,1284,0,1594,1602,0
OPEN,2076,2067,11,2040,2047,18,1612,1628,0,1182,1238,88,1609,1605,0
OPEN,2088,2077,6,2039,2044,21,1601,1616,0,1255,1246,57,1595,1601,0
OPEN,2061,2070,10,2047,2045,20,1617,1616,0,1239,1243,69,1584,1593,0
OPEN,2091,2079,6,2077,2059,9,1606,1612,0,1301,1269,0,1571,1583,0
OPEN,2078,2079,6,2082,2070,1,1606,1609,0,1299,1282,0,1600,1591,0
OPEN,2090,2084,3,2059,2065,5,1617,1613,0,1319,1299,0,1587,1589,0
OPEN,2085,2084,3,2057,2061,8,1604,1609,0,1310,1304,0,1583,1586,0
OPEN,2073,2079,6,2063,2062,7,1604,1607,0,1246,1278,0,1590,1588,0
OPEN,2080,2080,5,2064,2063,6,1603,1605,0,1252,1266,0,1574,1582,0
OPEN,2047,2065,12,2079,2070,1,1627,1615,0,1248,1258,11,1606,1593,0
OPEN,2073,2069,10,2066,2068,3,1634,1623,0,1258,1258,11,1582,1588,0
OPEN,2088,2077,6,2085,2076,0,1653,1637,0,1316,1284,0,1628,1606,0
OPEN,2093,2084,3,2067,2072,0,1599,1620,0,1330,1305,0,1605,1606,0
OPEN,2036,2063,13,2056,2065,5,1615,1618,0,1268,1288,0,1601,1603,0
OPEN,2062,2062,13,2070,2067,3,1612,1615,0,1231,1262,0,1591,1598,0
OPEN,2080,2070,10,2058,2063,6,1586,1602,0,1247,1256,19,1599,1598,0
OPEN,2051,2062,13,2075,2068,3,1578,1591,4,1271,1262,0,1588,1594,0
OPEN,2058,2060,14,2076,2072,0,1612,1601,0,1231,1248,50,1611,1601,0
OPEN,2084,2071,9,2079,2075,0,1627,1612,0,1320,1281,0,1606,1604,0
OPEN,2089,2079,6,2047,2062,7,1625,1618,0,1299,1289,0,1615,1609,0
OPEN,2059,2070,10,2058,2060,9,1619,1619,0,1252,1272,0,1584,1598,0
OPEN,2077,2073,8,2051,2056,12,1615,1617,0,1217,1247,53,1582,1591,0
OPEN,2059,2067,11,2051,2054,13,1625,1621,0,1257,1252,34,1591,1591,0
OPEN,2041,2055,16,2045,2050,16,1671,1643,0,1253,1252,34,1601,1595,0
OPEN,2076,2065,12,2052,2051,15,1625,1635,0,1267,1259,7,1608,1601,0
OPEN,2073,2068,10,2093,2070,1,1628,1632,0,1314,1284,0,1616,1608,0
OPEN,2071,2070,10,2077,2073,0,1618,1626,0,1298,1290,0,1628,1617,0
OPEN,2049,2060,14,2063,2069,2,1585,1607,0,1223,1260,3,1600,1609,0
OPEN,2091,2074,8,2036,2054,13,1593,1601,0,1226,1245,61,1619,1614,0
OPEN,2043,2060,14,2065,2059,9,1629,1614,0,1264,1253,30,1612,1613,0
OPEN,2079,2069,10,2042,2051,15,1611,1612,0,1260,1256,19,1586,1601,0
OPEN,2099,2082,4,2043,2048,18,1640,1625,0,1289,1271,0,1618,1609,0
OPEN,2068,2076,7,2071,2058,10,1634,1629,0,1307,1287,0,1614,1611,0
OPEN,2064,2071,9,2101,2077,0,1587,1610,0,1284,1286,0,1611,1611,0
OPEN,2073,2072,9,2029,2056,12,1625,1617,0,1246,1268,0,1612,1611,0
OPEN,2084,2077,6,2024,2041,23,1649,1631,0,1229,1250,42,1603,1608,0
OPEN,2089,2083,4,2055,2048,18,1582,1609,0,1254,1252,34,1590,1600,0
OPEN,2079,2081,5,2048,2048,18,1669,1636,0,1234,1244,65,1592,1596,0
OPEN,2100,2090,1,2076,2060,9,1619,1628,0,1323,1279,0,1620,1607,0
OPEN,2094,2092,0,2067,2063,6,1631,1630,0,1314,1295,0,1616,1611,0
OPEN,2053,2074,8,2065,2064,6,1629,1629,0,1304,1299,0,1579,1597,0
OPEN,2061,2068,10,2066,2065,5,1634,1631,0,1277,1289,0,1607,1601,0
OPEN,2069,2069,10,2084,2074,0,1608,1621,0,1253,1273,0,1593,1598,0
OPEN,2077,2072,9,2068,2071,0,1598,1611,0,1251,1263,0,1604,1600,0
OPEN,2069,2071,9,2085,2077,0,1627,1618,0,1244,1254,26,1612,1606,0
OPEN,2077,2074,8,2109,2092,0,1633,1625,0,1337,1292,0,1631,1617,0
OPEN,2088,2080,5,2076,2085,0,1643,1633,0,1309,1299,0,1614,1616,0
OPEN,2085,2082,4,2079,2082,0,1601,1619,0,1280,1291,0,1596,1607,0
OPEN,2074,2079,6,2078,2080,0,1590,1606,0,1315,1302,0,1588,1598,0
OPEN,2082,2080,5,2061,2072,0,1634,1618,0,1244,1276,0,1597,1598,0
OPEN,2067,2074,8,2089,2079,0,1583,1602,0,1248,1263,0,1598,1598,0
OPEN,2104,2088,2,2053,2068,3,1630,1615,0,1254,1259,7,1583,1591,0
OPEN,2077,2083,4,2109,2086,0,1625,1619,0,1313,1283,0,1609,1599,0
OPEN,2071,2078,6,2077,2082,0,1626,1622,0,1330,1304,0,1620,1609,0
OPEN,2072,2075,7,2052,2069,2,1621,1622,0,1270,1289,0,1604,1607,0
OPEN,2067,2071,9,2056,2063,6,1621,1621,0,1233,1264,0,1598,1603,0
OPEN,2088,2079,6,2073,2067,3,1645,1632,0,1250,1258,11,1618,1610,0
OPEN,2085,2082,4,2078,2072,0,1636,1634,0,1272,1264,0,1599,1605,0
OPEN,2055,2070,10,2072,2072,0,1659,1645,0,1241,1254,26,1586,1596,0
OPEN,2086,2077,6,2063,2068,3,1614,1631,0,1306,1277,0,1625,1609,0
OPEN,2078,2077,6,2091,2078,0,1659,1644,0,1302,1288,0,1623,1615,0
OPEN,2086,2081,5,2061,2071,0,1597,1623,0,1274,1282,0,1603,1610,0
OPEN,2065,2074,8,2072,2071,0,1649,1635,0,1204,1247,53,1579,1596,0
OPEN,2069,2072,9,2065,2068,3,1634,1634,0,1264,1255,23,1580,1589,0
OPEN,2051,2062,13,2095,2080,0,1587,1613,0,1235,1246,57,1584,1587,0
OPEN,2078,2069,10,2073,2077,0,1626,1619,0,1223,1236,96,1611,1598,0
OPEN,2097,2082,4,2084,2080,0,1604,1612,0,1324,1275,0,1622,1609,0
OPEN,2076,2079,6,2075,2078,0,1633,1622,0,1311,1291,0,1612,1610,0
OPEN,2059,2070,10,2056,2068,3,1636,1628,0,1292,1292,0,1595,1603,0
OPEN,2064,2067,11,2031,2051,15,1614,1622,0,1231,1264,0,1604,1604,0
OPEN,2032,2051,18,2087,2067,3,1598,1611,0,1216,1243,69,1591,1598,0
OPEN,2073,2061,13,2079,2073,0,1619,1615,0,1248,1245,61,1624,1610,0
OPEN,2047,2055,16,2081,2076,0,1644,1628,0,1227,1237,92,1584,1598,0
OPEN,2097,2074,8,2094,2084,0,1621,1625,0,1303,1267,0,1623,1609,0
OPEN,2079,2076,7,2067,2077,0,1621,1623,0,1278,1272,0,1620,1614,0
OPEN,2086,2081,5,2055,2067,3,1607,1616,0,1277,1274,0,1593,1605,0
OPEN,2063,2073,8,2088,2076,0,1608,1612,0,1239,1258,11,1592,1599,0
OPEN,2061,2067,11,2057,2068,3,1634,1622,0,1241,1251,38,1600,1599,0
OPEN,2042,2056,16,2101,2083,0,1646,1633,0,1241,1246,57,1599,1599,0
OPEN,2062,2059,14,2099,2090,0,1620,1627,0,1282,1262,0,1607,1603,0
OPEN,2091,2073,8,2078,2085,0,1611,1620,0,1330,1293,0,1585,1595,0
OPEN,2066,2070,10,2098,2091,0,1602,1612,0,1298,1295,0,1616,1604,0
OPEN,2061,2066,11,2060,2077,0,1637,1623,0,1270,1284,0,1587,1597,0
OPEN,2060,2063,13,2058,2068,3,1642,1632,0,1220,1255,23,1589,1593,0
OPEN,2061,2062,13,2068,2068,3,1638,1634,0,1234,1246,57,1599,1596,0
OPEN,2040,2052,17,2082,2074,0,1599,1619,0,1240,1243,69,1596,1596,0
OPEN,2069,2060,14,2085,2079,0,1619,1619,0,1268,1254,26,1642,1617,0
OPEN,2104,2080,5,2086,2082,0,1630,1624,0,1312,1280,0,1642,1628,0
OPEN,2098,2088,2,2064,2074,0,1660,1640,0,1287,1283,0,1614,1622,0
OPEN,2057,2074,8,2082,2078,0,1637,1639,0,1252,1269,0,1594,1609,0
OPEN,2111,2091,0,2049,2065,5,1632,1636,0,1263,1266,0,1574,1593,0
OPEN,2064,2079,6,2074,2069,2,1620,1629,0,1257,1262,0,1600,1596,0
OPEN,2096,2086,3,2078,2073,0,1585,1609,0,1258,1260,3,1606,1601,0
OPEN,2086,2086,3,2100,2085,0,1605,1607,0,1313,1284,0,1603,1602,0
OPEN,2072,2080,5,2087,2086,0,1674,1637,0,1299,1291,0,1612,1606,0
OPEN,2048,2066,11,2085,2086,0,1622,1630,0,1299,1294,0,1582,1595,0
OPEN,2040,2054,16,2057,2073,0,1591,1613,0,1228,1265,0,1606,1600,0
OPEN,2091,2071,9,2078,2075,0,1630,1620,0,1202,1236,96,1613,1606,0
OPEN,2072,2071,9,2074,2075,0,1630,1625,0,1239,1238,88,1594,1601,0
OPEN,2080,2075,7,2084,2079,0,1590,1609,0,1233,1236,96,1597,1599,0
OPEN,2079,2077,6,2057,2069,2,1656,1630,0,1129,1188,100,1619,1608,0
OPEN,2094,2085,3,2067,2068,3,1584,1609,0,1358,1264,0,1592,1601,0
OPEN,2085,2085,3,2061,2065,5,1623,1616,0,1311,1285,0,1613,1606,0
OPEN,2077,2081,5,2065,2065,5,1621,1618,0,1260,1274,0,1576,1593,0
OPEN,2063,2073,8,2067,2066,4,1593,1607,0,1229,1254,26,1591,1592,0
OPEN,2063,2069,10,2054,2061,8,1663,1632,0,1233,1244,65,1616,1603,0
OPEN,2063,2066,11,2062,2061,8,1600,1618,0,1256,1250,42,1601,1602,0
OPEN,2063,2065,12,2078,2069,2,1616,1617,0,1217,1235,100,1599,1601,0
OPEN,2072,2068,10,2097,2081,0,1642,1628,0,1318,1272,0,1609,1604,0
OPEN,2066,2067,11,2076,2079,0,1616,1623,0,1318,1293,0,1597,1601,0
OPEN,2061,2064,12,2086,2082,0,1588,1607,0,1262,1279,0,1598,1600,0
OPEN,2059,2062,13,2043,2065,5,1639,1621,0,1249,1265,0,1603,1601,0
OPEN,2069,2065,12,2099,2080,0,1617,1619,0,1222,1246,57,1605,1603,0
OPEN,2072,2068,10,2078,2079,0,1627,1623,0,1277,1260,3,1586,1595,0
OPEN,2060,2065,12,2056,2069,2,1627,1625,0,1310,1282,0,1626,1609,0
OPEN,2052,2059,14,2115,2090,0,1627,1626,0,1352,1314,0,1620,1614,0
OPEN,2079,2068,10,2079,2085,0,1615,1621,0,1287,1302,0,1607,1611,0
OPEN,2074,2071,9,2078,2082,0,1589,1607,0,1221,1265,0,1601,1606,0
OPEN,2059,2065,12,2040,2063,6,1604,1605,0,1233,1251,38,1619,1612,0
OPEN,2059,2063,13,2061,2062,7,1622,1613,0,1232,1242,73,1600,1607,0
OPEN,2040,2052,17,2095,2077,0,1584,1600,0,1237,1240,80,1623,1614,0
OPEN,2078,2064,12,2075,2076,0,1594,1597,1,1259,1249,46,1608,1611,0
OPEN,2102,2081,5,2104,2089,0,1659,1625,0,1336,1288,0,1609,1610,0
OPEN,2082,2081,5,2071,2081,0,1626,1625,0,1291,1289,0,1608,1609,0
OPEN,2079,2080,5,2075,2078,0,1646,1635,0,1272,1282,0,1583,1597,0
OPEN,2031,2058,15,2064,2072,0,1631,1633,0,1193,1242,73,1561,1581,0
OPEN,2070,2063,13,2073,2072,0,1675,1652,0,1268,1254,26,1563,1573,14
OPEN,2088,2075,7,2055,2065,5,1636,1645,0,1264,1258,11,1615,1592,0
OPEN,2060,2064,12,2067,2074,0,1671,1644,0,1198,1233,100,1619,1605,0
OPEN,2080,2071,9,2103,2087,0,1624,1635,0,1275,1252,34,1606,1606,0
OPEN,2058,2065,12,2076,2082,0,1618,1627,0,1316,1281,0,1584,1596,0
OPEN,2051,2059,14,2101,2091,0,1624,1626,0,1278,1279,0,1596,1596,0
OPEN,2059,2059,14,2054,2074,0,1660,1641,0,1239,1261,0,1596,1596,0
OPEN,2053,2056,16,2071,2073,0,1637,1639,0,1229,1247,53,1606,1600,0
OPEN,2072,2063,13,2062,2068,3,1622,1632,0,1283,1263,0,1621,1610,0
OPEN,2047,2056,16,2127,2094,0,1603,1619,0,1292,1276,0,1624,1616,0
OPEN,2088,2070,10,2091,2093,0,1617,1618,0,1327,1299,0,1623,1619,0
OPEN,2059,2065,12,2067,2081,0,1644,1630,0,1265,1284,0,1617,1618,0
OPEN,2049,2058,15,2075,2078,0,1636,1633,0,1242,1265,0,1591,1606,0
OPEN,2045,2052,17,2072,2076,0,1628,1630,0,1249,1258,11,1584,1596,0
OPEN,2057,2054,16,2079,2077,0,1623,1627,0,1250,1254,26,1603,1599,0
OPEN,2081,2066,11,2082,2079,0,1635,1631,0,1273,1263,0,1591,1596,0
OPEN,2066,2066,11,2081,2080,0,1631,1631,0,1258,1261,0,1589,1593,0
OPEN,2075,2070,10,2060,2071,0,1696,1660,0,1319,1287,0,1598,1595,0
OPEN,2086,2077,6,2077,2074,0,1603,1634,0,1339,1310,0,1623,1608,0
OPEN,2054,2067,11,2063,2069,2,1584,1612,0,1238,1278,0,1604,1606,0
OPEN,2052,2060,14,2084,2076,0,1600,1606,0,1268,1273,0,1608,1607,0
OPEN,2054,2057,15,2069,2073,0,1628,1616,0,1251,1263,0,1599,1603,0
OPEN,2072,2064,12,2085,2078,0,1592,1605,0,1271,1267,0,1611,1607,0
OPEN,2085,2073,8,2091,2084,0,1627,1615,0,1296,1280,0,1654,1628,0
OPEN,2059,2067,11,2105,2093,0,1655,1633,0,1300,1289,0,1637,1632,0
OPEN,2088,2076,7,2055,2076,0,1629,1631,0,1300,1294,0,1610,1622,0
OPEN,2073,2075,7,2067,2072,0,1632,1632,0,1161,1234,100,1588,1607,0
OPEN,2035,2057,15,2097,2083,0,1613,1623,0,1249,1241,76,1600,1604,0
OPEN,2063,2060,14,2081,2082,0,1639,1630,0,1243,1242,73,1606,1605,0
OPEN,2043,2052,17,2087,2084,0,1663,1645,0,1263,1251,38,1608,1606,0
OPEN,2066,2058,15,2112,2097,0,1655,1650,0,1293,1270,0,1639,1621,0
OPEN,2071,2064,12,2089,2093,0,1639,1645,0,1303,1285,0,1625,1623,0
OPEN,2100,2080,5,2072,2084,0,1596,1623,0,1277,1281,0,1605,1615,0
OPEN,2071,2076,7,2088,2086,0,1623,1623,0,1168,1230,100,1576,1597,0
OPEN,2092,2083,4,2089,2087,0,1672,1645,0,1232,1231,100,1615,1605,0
OPEN,2092,2087,2,2074,2081,0,1650,1647,0,1249,1239,84,1608,1607,0
OPEN,2074,2081,5,2077,2079,0,1659,1653,0,1263,1250,42,1578,1594,0
OPEN,2091,2086,3,2096,2087,0,1668,1659,0,1281,1264,0,1655,1621,0
OPEN,2045,2067,11,2079,2083,0,1633,1648,0,1306,1283,0,1600,1612,0
OPEN,2072,2069,10,2079,2081,0,1613,1632,0,1273,1278,0,1596,1605,0
OPEN,2079,2074,8,2075,2079,0,1636,1634,0,1152,1222,100,1588,1597,0
OPEN,2066,2070,10,2111,2093,0,1628,1631,0,1264,1241,76,1601,1599,0
OPEN,2048,2060,14,2100,2096,0,1628,1630,0,1232,1237,92,1607,1603,0
OPEN,2073,2066,11,2085,2091,0,1628,1629,0,1257,1246,57,1610,1606,0
OPEN,2053,2060,14,2125,2106,0,1615,1623,0,1304,1272,0,1620,1612,0
OPEN,2059,2060,14,2096,2102,0,1621,1622,0,1313,1290,0,1580,1598,0
OPEN,2034,2048,19,2094,2098,0,1632,1626,0,1255,1275,0,1606,1601,0
OPEN,2046,2047,20,2084,2092,0,1631,1629,0,1242,1260,3,1604,1603,0
OPEN,2048,2048,19,2082,2087,0,1623,1626,0,1241,1251,38,1598,1601,0
OPEN,2071,2058,15,2089,2088,0,1624,1625,0,1276,1262,0,1592,1597,0
OPEN,2074,2065,12,2104,2095,0,1619,1622,0,1214,1241,76,1592,1595,0
OPEN,2084,2074,8,2101,2098,0,1653,1636,0,1321,1277,0,1606,1600,0
OPEN,2063,2069,10,2084,2092,0,1659,1646,0,1300,1287,0,1606,1603,0
OPEN,2049,2060,14,2072,2083,0,1610,1630,0,1240,1266,0,1612,1607,0
OPEN,2056,2058,15,2106,2093,0,1619,1625,0,1221,1246,57,1594,1601,0
OPEN,2064,2061,13,2081,2088,0,1633,1629,0,1244,1245,61,1608,1604,0
OPEN,2077,2068,10,2090,2089,0,1633,1631,0,1226,1236,96,1607,1605,0
OPEN,2076,2072,9,2125,2105,0,1635,1633,0,1298,1264,0,1632,1617,0
OPEN,2072,2072,9,2110,2107,0,1649,1640,0,1312,1286,0,1634,1625,0
OPEN,2071,2071,9,2074,2092,0,1615,1629,0,1247,1268,0,1610,1618,0
OPEN,2061,2067,11,2086,2089,0,1628,1628,0,1177,1227,100,1612,1615,0
OPEN,2037,2053,17,2111,2099,0,1638,1633,0,1252,1238,88,1598,1608,0
OPEN,2080,2065,12,2086,2093,0,1646,1639,0,1252,1244,65,1601,1605,0
OPEN,2056,2061,13,2097,2095,0,1651,1644,0,1261,1252,34,1605,1605,0
OPEN,2076,2068,10,2110,2102,0,1643,1644,0,1316,1281,0,1642,1622,0
OPEN,2047,2058,15,2131,2115,0,1603,1625,0,1314,1296,0,1618,1620,0
OPEN,2066,2062,13,2067,2093,0,1662,1642,0,1281,1289,0,1585,1604,0
OPEN,2058,2060,14,2092,2093,0,1621,1632,0,1220,1258,11,1603,1604,0
OPEN,2071,2065,12,2089,2091,0,1644,1638,0,1264,1261,0,1607,1605,0
OPEN,2072,2068,10,2055,2075,0,1647,1642,0,1264,1262,0,1606,1606,0
OPEN,2064,2066,11,2079,2077,0,1658,1649,0,1232,1249,46,1624,1614,0
OPEN,2049,2059,14,2112,2093,0,1615,1634,0,1330,1285,0,1598,1607,0
OPEN,2035,2048,19,2088,2091,0,1651,1642,0,1307,1295,0,1592,1600,0
OPEN,1991,2022,30,2060,2077,0,1625,1634,0,1258,1278,0,1586,1594,0
OPEN,2047,2033,26,2078,2077,0,1644,1639,0,1212,1249,46,1582,1588,0
OPEN,2045,2039,23,2089,2083,0,1662,1649,0,1246,1247,53,1594,1591,0
OPEN,2104,2068,10,2043,2065,5,1654,1651,0,1274,1259,7,1587,1589,0
OPEN,2085,2076,7,2084,2073,0,1624,1639,0,1246,1253,30,1577,1584,0
OPEN,2068,2072,9,2104,2087,0,1640,1639,0,1331,1288,0,1619,1600,0
OPEN,2079,2075,7,2100,2093,0,1642,1641,0,1320,1303,0,1601,1600,0
OPEN,2039,2059,14,2075,2085,0,1610,1627,0,1227,1269,0,1587,1594,0
OPEN,2090,2073,8,2095,2089,0,1627,1627,0,1236,1254,26,1604,1599,0
OPEN,2063,2068,10,2082,2086,0,1631,1629,0,1229,1243,69,1601,1600,0
OPEN,2096,2081,5,2082,2084,0,1664,1645,0,1242,1242,73,1630,1613,0
OPEN,2066,2074,8,2105,2094,0,1640,1643,0,1296,1267,0,1604,1609,0
OPEN,2047,2062,13,2109,2101,0,1636,1640,0,1304,1283,0,1623,1615,0
OPEN,2053,2058,15,2102,2101,0,1632,1636,0,1288,1285,0,1609,1613,0
OPEN,2036,2048,19,2078,2091,0,1647,1641,0,1225,1258,11,1596,1605,0
OPEN,2059,2053,17,2093,2092,0,1614,1629,0,1215,1239,84,1619,1611,0
OPEN,2065,2058,15,2071,2082,0,1644,1636,0,1224,1232,100,1601,1607,0
OPEN,2042,2051,18,2084,2083,0,1636,1636,0,1256,1243,69,1593,1601,0
OPEN,2021,2038,23,2101,2091,0,1616,1627,0,1289,1264,0,1614,1607,0
OPEN,2042,2040,23,2110,2100,0,1635,1631,0,1307,1283,0,1619,1612,0
OPEN,1999,2021,31,2079,2090,0,1603,1618,0,1296,1289,0,1601,1607,0
OPEN,2019,2020,31,2096,2093,0,1614,1616,0,1261,1276,0,1609,1608,0
OPEN,2004,2013,34,2083,2088,0,1569,1595,2,1260,1269,0,1598,1603,0
OPEN,2048,2029,27,2101,2094,0,1628,1610,0,1240,1256,19,1598,1601,0
OPEN,2065,2045,20,2085,2090,0,1643,1625,0,1226,1242,73,1627,1613,0
OPEN,2079,2060,14,2109,2099,0,1628,1626,0,1332,1283,0,1632,1621,0
OPEN,2067,2063,13,2096,2097,0,1646,1635,0,1317,1298,0,1611,1617,0
OPEN,2047,2056,16,2095,2096,0,1617,1627,0,1278,1289,0,1601,1610,0
OPEN,2055,2056,16,2076,2087,0,1631,1629,0,1245,1269,0,1588,1600,0
OPEN,2029,2044,21,2095,2091,0,1636,1632,0,1237,1255,23,1584,1593,0
OPEN,2048,2046,20,2086,2089,0,1632,1632,0,1241,1249,46,1590,1592,0
OPEN,2042,2044,21,2070,2080,0,1613,1623,0,1258,1253,30,1607,1598,0
OPEN,2060,2051,18,2117,2097,0,1601,1613,0,1292,1270,0,1619,1608,0
OPEN,2064,2057,15,2106,2101,0,1611,1612,0,1335,1299,0,1611,1609,0
OPEN,2077,2066,11,2066,2085,0,1627,1619,0,1257,1280,0,1623,1615,0
OPEN,2032,2051,18,2076,2081,0,1641,1629,0,1229,1257,15,1594,1606,0
OPEN,2040,2046,20,2065,2074,0,1666,1646,0,1243,1251,38,1624,1614,0
OPEN,2044,2045,20,2081,2077,0,1609,1629,0,1249,1250,42,1612,1613,0
OPEN,2057,2050,18,2067,2073,0,1673,1649,0,1242,1246,57,1584,1600,0
OPEN,2076,2062,13,2116,2092,0,1615,1634,0,1324,1281,0,1614,1606,0
OPEN,2053,2058,15,2095,2093,0,1600,1618,0,1301,1290,0,1624,1614,0
OPEN,1989,2027,28,2094,2094,0,1625,1621,0,1267,1280,0,1615,1615,0
OPEN,2048,2036,24,2073,2084,0,1613,1618,0,1224,1255,23,1601,1608,0
OPEN,2080,2056,16,2063,2075,0,1609,1614,0,1260,1257,15,1583,1597,0
OPEN,2070,2062,13,2091,2082,0,1648,1629,0,1252,1255,23,1600,1598,0
OPEN,2038,2051,18,2103,2091,0,1620,1625,0,1262,1258,11,1589,1594,0
OPEN,2104,2075,7,2099,2095,0,1670,1645,0,1281,1268,0,1618,1605,0
OPEN,2093,2083,4,2107,2100,0,1612,1630,0,1315,1289,0,1617,1610,0
OPEN,2068,2076,7,2100,2100,0,1592,1613,0,1303,1295,0,1595,1603,0
OPEN,2066,2072,9,2046,2076,0,1948,1764,0,1211,1257,15,1565,1586,0
OPEN,2053,2063,13,2083,2079,0,1615,1697,0,1240,1250,42,1589,1587,0
OPEN,2052,2058,15,2099,2088,0,1607,1656,0,1248,1249,46,1596,1591,0
OPEN,2088,2072,9,2070,2080,0,1664,1660,0,1258,1253,30,1640,1613,0
OPEN,2067,2070,10,2094,2086,0,1644,1653,0,1251,1252,34,1615,1614,0
OPEN,2089,2078,6,2116,2100,0,1579,1620,0,1316,1281,0,1607,1611,0
OPEN,2039,2061,13,2088,2094,0,1617,1618,0,1312,1295,0,1602,1607,0
OPEN,2032,2048,19,2060,2079,0,1640,1628,0,1238,1269,0,1616,1611,0
OPEN,1978,2016,33,2060,2070,1,1639,1633,0,1246,1259,7,1584,1599,0
OPEN,2052,2032,26,2094,2081,0,1605,1620,0,1245,1253,30,1586,1593,0
OPEN,2037,2034,25,2099,2089,0,1605,1613,0,1224,1240,80,1614,1602,0
OPEN,2063,2047,20,2108,2098,0,1648,1629,0,1317,1274,0,1638,1618,0
OPEN,2059,2053,17,2091,2095,0,1610,1620,0,1319,1295,0,1631,1624,0
OPEN,2012,2034,25,2087,2091,0,1618,1619,0,1257,1278,0,1602,1614,0
OPEN,2067,2049,19,2078,2085,0,1624,1621,0,1214,1249,46,1594,1605,0
OPEN,2065,2056,16,2080,2083,0,1600,1612,0,1273,1260,3,1608,1606,0
OPEN,2100,2076,7,2079,2081,0,1634,1622,0,1252,1256,19,1622,1613,0
OPEN,2081,2078,6,2075,2078,0,1660,1639,0,1239,1249,46,1596,1606,0
OPEN,2102,2089,1,2103,2089,0,1633,1636,0,1313,1278,0,1636,1619,0
OPEN,2089,2089,1,2095,2092,0,1597,1619,0,1317,1295,0,1635,1626,0
OPEN,2057,2075,7,2071,2083,0,1622,1620,0,1234,1268,0,1614,1621,0
OPEN,2051,2064,12,2103,2092,0,1658,1637,0,1245,1257,15,1589,1606,0
OPEN,2077,2070,10,2088,2090,0,1619,1629,0,1268,1262,0,1601,1604,0
OPEN,2064,2067,11,2078,2085,0,1640,1634,0,1245,1254,26,1608,1606,0
OPEN,2104,2084,3,2088,2086,0,1647,1640,0,1298,1274,0,1618,1611,0
OPEN,2081,2083,4,2108,2096,0,1661,1649,0,1343,1305,0,1636,1622,0
OPEN,2076,2080,5,2112,2103,0,1642,1646,0,1296,1301,0,1643,1632,0
OPEN,2067,2074,8,2079,2092,0,1614,1632,0,1280,1292,0,1567,1603,0
OPEN,2080,2077,6,2081,2087,0,1647,1639,0,1212,1256,19,1604,1603,0
OPEN,2067,2072,9,2088,2088,0,1630,1635,0,1228,1243,69,1588,1596,0
OPEN,2087,2079,6,2111,2098,0,1620,1628,0,1255,1249,46,1604,1600,0
OPEN,1973,2031,26,2095,2097,0,1639,1633,0,1251,1250,42,1582,1592,0
OPEN,2080,2053,17,2137,2115,0,1647,1639,0,1319,1281,0,1606,1598,0
OPEN,2091,2070,10,2095,2106,0,1630,1635,0,1304,1291,0,1620,1608,0
OPEN,2049,2061,13,2078,2093,0,1616,1627,0,1231,1264,0,1586,1598,0
OPEN,2062,2061,13,2078,2086,0,1619,1623,0,1213,1241,76,1602,1600,0
OPEN,2024,2044,21,2083,2085,0,1627,1625,0,1236,1239,84,1614,1606,0
OPEN,2052,2048,19,2087,2086,0,1638,1631,0,1277,1256,19,1594,1601,0
OPEN,2010,2031,26,2085,2085,0,1647,1638,0,1234,1246,57,1597,1599,0
OPEN,2044,2037,24,2109,2096,0,1625,1632,0,1303,1272,0,1623,1610,0
OPEN,2016,2027,28,2100,2098,0,1646,1638,0,1288,1279,0,1614,1612,0
OPEN,2021,2025,29,2090,2094,0,1639,1639,0,1236,1260,3,1592,1603,0
OPEN,2052,2037,24,2091,2093,0,1640,1639,0,1234,1248,50,1601,1602,0
OPEN,2024,2031,26,2093,2093,0,1586,1615,0,1260,1253,30,1607,1604,0
OPEN,2054,2041,22,2088,2091,0,1627,1621,0,1271,1261,0,1593,1599,0
OPEN,2104,2070,10,2096,2093,0,1615,1618,0,1329,1292,0,1595,1597,0
OPEN,2075,2072,9,2115,2103,0,1628,1623,0,1313,1301,0,1623,1609,0
OPEN,2072,2072,9,2086,2095,0,1659,1639,0,1275,1289,0,1607,1608,0
OPEN,2024,2050,18,2081,2089,0,1625,1633,0,1245,1269,0,1601,1605,0
OPEN,1971,2015,33,2096,2092,0,1634,1633,0,1213,1244,65,1622,1613,0
OPEN,2013,2014,34,2074,2084,0,1623,1629,0,1253,1248,50,1591,1603,0
OPEN,2017,2015,33,2093,2088,0,1643,1635,0,1249,1248,50,1607,1605,0
OPEN,2032,2023,30,2129,2106,0,1607,1622,0,1321,1281,0,1615,1609,0
OPEN,2052,2036,24,2096,2102,0,1629,1625,0,1334,1305,0,1608,1609,0
OPEN,2050,2042,22,2091,2097,0,1623,1624,0,1264,1287,0,1614,1611,0
OPEN,2038,2040,23,2083,2091,0,1649,1635,0,1241,1266,0,1608,1610,0
OPEN,2039,2040,23,2082,2087,0,1638,1637,0,1243,1256,19,1603,1607,0
OPEN,2039,2039,23,2095,2090,0,1633,1635,0,1255,1255,23,1610,1608,0
OPEN,2049,2044,21,2099,2094,0,1631,1633,0,1260,1257,15,1605,1607,0
OPEN,2048,2046,20,2104,2099,0,1655,1643,0,1295,1274,0,1622,1614,0
OPEN,2047,2046,20,2102,2100,0,1630,1637,0,1315,1293,0,1615,1614,0
OPEN,2024,2036,24,2083,2092,0,1625,1632,0,1227,1263,0,1590,1603,0
OPEN,2067,2050,18,2103,2097,0,1648,1639,0,1275,1268,0,1602,1603,0
OPEN,2070,2059,14,2046,2074,0,1607,1625,0,1269,1269,0,1600,1602,0
OPEN,2072,2065,12,2093,2083,0,1619,1622,0,1271,1270,0,1596,1599,0
OPEN,2064,2064,12,2101,2091,0,1611,1617,0,1245,1259,7,1626,1611,0
OPEN,2072,2068,10,2108,2099,0,1628,1622,0,1321,1287,0,1601,1607,0
OPEN,2062,2065,12,2093,2096,0,1664,1641,0,1318,1301,0,1613,1609,0
OPEN,2030,2049,19,2075,2087,0,1627,1635,0,1225,1267,0,1602,1606,0
OPEN,2038,2044,21,2118,2101,0,1621,1629,0,1224,1247,53,1603,1605,0
OPEN,2046,2045,20,2074,2089,0,1606,1618,0,1249,1248,50,1601,1603,0
OPEN,2049,2047,20,2058,2075,0,1634,1625,0,1267,1257,15,1592,1598,0
OPEN,2072,2058,15,2101,2087,0,1649,1636,0,1282,1268,0,1626,1611,0
OPEN,2085,2070,10,2079,2083,0,1681,1656,0,1320,1291,0,1622,1616,0
OPEN,2058,2065,12,2083,2083,0,1612,1636,0,1308,1299,0,1600,1609,0
OPEN,2053,2059,14,2090,2086,0,1627,1632,0,1249,1276,0,1585,1598,0
OPEN,2049,2055,16,2090,2088,0,1599,1617,0,1211,1247,53,1587,1593,0
OPEN,2056,2055,16,2084,2086,0,1622,1619,0,1248,1247,53,1597,1595,0
OPEN,2062,2058,15,2084,2085,0,1628,1623,0,1263,1254,26,1607,1600,0
OPEN,2099,2077,6,2109,2096,0,1634,1628,0,1322,1285,0,1610,1605,0
OPEN,2078,2081,5,2100,2101,0,1653,1643,0,1297,1306,0,1595,1606,0
OPEN,2064,2073,8,2070,2087,0,1628,1636,0,1277,1293,0,1608,1607,0
OPEN,2070,2072,9,2073,2081,0,1614,1626,0,1221,1261,0,1589,1599,0
OPEN,2072,2072,9,2082,2081,0,1605,1617,0,1223,1244,65,1597,1598,0
OPEN,2059,2066,11,2084,2082,0,1653,1633,0,1260,1251,38,1617,1607,0
OPEN,2092,2078,6,2096,2089,0,1642,1637,0,1343,1292,0,1620,1613,0
OPEN,2072,2075,7,2096,2092,0,1652,1644,0,1310,1300,0,1627,1619,0
OPEN,2067,2071,9,2086,2089,0,1638,1641,0,1293,1297,0,1599,1610,0
OPEN,2058,2065,12,2079,2085,0,1649,1645,0,1268,1284,0,1599,1605,0
OPEN,2085,2074,8,2074,2080,0,1672,1657,0,1227,1258,11,1599,1602,0
OPEN,2074,2074,8,2071,2076,0,1653,1655,0,1225,1243,69,1598,1600,0
OPEN,2066,2070,10,2087,2081,0,1652,1654,0,1258,1250,42,1611,1605,0
OPEN,2064,2068,10,2104,2091,0,1281,1486,54,1277,1262,0,1611,1608,0
OPEN,2102,2083,4,2113,2101,0,1585,1531,33,1359,1306,0,1608,1608,0
OPEN,2088,2085,3,2097,2099,0,1267,1412,90,1291,1299,0,1623,1615,0
OPEN,2055,2072,9,2088,2094,0,1315,1368,100,1247,1276,0,1600,1608,0
OPEN,2080,2075,7,2085,2090,0,1327,1350,100,1260,1269,0,1609,1608,0
OPEN,2057,2067,11,2090,2090,0,1348,1349,100,1256,1263,0,1607,1608,0
OPEN,2081,2073,8,2076,2084,0,1295,1325,100,1279,1270,0,1601,1605,0
OPEN,2081,2077,6,2110,2096,0,1228,1281,100,1324,1294,0,1619,1611,0
OPEN,2068,2073,8,2094,2095,0,1261,1272,100,1300,1297,0,1601,1607,0
OPEN,2093,2082,4,2095,2095,0,1485,1368,100,1290,1294,0,1619,1612,0
OPEN,2101,2091,0,2087,2091,0,1418,1390,100,1247,1273,0,1617,1614,0
OPEN,2069,2081,5,2091,2091,0,1456,1420,86,1196,1238,88,1626,1620,0
OPEN,2096,2088,2,2069,2081,0,1430,1424,84,1234,1236,96,1599,1610,0
OPEN,2067,2078,6,2101,2090,0,1480,1449,72,1184,1213,100,1624,1616,0
OPEN,2079,2079,6,2105,2097,0,1140,1310,100,1299,1252,34,1599,1609,0
OPEN,2098,2087,2,2114,2105,0,1720,1495,50,1286,1267,0,1623,1615,0
OPEN,2068,2079,6,2117,2110,0,1691,1583,8,1302,1283,0,1609,1612,0
OPEN,2079,2079,6,2076,2095,0,1719,1644,0,1235,1261,0,1591,1603,0
OPEN,2081,2080,5,2081,2089,0,1713,1675,0,1182,1226,100,1618,1610,0
OPEN,2088,2083,4,2108,2097,0,1690,1682,0,1232,1228,100,1569,1591,0
OPEN,2076,2080,5,2097,2097,0,1681,1681,0,1223,1226,100,1616,1602,0
OPEN,2066,2074,8,2097,2097,0,1644,1665,0,1286,1253,30,1577,1591,0
OPEN,2093,2082,4,2105,2101,0,1687,1675,0,1341,1293,0,1630,1609,0
OPEN,2077,2080,5,2098,2099,0,1705,1688,0,1296,1294,0,1613,1611,0
OPEN,2050,2066,11,2080,2091,0,1675,1682,0,1247,1273,0,1584,1599,0
OPEN,2062,2064,12,2079,2085,0,1712,1696,0,1186,1234,100,1613,1605,0
OPEN,2070,2067,11,2073,2080,0,1675,1686,0,1286,1257,15,1597,1601,0
OPEN,2072,2069,10,2086,2083,0,1681,1684,0,1239,1249,46,1582,1593,0
OPEN,2080,2074,8,2104,2092,0,1738,1708,0,1258,1253,30,1584,1589,0
OPEN,2055,2065,12,2124,2107,0,1697,1703,0,1296,1272,0,1624,1605,0
OPEN,2094,2078,6,2096,2102,0,1689,1697,0,1320,1294,0,1612,1608,0
OPEN,2043,2062,13,2108,2105,0,1720,1707,0,1253,1275,0,1617,1612,0
OPEN,2062,2062,13,2088,2097,0,1720,1713,0,1255,1266,0,1595,1604,0
OPEN,2056,2059,14,2069,2084,0,1713,1713,0,1245,1257,15,1591,1598,0
OPEN,2057,2058,15,2111,2096,0,1672,1695,0,1235,1247,53,1606,1602,0
OPEN,2097,2076,7,2099,2098,0,1693,1694,0,1253,1250,42,1612,1606,0
OPEN,2069,2073,8,2115,2105,0,1693,1693,0,1323,1283,0,1614,1610,0
OPEN,2084,2078,6,2111,2108,0,1677,1686,0,1319,1299,0,1628,1618,0
OPEN,2043,2062,13,2101,2105,0,1691,1688,0,1249,1277,0,1587,1604,0
OPEN,2070,2066,11,2059,2084,0,1740,1712,0,1248,1264,0,1584,1595,0
OPEN,2086,2075,7,2100,2091,0,1685,1700,0,1271,1267,0,1596,1595,0
OPEN,2042,2060,14,2083,2088,0,1714,1706,0,1242,1256,19,1610,1602,0
OPEN,2047,2054,16,2100,2093,0,1697,1702,0,1277,1265,0,1608,1605,0
OPEN,2059,2056,16,2132,2111,0,1713,1707,0,1336,1297,0,1626,1614,0
OPEN,2090,2071,9,2091,2102,0,1707,1707,0,1332,1313,0,1608,1611,0
OPEN,2052,2063,13,2100,2101,0,1695,1702,0,1264,1291,0,1614,1613,0
OPEN,2059,2061,13,2094,2098,0,1676,1690,0,1218,1258,11,1596,1605,0
OPEN,2024,2044,21,2098,2098,0,1682,1686,0,1217,1240,80,1622,1613,0
OPEN,2053,2048,19,2089,2094,0,1684,1685,0,1254,1246,57,1600,1607,0
OPEN,2052,2050,18,2103,2098,0,1664,1676,0,1285,1264,0,1607,1607,0
OPEN,2042,2046,20,2074,2087,0,1785,1725,0,1275,1269,0,1619,1612,0
OPEN,2071,2057,15,2096,2091,0,1682,1706,0,1318,1291,0,1648,1628,0
OPEN,2058,2058,15,2093,2092,0,1685,1696,0,1306,1298,0,1629,1629,0
OPEN,2028,2044,21,2106,2098,0,1664,1682,0,1238,1271,0,1584,1609,0
OPEN,2060,2051,18,2095,2097,0,1671,1677,0,1253,1263,0,1601,1605,0
OPEN,2056,2053,17,2096,2096,0,1689,1682,0,1234,1250,42,1606,1606,0
OPEN,2039,2047,20,2090,2094,0,1690,1686,0,1272,1260,3,1583,1595,0
OPEN,2050,2048,19,2125,2108,0,1689,1687,0,1299,1277,0,1630,1611,0
OPEN,2044,2046,20,2128,2117,0,1700,1693,0,1354,1312,0,1626,1618,0
OPEN,2036,2042,22,2093,2106,0,1720,1705,0,1296,1305,0,1604,1612,0
OPEN,2044,2043,21,2082,2095,0,1695,1701,0,1260,1285,0,1601,1607,0
OPEN,2042,2042,22,2086,2091,0,1708,1704,0,1215,1253,30,1607,1607,0
OPEN,2052,2047,20,2088,2090,0,1709,1706,0,1251,1252,34,1601,1604,0
OPEN,2035,2041,22,2098,2093,0,1703,1705,0,1246,1249,46,1591,1598,0
OPEN,2035,2039,23,2079,2087,0,1683,1695,0,1241,1246,57,1607,1602,0
OPEN,2056,2046,20,2105,2095,0,1715,1704,0,1288,1265,0,1621,1611,0
OPEN,2046,2046,20,2118,2105,0,1687,1696,0,1320,1290,0,1604,1608,0
OPEN,2038,2043,21,2111,2108,0,1717,1706,0,1259,1276,0,1625,1615,0
OPEN,2035,2039,23,2064,2088,0,1719,1712,0,1246,1262,0,1591,1604,0
OPEN,2066,2051,18,2116,2101,0,1685,1700,0,1237,1251,38,1590,1598,0
OPEN,2079,2064,12,2091,2096,0,1701,1700,0,1272,1260,3,1593,1596,0
OPEN,2066,2065,12,2097,2097,0,1711,1705,0,1218,1241,76,1609,1602,0
OPEN,2109,2085,3,2139,2116,0,1687,1697,0,1300,1268,0,1639,1618,0
OPEN,2070,2078,6,2123,2119,0,1673,1686,0,1345,1303,0,1623,1621,0
OPEN,2080,2079,6,2103,2112,0,1652,1671,0,1314,1308,0,1595,1609,0
OPEN,2073,2076,7,2105,2109,0,1680,1675,0,1233,1274,0,1599,1605,0
OPEN,2090,2082,4,2130,2118,0,1650,1664,0,1249,1263,0,1613,1608,0
OPEN,2071,2077,6,2095,2108,0,1694,1677,0,1271,1266,0,1592,1601,0
OPEN,2100,2088,2,2108,2108,0,1688,1682,0,1259,1263,0,1608,1604,0
OPEN,2057,2074,8,2118,2112,0,1726,1702,0,1295,1277,0,1618,1610,0
OPEN,2087,2080,5,2114,2113,0,1667,1686,0,1322,1298,0,1615,1612,0
OPEN,2048,2065,12,2115,2114,0,1671,1679,0,1310,1303,0,1584,1600,0
OPEN,2058,2062,13,2093,2105,0,1764,1717,0,1245,1277,0,1569,1586,0
OPEN,2020,2043,21,2104,2104,0,1708,1713,0,1273,1275,0,1576,1581,0
OPEN,2058,2050,18,2119,2111,0,1692,1704,0,1261,1269,0,1598,1589,0
OPEN,2078,2063,13,2107,2109,0,1704,1704,0,1210,1242,73,1624,1605,0
OPEN,2080,2070,10,2107,2108,0,1724,1713,0,1283,1261,0,1612,1608,0
OPEN,2063,2067,11,2110,2109,0,1699,1707,0,1304,1280,0,1633,1619,0
OPEN,2082,2074,8,2082,2097,0,1699,1703,0,1236,1260,3,1631,1625,0
OPEN,2034,2056,16,2116,2105,0,1672,1689,0,1231,1247,53,1596,1612,0
OPEN,2088,2070,10,2095,2101,0,1704,1696,0,1244,1246,57,1588,1601,0
OPEN,2065,2068,10,2122,2110,0,1692,1694,0,1260,1252,34,1595,1598,0
OPEN,2077,2072,9,2111,2111,0,1375,1551,23,1276,1263,0,1617,1607,0
OPEN,2072,2072,9,2115,2113,0,1715,1625,0,1332,1294,0,1608,1607,0
OPEN,2076,2074,8,2102,2108,0,1712,1664,0,1263,1280,0,1606,1607,0
OPEN,2061,2068,10,2092,2101,0,1712,1686,0,1262,1272,0,1614,1610,0
OPEN,2079,2073,8,2068,2086,0,1695,1690,0,1279,1275,0,1593,1602,0
OPEN,2069,2071,9,2099,2092,0,1692,1691,0,1228,1254,26,1608,1605,0
OPEN,2072,2072,9,2114,2102,0,1696,1693,0,1237,1246,57,1599,1602,0
OPEN,2054,2064,12,2134,2116,0,1691,1692,0,1311,1275,0,1613,1607,0
OPEN,2071,2067,11,2123,2119,0,1696,1694,0,1313,1292,0,1591,1600,0
OPEN,1992,2033,26,2119,2119,0,1678,1687,0,1264,1280,0,1595,1598,0
OPEN,1982,2010,36,2088,2105,0,1695,1690,0,1255,1269,0,1591,1595,0
OPEN,1972,1993,43,2103,2104,0,1702,1696,0,1252,1261,0,1596,1595,0
OPEN,1977,1986,46,2125,2114,0,1688,1692,0,1222,1243,69,1596,1596,0
OPEN,2045,2012,35,2126,2119,0,1682,1688,0,1287,1263,0,1583,1590,0
OPEN,2080,2043,21,2108,2114,0,1719,1702,0,1319,1288,0,1627,1607,0
OPEN,2058,2050,18,2092,2104,0,1694,1698,0,1312,1299,0,1599,1603,0
OPEN,2040,2045,20,2095,2100,0,1694,1696,0,1252,1278,0,1587,1596,0
OPEN,2068,2056,16,2096,2098,0,1687,1692,0,1244,1263,0,1592,1594,0
OPEN,2052,2054,16,2096,2097,0,1699,1695,0,1235,1250,42,1605,1599,0
OPEN,2036,2046,20,2121,2108,0,1698,1696,0,1245,1248,50,1618,1608,0
OPEN,2052,2049,19,2100,2104,0,1671,1685,0,1256,1252,34,1604,1606,0
OPEN,2097,2070,10,2090,2098,0,1726,1703,0,1360,1300,0,1591,1599,0
OPEN,2044,2059,14,2117,2106,0,1697,1701,0,1285,1293,0,1612,1605,0
OPEN,1979,2023,30,2106,2106,0,1667,1685,0,1243,1271,0,1574,1591,0
OPEN,2039,2030,27,2092,2100,0,1679,1683,0,1260,1266,0,1599,1595,0
OPEN,2055,2041,22,2094,2097,0,1674,1679,0,1257,1262,0,1579,1588,0
OPEN,2021,2032,26,2108,2102,0,1691,1684,0,1237,1251,38,1609,1597,0
OPEN,2039,2035,25,2141,2120,0,1680,1682,0,1313,1279,0,1621,1608,0
OPEN,2041,2038,23,2104,2113,0,1724,1701,0,1291,1284,0,1603,1606,0
OPEN,1964,2005,38,2111,2112,0,1699,1700,0,1282,1283,0,1590,1599,0
OPEN,1984,1995,42,2088,2101,0,1709,1704,0,1226,1257,15,1610,1604,0
OPEN,1994,1995,42,2089,2096,0,1681,1694,0,1279,1267,0,1589,1597,0
OPEN,1974,1985,46,2102,2099,0,1709,1701,0,1224,1248,50,1616,1606,0
OPEN,2002,1993,43,2104,2101,0,1695,1698,0,1262,1254,26,1592,1599,0
OPEN,1982,1988,45,2142,2119,0,1682,1691,0,1310,1279,0,1622,1610,0
OPEN,1990,1989,45,2118,2119,0,1688,1690,0,1308,1292,0,1623,1616,0
OPEN,1983,1986,46,2102,2111,0,1693,1691,0,1231,1265,0,1589,1604,0
OPEN,1983,1985,46,2110,2111,0,1680,1686,0,1223,1246,57,1602,1603,0
OPEN,1996,1990,44,2091,2102,0,1689,1687,0,1251,1248,50,1596,1600,0
OPEN,2064,2023,30,2100,2101,0,1691,1689,0,1219,1235,100,1620,1609,0
OPEN,2047,2034,25,2085,2094,0,1679,1685,0,1263,1248,50,1613,1611,0
OPEN,2029,2032,26,2109,2101,0,1703,1693,0,1306,1274,0,1596,1604,0
OPEN,1993,2014,34,2114,2107,0,1685,1689,0,1274,1274,0,1624,1613,0
OPEN,1985,2001,40,2101,2104,0,1657,1675,0,1247,1262,0,1575,1596,0
OPEN,1986,1994,43,2079,2093,0,1725,1697,0,1224,1245,61,1596,1596,0
OPEN,2047,2018,32,2120,2105,0,1690,1694,0,1227,1237,92,1599,1597,0
OPEN,2059,2036,24,2077,2092,0,1705,1699,0,1225,1231,100,1609,1603,0
OPEN,2060,2047,20,2118,2104,0,1733,1714,0,1293,1259,7,1618,1610,0
OPEN,2081,2062,13,2113,2108,0,1701,1708,0,1325,1289,0,1615,1612,0
OPEN,2071,2066,11,2112,2110,0,1697,1703,0,1321,1303,0,1604,1608,0
OPEN,2045,2057,15,2098,2104,0,1688,1696,0,1232,1271,0,1584,1597,0
OPEN,2068,2062,13,2084,2095,0,1720,1707,0,1258,1265,0,1601,1599,0
OPEN,2055,2059,14,2109,2101,0,1688,1698,0,1252,1259,7,1585,1593,0
OPEN,2081,2069,10,2079,2091,0,1727,1711,0,1238,1250,42,1595,1594,0
OPEN,2081,2074,8,2108,2099,0,1695,1704,0,1323,1283,0,1621,1606,0
OPEN,2075,2075,7,2096,2098,0,1696,1700,0,1352,1314,0,1601,1604,0
OPEN,2040,2059,14,2130,2112,0,1687,1694,0,1248,1284,0,1619,1611,0
OPEN,2055,2057,15,2107,2110,0,1686,1691,0,1195,1244,65,1582,1598,0
OPEN,2066,2061,13,2096,2104,0,1672,1682,0,1284,1262,0,1585,1592,0
OPEN,2059,2060,14,2104,2104,0,1713,1696,0,1248,1256,19,1588,1590,0
OPEN,2049,2055,16,2126,2114,0,1700,1698,0,1251,1254,26,1590,1590,0
OPEN,2055,2055,16,2118,2116,0,1752,1722,0,1308,1278,0,1621,1604,0
OPEN,2072,2063,13,2115,2115,0,1697,1711,0,1301,1288,0,1625,1613,0
OPEN,2064,2063,13,2071,2095,0,1706,1709,0,1244,1268,0,1587,1602,0
OPEN,2022,2045,20,2103,2099,0,1734,1720,0,1222,1248,50,1585,1594,0
OPEN,2026,2036,24,2102,2100,0,1701,1711,0,1211,1231,100,1615,1604,0
OPEN,2060,2047,20,2096,2098,0,1694,1704,0,1232,1232,100,1583,1594,0
OPEN,2087,2065,12,2112,2104,0,1685,1695,0,1259,1244,65,1595,1595,0
OPEN,2068,2066,11,2136,2119,0,1711,1702,0,1293,1266,0,1622,1607,0
OPEN,2049,2059,14,2106,2113,0,1699,1701,0,1323,1292,0,1617,1611,0
OPEN,2039,2050,18,2100,2107,0,1709,1705,0,1277,1285,0,1604,1608,0
OPEN,2063,2056,16,2101,2104,0,1421,1577,11,1195,1245,61,1577,1594,0
OPEN,2028,2043,21,2087,2097,0,1735,1648,0,1196,1223,100,1600,1597,0
OPEN,2062,2052,17,2102,2099,0,1715,1678,0,1231,1226,100,1593,1595,0
OPEN,2074,2062,13,2083,2092,0,1714,1694,0,1280,1251,38,1582,1589,0
OPEN,2065,2063,13,2117,2103,0,1698,1696,0,1337,1289,0,1643,1613,0
OPEN,2076,2069,10,2121,2111,0,1682,1690,0,1289,1289,0,1608,1611,0
OPEN,2058,2064,12,2088,2101,0,1713,1700,0,1187,1243,69,1599,1606,0
OPEN,2047,2056,16,2111,2105,0,1683,1692,0,1216,1231,100,1589,1598,0
OPEN,2070,2063,13,2112,2108,0,1699,1695,0,1234,1232,100,1597,1598,0
OPEN,2074,2068,10,2104,2106,0,1696,1696,0,1264,1247,53,1589,1594,0
OPEN,2056,2062,13,2107,2107,0,1677,1687,0,1252,1249,46,1598,1596,0
OPEN,2079,2070,10,2110,2108,0,1696,1691,0,1356,1297,0,1608,1601,0
OPEN,2044,2058,15,2115,2111,0,1725,1706,0,1308,1302,0,1611,1606,0
OPEN,2055,2057,15,2114,2112,0,1698,1703,0,1273,1289,0,1606,1606,0
OPEN,2055,2056,16,2103,2108,0,1675,1690,0,1199,1248,50,1614,1609,0
OPEN,2079,2066,11,2096,2103,0,1671,1682,0,1278,1262,0,1585,1598,0
OPEN,2064,2065,12,2111,2106,0,1688,1684,0,1258,1260,3,1599,1599,0
OPEN,2046,2057,15,2122,2113,0,1685,1685,0,1246,1254,26,1615,1606,0
OPEN,2097,2075,7,2120,2116,0,1713,1697,0,1338,1292,0,1618,1611,0
OPEN,2060,2068,10,2131,2123,0,1678,1689,0,1312,1301,0,1617,1614,0
OPEN,2084,2075,7,2084,2105,0,1685,1687,0,1260,1282,0,1575,1596,0
OPEN,2061,2069,10,2104,2105,0,1715,1700,0,1203,1247,53,1613,1604,0
OPEN,2070,2069,10,2100,2103,0,1700,1700,0,1244,1245,61,1573,1590,0
OPEN,2098,2082,4,2092,2098,0,1704,1702,0,1202,1226,100,1612,1600,0
OPEN,2051,2068,10,2113,2105,0,1685,1694,0,1263,1243,69,1591,1596,0
OPEN,2103,2092,0,2169,2155,0,1402,1424,84,1342,1339,0,1608,1605,0
OPEN,2072,2083,4,2135,2146,0,1659,1530,33,1326,1333,0,1607,1606,0
OPEN,2074,2079,6,2128,2138,0,1627,1574,12,1246,1294,0,1573,1591,0
OPEN,2058,2070,10,2127,2133,0,1656,1611,0,1163,1235,100,1598,1594,0
OPEN,2085,2077,6,2121,2128,0,1657,1632,0,1225,1230,100,1585,1590,0
OPEN,2080,2078,6,2144,2135,0,1644,1637,0,1221,1226,100,1610,1599,0
OPEN,2097,2087,2,2143,2139,0,1627,1633,0,1251,1237,92,1595,1597,0
OPEN,2083,2085,3,2151,2144,0,1609,1622,0,1362,1293,0,1611,1603,0
OPEN,2057,2072,9,2133,2139,0,1631,1626,0,1276,1286,0,1594,1599,0
OPEN,2039,2057,15,2117,2129,0,1674,1648,0,1230,1261,0,1584,1592,0
OPEN,2045,2052,17,2142,2135,0,1661,1654,0,1175,1222,100,1596,1594,0
OPEN,2050,2051,18,2107,2122,0,1686,1668,0,1190,1208,100,1608,1600,0
OPEN,2066,2058,15,2142,2131,0,1672,1670,0,1200,1204,100,1587,1594,0
OPEN,2054,2056,16,2122,2127,0,1620,1647,0,1241,1221,100,1584,1590,0
OPEN,2081,2067,11,2147,2136,0,1679,1662,0,1307,1260,3,1600,1594,0
OPEN,2075,2071,9,2125,2131,0,1636,1650,0,1314,1284,0,1584,1590,0
OPEN,2054,2063,13,2116,2124,0,1657,1653,0,1220,1255,23,1577,1584,0
OPEN,2088,2074,8,2121,2123,0,1642,1648,0,1212,1236,96,1582,1583,0
OPEN,2047,2062,13,2149,2135,0,1641,1645,0,1210,1224,100,1603,1592,0
OPEN,2061,2062,13,2120,2128,0,1654,1649,0,1225,1225,100,1616,1603,0
OPEN,2072,2066,11,2126,2127,0,1684,1665,0,1251,1236,96,1609,1606,0
OPEN,2079,2072,9,2115,2122,0,1696,1679,0,1322,1275,0,1593,1600,0
OPEN,2072,2072,9,2144,2132,0,1634,1659,0,1324,1297,0,1604,1602,0
OPEN,2056,2065,12,2152,2141,0,1603,1634,0,1297,1297,0,1574,1589,0
OPEN,2048,2057,15,2114,2129,0,1639,1636,0,1202,1254,26,1603,1595,0
OPEN,2024,2042,22,2114,2122,0,1681,1656,0,1188,1224,100,1601,1598,0
OPEN,2052,2047,20,2127,2124,0,1683,1668,0,1239,1231,100,1605,1601,0
OPEN,2054,2050,18,2157,2139,0,1651,1661,0,1245,1237,92,1608,1604,0
OPEN,2068,2058,15,2157,2147,0,1635,1649,0,1313,1271,0,1609,1606,0
OPEN,2073,2065,12,2148,2148,0,1647,1648,0,1317,1292,0,1604,1605,0
OPEN,2071,2068,10,2132,2141,0,1648,1648,0,1218,1259,7,1600,1603,0
OPEN,2062,2065,12,2108,2126,0,1644,1646,0,1193,1229,100,1601,1602,0
OPEN,2055,2061,13,2156,2139,0,1680,1661,0,1208,1220,100,1596,1599,0
OPEN,2056,2058,15,2131,2136,0,1636,1650,0,1231,1225,100,1620,1609,0
OPEN,2054,2056,16,2143,2139,0,1672,1660,0,1255,1238,88,1574,1593,0
OPEN,2083,2068,10,2130,2135,0,1666,1663,0,1336,1282,0,1613,1602,0
OPEN,2080,2074,8,2150,2142,0,1677,1669,0,1308,1294,0,1616,1608,0
OPEN,2062,2068,10,2140,2141,0,1640,1656,0,1219,1260,3,1609,1609,0
OPEN,2067,2068,10,2134,2138,0,1635,1647,0,1223,1243,69,1583,1597,0
OPEN,2055,2062,13,2111,2126,0,1645,1646,0,1231,1238,88,1562,1581,0
OPEN,2094,2076,7,2149,2136,0,1659,1652,0,1212,1226,100,1588,1584,0
OPEN,2091,2083,4,2145,2140,0,1667,1659,0,1248,1236,96,1618,1599,0
OPEN,2071,2078,6,2129,2135,0,1675,1666,0,1333,1280,0,1650,1622,0
OPEN,2061,2070,10,2118,2127,0,1661,1664,0,1279,1279,0,1602,1613,0
OPEN,2041,2057,15,2112,2120,0,1647,1656,0,1209,1248,50,1561,1590,0
OPEN,2045,2052,17,2124,2122,0,1664,1660,0,1192,1223,100,1644,1614,0
OPEN,2092,2070,10,2104,2114,0,1647,1654,0,1222,1222,100,1600,1608,0
OPEN,2061,2066,11,2128,2120,0,1643,1649,0,1192,1209,100,1575,1593,0
OPEN,2069,2067,11,2140,2129,0,1699,1672,0,1299,1249,46,1605,1598,0
OPEN,2064,2066,11,2144,2136,0,1669,1670,0,1324,1283,0,1595,1597,0
OPEN,2053,2060,14,2150,2142,0,1680,1675,0,1284,1283,0,1574,1587,0
OPEN,2191,2119,0,2130,2137,0,1660,1668,0,1192,1242,73,1585,1586,0
OPEN,2065,2095,0,2119,2129,0,1607,1641,0,1221,1233,100,1615,1599,0
OPEN,2082,2089,1,2114,2122,0,1658,1648,0,1225,1229,100,1565,1584,0
OPEN,2006,2052,17,2136,2128,0,1679,1662,0,1255,1241,76,1605,1593,0
OPEN,2077,2063,13,2153,2139,0,1632,1649,0,1366,1297,0,1582,1588,0
OPEN,2081,2071,9,2147,2143,0,1647,1648,0,1296,1297,0,1582,1585,0
OPEN,2074,2072,9,2118,2132,0,1637,1643,0,1193,1250,42,1606,1595,0
OPEN,2054,2064,12,2145,2138,0,1665,1653,0,1217,1235,100,1611,1602,0
OPEN,2073,2068,10,2119,2129,0,1630,1643,0,1225,1231,100,1572,1589,0
OPEN,2074,2071,9,2116,2123,0,1710,1673,0,1223,1227,100,1589,1589,0
OPEN,2047,2060,14,2144,2133,0,1680,1676,0,1239,1232,100,1616,1601,0
OPEN,2054,2057,15,2172,2150,0,1640,1660,0,1305,1265,0,1628,1613,0
OPEN,2075,2065,12,2136,2144,0,1664,1662,0,1313,1287,0,1604,1609,0
OPEN,2074,2069,10,2135,2140,0,1670,1665,0,1209,1252,34,1566,1590,0
OPEN,2079,2074,8,2104,2124,0,1636,1652,0,1226,1240,80,1582,1586,0
OPEN,2075,2074,8,2158,2139,0,1635,1644,0,1203,1223,100,1590,1588,0
OPEN,2073,2074,8,2148,2143,0,1654,1649,0,1215,1220,100,1580,1584,0
OPEN,2055,2065,12,2151,2147,0,1637,1643,0,1231,1225,100,1585,1585,0
OPEN,2073,2069,10,2152,2149,0,1695,1667,0,1336,1275,0,1586,1585,0
OPEN,2084,2076,7,2117,2135,0,1636,1653,0,1322,1296,0,1585,1585,0
OPEN,2056,2067,11,2112,2124,0,1673,1662,0,1224,1264,0,1618,1600,0
OPEN,2087,2076,7,2121,2123,0,1663,1662,0,1202,1236,96,1577,1590,0
OPEN,2045,2062,13,2114,2119,0,1651,1657,0,1223,1230,100,1583,1587,0
OPEN,2090,2075,7,2150,2133,0,1664,1660,0,1251,1240,80,1586,1586,0
OPEN,2075,2075,7,2143,2137,0,1675,1667,0,1251,1245,61,1613,1598,0
OPEN,2086,2080,5,2136,2137,0,1658,1663,0,1344,1289,0,1608,1603,0
OPEN,2061,2071,9,2159,2147,0,1631,1649,0,1306,1297,0,1597,1600,0
OPEN,2070,2071,9,2112,2131,0,1655,1651,0,1203,1255,23,1596,1598,0
OPEN,2083,2076,7,2116,2124,0,1655,1653,0,1231,1244,65,1619,1608,0
OPEN,2062,2070,10,2117,2121,0,1640,1647,0,1240,1242,73,1591,1600,0
OPEN,2042,2057,15,2121,2121,0,1652,1649,0,1235,1239,84,1600,1600,0
OPEN,2094,2074,8,2120,2121,0,1677,1662,0,1311,1271,0,1613,1606,0
OPEN,2048,2062,13,2154,2136,0,1657,1660,0,1329,1297,0,1591,1599,0
OPEN,2063,2063,13,2127,2132,0,1610,1637,0,1255,1278,0,1616,1607,0
OPEN,2020,2043,21,2119,2126,0,1620,1630,0,1192,1239,84,1582,1596,0
OPEN,2072,2056,16,2121,2124,0,1640,1634,0,1168,1207,100,1603,1599,0
OPEN,2068,2062,13,2122,2123,0,1611,1624,0,1217,1212,100,1606,1602,0
OPEN,2087,2073,8,2089,2108,0,1632,1627,0,1216,1214,100,1598,1600,0
OPEN,2068,2071,9,2152,2128,0,1606,1618,0,1315,1259,7,1607,1603,0
OPEN,2054,2063,13,2131,2129,0,1593,1607,0,1311,1283,0,1634,1617,0
OPEN,2087,2074,8,2112,2121,0,1474,1547,25,1280,1281,0,1597,1608,0
OPEN,2024,2051,18,2107,2115,0,1463,1509,43,1200,1245,61,1579,1595,0
OPEN,2078,2063,13,2142,2127,0,1464,1489,53,1232,1239,84,1578,1587,0
OPEN,2046,2056,16,2135,2131,0,1447,1470,62,1215,1228,100,1584,1586,0
OPEN,2074,2064,12,2149,2139,0,1471,1470,62,1200,1216,100,1604,1594,0
OPEN,2056,2060,14,2124,2132,0,1453,1463,65,1243,1228,100,1611,1602,0
OPEN,2080,2069,10,2172,2150,0,1443,1454,70,1279,1251,38,1650,1623,0
OPEN,2063,2066,11,2117,2135,0,1439,1447,73,1291,1269,0,1592,1609,0
OPEN,2043,2056,16,2137,2136,0,1411,1431,81,1203,1239,84,1591,1601,0
OPEN,2065,2060,14,2116,2127,0,1412,1422,85,1202,1222,100,1576,1590,0
OPEN,2075,2067,11,2127,2127,0,1470,1444,75,1210,1217,100,1599,1594,0
OPEN,2081,2073,8,2118,2123,0,1440,1442,75,1224,1220,100,1600,1597,0
OPEN,2055,2065,12,2184,2150,0,1413,1429,82,1311,1261,0,1588,1593,0
OPEN,2086,2074,8,2135,2143,0,1410,1420,86,1305,1281,0,1591,1592,0
OPEN,2090,2081,5,2132,2138,0,1445,1431,81,1274,1278,0,1599,1595,0
OPEN,2072,2077,6,2148,2143,0,1428,1430,81,1204,1245,61,1581,1589,0
OPEN,2104,2089,1,2141,2142,0,1447,1438,77,1261,1252,34,1579,1584,0
OPEN,2061,2077,6,2124,2134,0,1410,1425,84,1225,1240,80,1607,1595,0
OPEN,2055,2067,11,2123,2129,0,1637,1521,37,1212,1227,100,1595,1595,0
OPEN,2088,2076,7,2151,2139,0,1676,1590,4,1336,1276,0,1613,1603,0
OPEN,2058,2068,10,2154,2146,0,1619,1603,0,1304,1289,0,1590,1597,0
OPEN,2053,2061,13,2140,2143,0,1706,1650,0,1203,1250,42,1592,1595,0
OPEN,2072,2066,11,2141,2142,0,1656,1652,0,1219,1236,96,1595,1595,0
OPEN,2055,2061,13,2113,2129,0,1694,1671,0,1205,1222,100,1597,1596,0
OPEN,2084,2071,9,2128,2129,0,1686,1678,0,1225,1223,100,1570,1584,0
OPEN,2065,2069,10,2124,2127,0,1599,1642,0,1243,1232,100,1598,1590,0
OPEN,2109,2087,2,2139,2132,0,1592,1620,0,1346,1283,0,1628,1607,0
OPEN,2061,2075,7,2152,2141,0,1587,1605,0,1296,1289,0,1585,1597,0
OPEN,2063,2070,10,2119,2131,0,1656,1628,0,1215,1256,19,1568,1584,0
OPEN,2082,2075,7,2132,2132,0,1489,1565,16,1212,1236,96,1590,1587,0
OPEN,2076,2076,7,2153,2141,0,1714,1632,0,1201,1220,100,1599,1592,0
OPEN,2081,2078,6,2152,2146,0,1696,1661,0,1255,1236,96,1608,1599,0
OPEN,2053,2067,11,2133,2140,0,1700,1679,0,1268,1250,42,1601,1600,0
OPEN,2054,2061,13,2159,2149,0,1646,1664,0,1326,1284,0,1633,1615,0
OPEN,2064,2062,13,2127,2139,0,1722,1690,0,1285,1285,0,1619,1617,0
OPEN,2050,2057,15,2130,2135,0,1698,1694,0,1143,1221,100,1580,1600,0
OPEN,2057,2057,15,2145,2139,0,1701,1697,0,1206,1214,100,1605,1602,0
OPEN,2090,2072,9,2144,2141,0,1720,1707,0,1249,1230,100,1591,1597,0
OPEN,2055,2064,12,2179,2158,0,1701,1704,0,1220,1225,100,1579,1589,0
OPEN,2071,2067,11,2135,2148,0,1699,1702,0,1336,1275,0,1607,1597,0
OPEN,2072,2069,10,2167,2156,0,1631,1670,0,1315,1293,0,1597,1597,0
OPEN,2088,2078,6,2120,2140,0,1633,1653,0,1261,1279,0,1611,1603,0
OPEN,2087,2082,4,2127,2134,0,1448,1561,18,1184,1236,96,1604,1604,0
OPEN,2068,2076,7,2170,2150,0,1395,1486,54,1202,1221,100,1611,1607,0
OPEN,2065,2071,9,2140,2146,0,1432,1462,66,1245,1232,100,1594,1601,0
OPEN,2062,2067,11,2141,2144,0,1571,1511,42,1263,1246,57,1592,1597,0
OPEN,2087,2076,7,2153,2148,0,1604,1553,22,1298,1269,0,1599,1598,0
OPEN,2079,2077,6,2159,2153,0,1625,1585,7,1306,1286,0,1600,1599,0
OPEN,2046,2063,13,2127,2141,0,1639,1609,0,1236,1263,0,1603,1601,0
OPEN,2094,2077,6,2160,2150,0,1657,1631,0,1180,1226,100,1601,1601,0
OPEN,2067,2073,8,2126,2139,0,1648,1639,0,1227,1226,100,1608,1604,0
OPEN,2059,2066,11,2127,2134,0,1656,1646,0,1214,1221,100,1592,1599,0
OPEN,2049,2059,14,2128,2131,0,1574,1614,0,1235,1227,100,1573,1587,0
OPEN,2081,2069,10,2155,2142,0,1568,1593,3,1318,1268,0,1613,1599,0
OPEN,2079,2073,8,2137,2140,0,1523,1562,18,1310,1287,0,1596,1598,0
OPEN,2063,2069,10,2123,2132,0,1501,1534,31,1220,1257,15,1570,1585,0
OPEN,2085,2076,7,2128,2130,0,1480,1510,43,1219,1240,80,1574,1580,0
OPEN,2059,2068,10,2143,2136,0,1500,1505,45,1206,1225,100,1595,1587,0
OPEN,2064,2066,11,2167,2150,0,1460,1485,55,1244,1233,100,1600,1593,0
OPEN,2046,2057,15,2122,2137,0,1492,1488,53,1281,1255,23,1614,1602,0
OPEN,2101,2077,6,2178,2156,0,1457,1474,60,1374,1308,0,1627,1613,0
OPEN,2076,2077,6,2132,2145,0,1458,1467,63,1281,1296,0,1607,1611,0
OPEN,2058,2068,10,2139,2142,0,1454,1461,66,1212,1258,11,1582,1598,0
OPEN,2095,2080,5,2125,2135,0,1502,1479,58,1237,1249,46,1602,1600,0
OPEN,2075,2078,6,2137,2136,0,1462,1472,61,1228,1239,84,1572,1587,0
OPEN,2077,2077,6,2137,2136,0,1485,1478,58,1255,1246,57,1576,1582,0
OPEN,2088,2082,4,2151,2143,0,1504,1490,52,1314,1277,0,1630,1604,0
OPEN,2069,2076,7,2155,2148,0,1494,1492,51,1346,1308,0,1583,1594,0
OPEN,2071,2074,8,2159,2153,0,1487,1489,53,1289,1299,0,1586,1591,0
OPEN,2088,2080,5,2142,2148,0,1494,1492,51,1179,1245,61,1597,1593,0
OPEN,2047,2065,12,2163,2155,0,1522,1505,45,1202,1226,100,1602,1597,0
OPEN,2061,2063,13,2144,2150,0,1473,1491,52,1205,1216,100,1596,1597,0
OPEN,2046,2056,16,2179,2163,0,1435,1466,64,1208,1213,100,1600,1598,0
OPEN,2083,2068,10,2171,2167,0,1483,1473,61,1253,1231,100,1622,1609,0
OPEN,2045,2058,15,2175,2170,0,1479,1476,59,1279,1252,34,1636,1621,0
OPEN,2111,2082,4,2141,2157,0,1453,1466,64,1308,1277,0,1592,1608,0
OPEN,2083,2082,4,2115,2138,0,1492,1477,59,1181,1234,100,1574,1593,0
OPEN,2066,2075,7,2166,2151,0,1466,1472,61,1220,1228,100,1615,1603,0
OPEN,2073,2074,8,2138,2145,0,1492,1481,57,1227,1227,100,1602,1602,0
OPEN,2047,2062,13,2152,2148,0,1552,1513,41,1197,1214,100,1591,1597,0
OPEN,2130,2093,0,2123,2137,0,1475,1496,50,1274,1241,76,1607,1602,0
OPEN,2099,2095,0,2148,2142,0,1494,1495,50,1375,1301,0,1585,1594,0
OPEN,2081,2089,1,2151,2146,0,1494,1495,50,1288,1295,0,1604,1599,0
OPEN,2079,2084,3,2138,2142,0,1464,1481,57,1209,1256,19,1603,1601,0
OPEN,2052,2070,10,2137,2140,0,1480,1480,57,1217,1239,84,1567,1585,0
OPEN,2076,2073,8,2141,2140,0,1509,1493,51,1179,1212,100,1622,1602,0
OPEN,2077,2075,7,2118,2130,0,1494,1494,50,1256,1232,100,1564,1585,0
OPEN,2076,2075,7,2144,2136,0,1475,1485,55,1224,1228,100,1596,1590,0
OPEN,2080,2077,6,2151,2143,0,1476,1481,57,1327,1273,0,1644,1614,0
OPEN,2100,2088,2,2140,2142,0,1482,1481,57,1329,1298,0,1593,1605,0
OPEN,2066,2078,6,2150,2145,0,1452,1468,63,1265,1283,0,1576,1592,0
OPEN,2096,2086,3,2107,2128,0,1502,1483,56,1180,1237,92,1603,1597,0
OPEN,2056,2073,8,2149,2138,0,1504,1493,51,1219,1229,100,1590,1594,0
OPEN,2059,2066,11,2141,2139,0,1527,1508,44,1204,1218,100,1567,1582,0
OPEN,2089,2077,6,2137,2138,0,1548,1526,35,1224,1220,100,1586,1584,0
OPEN,2096,2085,3,2143,2140,0,1504,1516,40,1343,1276,0,1594,1588,0
OPEN,2063,2075,7,2153,2146,0,1472,1496,50,1338,1304,0,1619,1602,0
OPEN,2060,2068,10,2146,2146,0,1455,1478,58,1263,1285,0,1599,1601,0
OPEN,2084,2075,7,2156,2151,0,1451,1466,64,1191,1243,69,1574,1589,0
OPEN,2078,2077,6,2136,2144,0,1446,1457,68,1226,1235,100,1618,1602,0
OPEN,2066,2072,9,2126,2136,0,1484,1469,62,1215,1226,100,1607,1604,0
OPEN,2071,2071,9,2163,2148,0,1477,1473,61,1209,1218,100,1605,1605,0
OPEN,2085,2078,6,2167,2157,0,1473,1473,61,1256,1235,100,1599,1602,0
OPEN,2085,2081,5,2156,2156,0,1437,1457,68,1382,1301,0,1639,1619,0
OPEN,2079,2080,5,2120,2140,0,1572,1509,43,1295,1298,0,1635,1626,0
OPEN,2077,2079,6,2090,2117,0,1671,1582,8,1210,1259,7,1595,1612,0
OPEN,2098,2087,2,2116,2117,0,1655,1615,0,1210,1237,92,1578,1597,0
OPEN,2066,2078,6,2116,2116,0,1579,1599,0,1220,1229,100,1591,1594,0
OPEN,2091,2084,3,2108,2113,0,1702,1645,0,1254,1240,80,1599,1596,0
OPEN,2085,2075,7,2115,2128,0,1676,1667,0,1242,1243,69,1615,1600,0
OPEN,2071,2073,8,2160,2142,0,1656,1662,0,1315,1275,0,1631,1614,0
OPEN,2069,2071,9,2154,2148,0,1548,1611,0,1313,1292,0,1631,1622,0
OPEN,2072,2072,9,2138,2143,0,1384,1509,43,1229,1264,0,1594,1609,0
OPEN,2066,2069,10,2142,2143,0,1433,1475,60,1178,1225,100,1573,1593,0
OPEN,2059,2065,12,2132,2138,0,1407,1444,75,1215,1221,100,1608,1600,0
OPEN,2068,2066,11,2117,2128,0,1407,1427,83,1225,1223,100,1592,1596,0
OPEN,2116,2089,1,2144,2135,0,1455,1440,76,1258,1239,84,1604,1600,0
OPEN,2076,2083,4,2168,2150,0,1424,1433,80,1360,1293,0,1616,1607,0
OPEN,2077,2080,5,2151,2151,0,1462,1446,74,1292,1293,0,1596,1602,0
OPEN,2054,2068,10,2153,2152,0,1448,1447,73,1238,1268,0,1608,1605,0
OPEN,2045,2058,15,2121,2138,0,1440,1444,75,1145,1213,100,1572,1590,0
OPEN,2056,2057,15,2124,2132,0,1483,1461,66,1208,1211,100,1581,1586,0
OPEN,2062,2059,14,2151,2140,0,1448,1455,69,1208,1209,100,1602,1593,0
OPEN,2085,2071,9,2152,2146,0,1437,1447,73,1213,1211,100,1595,1594,0
OPEN,2078,2074,8,2166,2155,0,1464,1455,69,1316,1258,11,1620,1606,0
OPEN,2083,2078,6,2143,2149,0,1442,1449,72,1340,1295,0,1610,1608,0
OPEN,2055,2068,10,2141,2146,0,1456,1452,71,1271,1284,0,1579,1595,0
OPEN,2074,2071,9,2144,2145,0,1471,1461,66,1189,1241,76,1583,1589,0
OPEN,2071,2071,9,2145,2145,0,1447,1454,70,1231,1237,92,1593,1591,0
OPEN,2060,2066,11,2159,2151,0,1456,1455,69,1231,1234,100,1622,1605,0
OPEN,2060,2063,13,2148,2150,0,1481,1467,63,1233,1234,100,1598,1602,0
OPEN,2103,2081,5,2128,2140,0,1424,1448,73,1343,1283,0,1599,1601,0
OPEN,2089,2085,3,2111,2127,0,1434,1441,76,1330,1304,0,1612,1606,0
OPEN,2063,2075,7,2148,2136,0,1422,1433,80,1268,1288,0,1600,1603,0
OPEN,2072,2074,8,2140,2138,0,1487,1457,68,1189,1243,69,1582,1594,0
OPEN,2049,2063,13,2111,2126,0,1474,1465,64,1211,1229,100,1561,1579,0
OPEN,2084,2072,9,2133,2129,0,1372,1423,85,1211,1221,100,1595,1586,0
OPEN,2059,2066,11,2173,2149,0,1438,1430,81,1226,1223,100,1630,1606,0
OPEN,2093,2078,6,2169,2158,0,1453,1440,76,1324,1269,0,1604,1605,0
OPEN,2096,2086,3,2160,2159,0,1440,1440,76,1348,1304,0,1596,1601,0
OPEN,2052,2071,9,2161,2160,0,1426,1434,79,1260,1284,0,1605,1603,0
OPEN,2090,2079,6,2126,2145,0,1399,1418,87,1191,1242,73,1606,1604,0
OPEN,2071,2076,7,2167,2155,0,1424,1421,86,1218,1231,100,1581,1594,0
OPEN,2071,2074,8,2130,2144,0,1375,1400,96,1231,1231,100,1581,1588,0
OPEN,2089,2081,5,2134,2139,0,1430,1414,89,1255,1242,73,1617,1601,0
OPEN,2101,2090,1,2149,2144,0,1420,1416,88,1363,1296,0,1582,1592,0
OPEN,2086,2088,2,2152,2147,0,1442,1428,82,1301,1298,0,1586,1590,0
OPEN,2068,2079,6,2143,2145,0,1436,1432,80,1253,1278,0,1565,1579,0
OPEN,2079,2079,6,2143,2144,0,1394,1415,88,1221,1252,34,1576,1577,4
OPEN,2096,2087,2,2120,2133,0,1424,1419,87,1217,1236,96,1592,1584,0
OPEN,2065,2077,6,2157,2144,0,1400,1410,91,1244,1240,80,1582,1583,0
OPEN,2065,2072,9,2153,2148,0,1398,1405,93,1280,1258,11,1591,1587,0
OPEN,2051,2062,13,2192,2168,0,1407,1406,93,1302,1278,0,1635,1608,0
OPEN,2098,2078,6,2155,2162,0,1403,1405,93,1339,1305,0,1590,1600,0
OPEN,2076,2077,6,2125,2145,0,1366,1387,100,1191,1254,26,1587,1594,0
OPEN,2095,2085,3,2136,2141,0,1364,1377,100,1219,1238,88,1608,1600,0
OPEN,2082,2084,3,2126,2134,0,1374,1376,100,1199,1221,100,1614,1607,0
OPEN,2036,2062,13,2132,2133,0,1398,1386,100,1236,1228,100,1590,1599,0
OPEN,2100,2079,6,2171,2150,0,1399,1392,100,1334,1275,0,1609,1604,0
OPEN,2087,2083,4,2136,2144,0,1400,1395,98,1336,1303,0,1633,1617,0
OPEN,2062,2073,8,2170,2156,0,1375,1386,100,1240,1274,0,1602,1610,0
OPEN,2070,2072,9,2144,2150,0,1381,1384,100,1195,1239,84,1591,1602,0
OPEN,2088,2079,6,2136,2144,0,1425,1402,95,1207,1224,100,1595,1599,0
OPEN,2084,2081,5,2156,2149,0,1390,1397,97,1232,1228,100,1599,1599,0
OPEN,2064,2074,8,2160,2154,0,1376,1387,100,1256,1241,76,1617,1607,0
OPEN,2103,2087,2,2176,2164,0,1399,1393,99,1319,1276,0,1589,1599,0
OPEN,2082,2085,3,2130,2149,0,1409,1400,96,1348,1308,0,1589,1594,0
OPEN,2051,2069,10,2161,2154,0,1407,1403,94,1249,1282,0,1577,1587,0
OPEN,2075,2072,9,2154,2154,0,1390,1397,97,1199,1244,65,1592,1589,0
OPEN,2058,2066,11,2111,2135,0,1347,1375,100,1240,1242,73,1608,1598,0
OPEN,2049,2058,15,2117,2127,0,1394,1383,100,1235,1239,84,1575,1587,0
OPEN,2076,2066,11,2126,2126,0,1409,1395,98,1266,1251,38,1590,1589,0
OPEN,2092,2078,6,2158,2141,0,1346,1373,100,1372,1306,0,1616,1601,0
OPEN,2081,2079,6,2155,2147,0,1376,1374,100,1334,1318,0,1622,1610,0
OPEN,2061,2071,9,2140,2144,0,1343,1360,100,1245,1285,0,1622,1616,0
OPEN,2078,2074,8,2124,2135,0,1427,1390,100,1232,1261,0,1574,1597,0
OPEN,2080,2077,6,2107,2122,0,1427,1407,92,1235,1249,46,1591,1594,0
OPEN,2083,2080,5,2130,2126,0,1418,1412,90,1234,1243,69,1605,1599,0
OPEN,2064,2073,8,2134,2129,0,1417,1414,89,1272,1256,19,1580,1590,0
OPEN,2075,2074,8,2142,2135,0,1431,1422,85,1305,1278,0,1626,1606,0
OPEN,2090,2081,5,2130,2133,0,1416,1419,87,1339,1305,0,1609,1608,0
OPEN,2074,2078,6,2123,2128,0,1392,1407,92,1247,1279,0,1596,1602,0
OPEN,2083,2080,5,2109,2120,0,1422,1414,89,1191,1239,84,1621,1611,0
OPEN,2084,2082,4,2096,2109,0,1400,1408,92,1218,1230,100,1608,1610,0
OPEN,2069,2076,7,2137,2122,0,1371,1391,100,1219,1225,100,1591,1601,0
OPEN,2061,2069,10,2131,2126,0,1383,1387,100,1265,1243,69,1611,1606,0
OPEN,2095,2081,5,2156,2139,0,1407,1396,98,1318,1277,0,1622,1613,0
OPEN,2075,2078,6,2128,2134,0,1371,1385,100,1321,1297,0,1617,1615,0
OPEN,2050,2066,11,2131,2133,0,1369,1378,100,1232,1268,0,1575,1597,0
OPEN,2064,2065,12,2140,2136,0,1359,1369,100,1218,1245,61,1598,1597,0
OPEN,2059,2062,13,2129,2133,0,1385,1376,100,1223,1235,100,1607,1602,0
OPEN,2059,2061,13,2139,2136,0,1392,1383,100,1239,1237,92,1610,1605,0
OPEN,2099,2078,6,2139,2137,0,1400,1391,100,1244,1240,80,1583,1595,0
OPEN,2092,2084,3,2166,2150,0,1383,1387,100,1327,1279,0,1576,1587,0
OPEN,2084,2084,3,2145,2148,0,1376,1382,100,1311,1294,0,1613,1599,0
OPEN,2037,2063,13,2125,2138,0,1388,1385,100,1206,1254,26,1623,1610,0
OPEN,2049,2057,15,2154,2145,0,1369,1378,100,1236,1246,57,1607,1608,0
OPEN,2080,2067,11,2124,2136,0,1395,1385,100,1234,1241,76,1612,1610,0
OPEN,2061,2064,12,2138,2137,0,1419,1401,95,1208,1226,100,1591,1601,0
OPEN,2057,2061,13,2187,2159,0,1428,1413,89,1296,1257,15,1637,1617,0
OPEN,2088,2073,8,2140,2151,0,1382,1399,96,1329,1290,0,1619,1618,0
OPEN,2088,2080,5,2111,2133,0,1404,1401,95,1247,1270,0,1598,1609,0
OPEN,2069,2075,7,2147,2139,0,1399,1400,96,1197,1237,92,1595,1603,0
OPEN,2082,2078,6,2160,2149,0,1403,1401,95,1220,1230,100,1621,1611,0
OPEN,2075,2077,6,2156,2152,0,1386,1395,98,1235,1232,100,1591,1602,0
OPEN,2085,2080,5,2143,2148,0,1353,1376,100,1268,1248,50,1608,1605,0
OPEN,2073,2077,6,2186,2165,0,1338,1359,100,1338,1289,0,1617,1610,0
OPEN,2087,2082,4,2151,2159,0,1383,1370,100,1330,1307,0,1612,1611,0
OPEN,2039,2062,13,2127,2144,0,1402,1384,100,1232,1273,0,1608,1610,0
OPEN,2086,2073,8,2141,2143,0,1374,1380,100,1205,1243,69,1581,1597,0
OPEN,2075,2074,8,2149,2146,0,1399,1388,100,1213,1229,100,1591,1594,0
OPEN,2052,2064,12,2128,2138,0,1400,1394,99,1224,1227,100,1620,1606,0
OPEN,2089,2075,7,2135,2136,0,1369,1383,100,1252,1238,88,1606,1606,0
OPEN,2082,2078,6,2140,2138,0,1362,1373,100,1345,1286,0,1620,1612,0
OPEN,2078,2078,6,2160,2148,0,1389,1380,100,1320,1301,0,1617,1614,0
OPEN,2071,2075,7,2130,2140,0,1362,1372,100,1214,1262,0,1595,1606,0
OPEN,2037,2058,15,2136,2138,0,1411,1390,100,1179,1225,100,1608,1607,0
OPEN,2074,2065,12,2096,2119,0,1359,1376,100,1236,1230,100,1600,1604,0
OPEN,2077,2070,10,2089,2106,0,1391,1383,100,1231,1230,100,1597,1601,0
OPEN,2075,2073,8,2143,2122,0,1369,1377,100,1313,1268,0,1597,1599,0
OPEN,2090,2080,5,2124,2123,0,1370,1374,100,1352,1306,0,1617,1607,0
OPEN,2077,2079,6,2129,2126,0,1353,1364,100,1270,1290,0,1611,1609,0
OPEN,2089,2083,4,2111,2119,0,1387,1375,100,1196,1247,53,1601,1605,0
OPEN,2080,2082,4,2096,2109,0,1351,1364,100,1235,1242,73,1614,1609,0
OPEN,2076,2079,6,2113,2111,0,1368,1366,100,1247,1244,65,1576,1594,0
OPEN,2087,2083,4,2120,2115,0,1363,1365,100,1251,1247,53,1606,1600,0
OPEN,2090,2086,3,2168,2139,0,1365,1365,100,1361,1298,0,1608,1603,0
OPEN,2090,2088,2,2140,2139,0,1363,1364,100,1323,1309,0,1600,1602,0
OPEN,2068,2079,6,2112,2127,0,1363,1364,100,1263,1289,0,1593,1598,0
OPEN,2062,2071,9,2128,2127,0,1362,1363,100,1216,1256,19,1585,1592,0
OPEN,2071,2071,9,2138,2132,0,1323,1345,100,1223,1241,76,1622,1606,0
OPEN,2087,2078,6,2143,2137,0,1346,1345,100,1230,1236,96,1599,1603,0
OPEN,2117,2096,0,2128,2133,0,1375,1359,100,1299,1264,0,1592,1598,0
OPEN,2071,2085,3,2130,2132,0,1364,1361,100,1341,1299,0,1619,1607,0
OPEN,2068,2077,6,2129,2130,0,1334,1349,100,1218,1262,0,1591,1600,0
OPEN,2079,2078,6,2108,2120,0,1347,1348,100,1209,1238,88,1587,1594,0
OPEN,2089,2083,4,2138,2128,0,1359,1353,100,1238,1238,88,1594,1594,0
OPEN,2081,2082,4,2116,2123,0,1392,1371,100,1261,1248,50,1602,1598,0
OPEN,2077,2080,5,2128,2125,0,1348,1360,100,1260,1254,26,1600,1599,0
OPEN,2085,2082,4,2125,2125,0,1350,1356,100,1351,1297,0,1618,1607,0
OPEN,2068,2076,7,2140,2132,0,1326,1342,100,1303,1300,0,1608,1608,0
OPEN,2077,2076,7,2132,2132,0,1637,1475,60,1218,1263,0,1598,1603,0
OPEN,2049,2064,12,2130,2131,0,1654,1556,21,1209,1239,84,1627,1614,0
OPEN,2082,2072,9,2145,2137,0,1681,1612,0,1227,1233,100,1603,1609,0
OPEN,2069,2071,9,2111,2125,0,1639,1624,0,1234,1234,100,1607,1608,0
OPEN,2081,2075,7,2166,2144,0,1609,1617,0,1303,1265,0,1633,1619,0
OPEN,2088,2081,5,2152,2147,0,1559,1591,4,1332,1295,0,1599,1610,0
OPEN,2080,2081,5,2116,2133,0,1360,1487,54,1241,1271,0,1580,1597,0
OPEN,2079,2080,5,2104,2120,0,1383,1440,76,1210,1243,69,1596,1596,0
OPEN,2084,2082,4,2144,2131,0,1300,1377,100,1218,1232,100,1601,1598,0
OPEN,2091,2086,3,2112,2122,0,1355,1367,100,1241,1236,96,1617,1607,0
OPEN,2074,2081,5,2149,2134,0,1348,1359,100,1242,1239,84,1618,1612,0
OPEN,2091,2085,3,2158,2145,0,1353,1356,100,1317,1274,0,1615,1613,0
OPEN,2063,2075,7,2124,2136,0,1346,1352,100,1331,1300,0,1595,1605,0
OPEN,2091,2082,4,2110,2124,0,1335,1344,100,1290,1295,0,1618,1611,0
OPEN,2051,2068,10,2100,2113,0,1349,1346,100,1204,1254,26,1587,1600,0
OPEN,2063,2066,11,2139,2125,0,1398,1370,100,1198,1229,100,1576,1589,0
OPEN,2083,2074,8,2132,2128,0,1367,1368,100,1232,1230,100,1573,1582,0
OPEN,2077,2075,7,2111,2120,0,1403,1384,100,1235,1232,100,1593,1587,0
OPEN,2079,2077,6,2147,2132,0,1364,1375,100,1333,1278,0,1599,1592,0
OPEN,2042,2061,13,2116,2125,0,1363,1370,100,1290,1283,0,1646,1616,0
OPEN,2044,2053,17,2151,2137,0,1324,1349,100,1303,1292,0,1596,1607,0
OPEN,2079,2065,12,2113,2126,0,1356,1352,100,1194,1248,50,1599,1604,0
OPEN,2078,2071,9,2110,2119,0,1339,1346,100,1227,1239,84,1591,1598,0
OPEN,2074,2072,9,2125,2122,0,1371,1357,100,1218,1229,100,1579,1589,0
OPEN,2088,2079,6,2128,2124,0,1366,1361,100,1229,1229,100,1606,1597,0
OPEN,2110,2093,0,2137,2130,0,1337,1350,100,1334,1276,0,1617,1606,0
OPEN,2076,2085,3,2160,2144,0,1328,1340,100,1334,1302,0,1619,1612,0
OPEN,2057,2073,8,2111,2129,0,1341,1341,100,1289,1296,0,1607,1610,0
OPEN,2068,2071,9,2108,2120,0,1336,1339,100,1199,1253,30,1589,1600,0
OPEN,2069,2070,10,2102,2112,0,1387,1360,100,1198,1228,100,1601,1601,0
OPEN,2073,2071,9,2161,2134,0,1328,1346,100,1247,1237,92,1599,1600,0
OPEN,2081,2076,7,2115,2125,0,1346,1346,100,1276,1254,26,1582,1592,0
OPEN,2092,2083,4,2119,2123,0,1380,1361,100,1351,1298,0,1594,1593,0
OPEN,2071,2078,6,2141,2131,0,1349,1356,100,1318,1307,0,1615,1603,0
OPEN,2060,2070,10,2148,2139,0,1301,1331,100,1246,1279,0,1605,1604,0
OPEN,2059,2065,12,2151,2144,0,1363,1345,100,1183,1236,96,1602,1603,0
OPEN,2087,2075,7,2140,2142,0,1319,1334,100,1224,1231,100,1600,1602,0
OPEN,2069,2072,9,2146,2144,0,1468,1394,99,1241,1235,100,1617,1609,0
OPEN,2080,2076,7,2138,2141,0,1568,1472,61,1229,1232,100,1622,1615,0
OPEN,2072,2074,8,2168,2153,0,1562,1513,41,1336,1279,0,1641,1626,0
OPEN,2066,2070,10,2163,2158,0,1500,1507,44,1302,1289,0,1613,1620,0
OPEN,2047,2060,14,2147,2153,0,1504,1506,45,1274,1282,0,1611,1616,0
OPEN,2051,2056,16,2124,2140,0,1525,1514,41,1203,1247,53,1588,1603,0
OPEN,2079,2066,11,2157,2148,0,1515,1515,40,1189,1221,100,1599,1601,0
OPEN,2064,2065,12,2151,2149,0,1532,1522,37,1254,1236,96,1590,1596,0
OPEN,2078,2071,9,2143,2146,0,1321,1432,80,1236,1236,96,1587,1592,0
OPEN,2078,2074,8,2150,2148,0,1456,1443,75,1309,1269,0,1604,1597,0
OPEN,2070,2072,9,2147,2148,0,1357,1404,94,1299,1282,0,1613,1604,0
OPEN,2064,2069,10,2119,2135,0,1355,1382,100,1167,1230,100,1587,1597,0
OPEN,2096,2081,5,2120,2128,0,1359,1372,100,1211,1222,100,1590,1594,0
OPEN,2060,2071,9,2137,2132,0,1353,1363,100,1227,1224,100,1586,1590,0
OPEN,2086,2078,6,2128,2130,0,1356,1360,100,1266,1243,69,1585,1588,0
OPEN,2075,2077,6,2163,2145,0,1363,1361,100,1313,1274,0,1614,1600,0
OPEN,2092,2084,3,2136,2141,0,1362,1362,100,1351,1309,0,1583,1592,0
OPEN,2059,2073,8,2147,2144,0,1349,1356,100,1326,1317,0,1601,1596,0
OPEN,2083,2077,6,2133,2139,0,1383,1368,100,1221,1274,0,1567,1583,0
OPEN,2096,2086,3,2124,2132,0,1422,1392,100,1218,1249,46,1595,1588,0
OPEN,2059,2074,8,2129,2131,0,1377,1385,100,1231,1241,76,1582,1586,0
OPEN,2072,2073,8,2152,2140,0,1378,1382,100,1248,1244,65,1610,1597,0
OPEN,2100,2085,3,2131,2136,0,1369,1376,100,1321,1279,0,1624,1609,0
OPEN,2068,2077,6,2156,2145,0,1318,1350,100,1340,1306,0,1613,1611,0
OPEN,2066,2072,9,2126,2136,0,1333,1342,100,1271,1290,0,1576,1595,0
OPEN,2064,2069,10,2116,2127,0,1284,1316,100,1196,1248,50,1603,1599,0
OPEN,2081,2074,8,2137,2132,0,1325,1320,100,1184,1219,100,1614,1606,0
OPEN,2081,2077,6,2135,2133,0,1335,1327,100,1228,1223,100,1607,1606,0
OPEN,2048,2064,12,2149,2140,0,1557,1430,81,1256,1238,88,1571,1590,0
OPEN,2084,2073,8,2139,2140,0,1319,1380,100,1323,1276,0,1594,1592,0
OPEN,2078,2075,7,2128,2134,0,1599,1479,58,1321,1296,0,1648,1617,0
OPEN,2088,2082,4,2179,2157,0,1624,1552,23,1300,1296,0,1599,1604,0
OPEN,2057,2071,9,2116,2139,0,1456,1509,43,1214,1259,7,1578,1592,0
OPEN,2055,2064,12,2114,2128,0,1445,1480,57,1218,1241,76,1609,1600,0
OPEN,2054,2059,14,2146,2136,0,1433,1459,67,1227,1235,100,1581,1591,0
OPEN,2047,2054,16,2158,2146,0,1452,1456,69,1240,1237,92,1595,1593,0
OPEN,2079,2065,12,2130,2139,0,1438,1448,73,1258,1246,57,1593,1593,0
OPEN,2076,2070,10,2122,2131,0,1491,1467,63,1254,1250,42,1604,1598,0
OPEN,2067,2069,10,2128,2130,0,1469,1468,63,1202,1228,100,1583,1591,0
OPEN,2070,2069,10,2108,2120,0,1494,1480,57,1191,1212,100,1599,1595,0
OPEN,2059,2065,12,2171,2143,0,1461,1471,62,1234,1222,100,1600,1597,0
OPEN,2062,2063,13,2185,2162,0,1669,1560,19,1237,1229,100,1587,1593,0
OPEN,2054,2059,14,2168,2165,0,1490,1529,34,1304,1263,0,1615,1603,0
OPEN,2081,2069,10,2151,2158,0,1454,1495,50,1400,1324,0,1619,1610,0
OPEN,2096,2081,5,2131,2146,0,1506,1500,48,1268,1299,0,1595,1603,0
OPEN,2059,2071,9,2146,2146,0,1602,1546,25,1209,1259,7,1579,1592,0
OPEN,2092,2081,5,2144,2145,0,1482,1517,39,1232,1247,53,1564,1580,0
OPEN,2077,2079,6,2145,2145,0,1496,1508,44,1229,1239,84,1579,1579,0
OPEN,2047,2065,12,2153,2149,0,1479,1495,50,1264,1250,42,1576,1578,2
OPEN,2068,2066,11,2153,2151,0,1499,1497,49,1342,1291,0,1636,1604,0
OPEN,2076,2071,9,2130,2141,0,1497,1497,49,1295,1293,0,1606,1605,0
OPEN,2089,2079,6,2121,2132,0,1479,1489,53,1227,1263,0,1595,1600,0
OPEN,2053,2067,11,2127,2130,0,1653,1563,17,1208,1238,88,1599,1600,0
OPEN,2080,2073,8,2144,2136,0,1450,1512,42,1274,1254,26,1588,1594,0
OPEN,2084,2078,6,2132,2134,0,1453,1485,55,1237,1247,53,1588,1592,0
OPEN,2078,2078,6,2161,2146,0,1684,1575,12,1225,1237,92,1599,1595,0
OPEN,2103,2089,1,2141,2144,0,1491,1537,30,1311,1270,0,1641,1616,0
OPEN,2048,2071,9,2155,2149,0,1507,1524,36,1335,1299,0,1608,1612,0
OPEN,2052,2062,13,2119,2135,0,1483,1505,45,1271,1287,0,1620,1616,0
OPEN,2078,2069,10,2159,2146,0,1624,1559,19,1203,1249,46,1572,1596,0
OPEN,2058,2064,12,2157,2151,0,1469,1518,39,1213,1233,100,1615,1605,0
OPEN,2064,2064,12,2162,2156,0,1639,1573,12,1238,1235,100,1606,1605,0
OPEN,2083,2073,8,2107,2134,0,1635,1601,0,1248,1241,76,1589,1598,0
OPEN,2072,2072,9,2135,2134,0,1678,1635,0,1314,1274,0,1625,1610,0
OPEN,2068,2070,10,2145,2139,0,1533,1589,5,1319,1294,0,1607,1609,0
OPEN,2074,2072,9,2151,2144,0,1412,1510,43,1243,1271,0,1611,1610,0
OPEN,2080,2076,7,2153,2148,0,1496,1503,46,1189,1234,100,1592,1602,0
OPEN,2063,2070,10,2177,2161,0,1456,1482,56,1216,1226,100,1587,1595,0
OPEN,2063,2067,11,2136,2150,0,1462,1473,61,1231,1228,100,1585,1591,0
OPEN,2077,2071,9,2141,2146,0,1473,1473,61,1279,1251,38,1582,1587,0
OPEN,2059,2066,11,2159,2152,0,1464,1469,62,1334,1288,0,1599,1592,0
OPEN,2096,2079,6,2144,2148,0,1447,1459,67,1307,1297,0,1602,1597,0
OPEN,2070,2075,7,2105,2129,0,1518,1486,54,1193,1250,42,1578,1588,0
OPEN,2078,2076,7,2128,2128,0,1505,1494,50,1212,1233,100,1603,1595,0
OPEN,2055,2067,11,2165,2145,0,1520,1506,45,1228,1231,100,1601,1598,0
OPEN,2105,2084,3,2142,2144,0,1517,1511,42,1241,1235,100,1621,1608,0
OPEN,2027,2058,15,2160,2151,0,1505,1508,44,1327,1277,0,1604,1606,0
OPEN,2089,2072,9,2147,2149,0,1496,1503,46,1333,1302,0,1602,1604,0
OPEN,2074,2073,8,2144,2147,0,1592,1543,27,1280,1292,0,1579,1593,0
OPEN,2068,2071,9,2149,2148,0,1491,1520,38,1190,1246,57,1591,1592,0
OPEN,2065,2068,10,2127,2138,0,1447,1487,54,1240,1243,69,1583,1588,0
OPEN,2095,2080,5,2119,2130,0,1449,1470,62,1255,1249,46,1600,1593,0
OPEN,2070,2076,7,2140,2134,0,1478,1474,60,1258,1253,30,1600,1596,0
OPEN,2095,2084,3,2131,2133,0,1487,1480,57,1342,1293,0,1593,1595,0
OPEN,2083,2084,3,2139,2136,0,1491,1485,55,1326,1308,0,1599,1597,0
OPEN,2059,2073,8,2162,2147,0,1499,1491,52,1225,1271,0,1604,1600,0
OPEN,2112,2090,1,2122,2136,0,1475,1484,55,1211,1244,65,1597,1599,0
OPEN,2067,2080,5,2150,2142,0,1465,1475,60,1222,1234,100,1610,1604,0
OPEN,2056,2069,10,2177,2158,0,1479,1477,59,1250,1241,76,1605,1604,0
OPEN,2083,2075,7,2145,2152,0,1456,1468,63,1241,1241,76,1603,1604,0
OPEN,2071,2073,8,2143,2148,0,1475,1471,62,1337,1284,0,1622,1612,0
OPEN,2087,2080,5,2166,2156,0,1486,1478,58,1320,1300,0,1599,1606,0
OPEN,2087,2083,4,2126,2143,0,1543,1507,44,1276,1289,0,1573,1591,0
OPEN,2065,2075,7,2157,2149,0,1467,1489,53,1217,1257,15,1572,1583,0
OPEN,2078,2076,7,2146,2148,0,1500,1494,50,1207,1234,100,1575,1579,0
OPEN,2065,2071,9,2125,2137,0,1494,1494,50,1215,1226,100,1590,1584,0
OPEN,2051,2062,13,2148,2142,0,1478,1487,54,1246,1235,100,1585,1584,0
OPEN,2100,2079,6,2156,2148,0,1487,1487,54,1263,1247,53,1607,1595,0
OPEN,2120,2098,0,2181,2163,0,1554,1517,39,1333,1286,0,1608,1601,0
OPEN,2078,2089,1,2141,2153,0,1507,1513,41,1309,1296,0,1611,1605,0
OPEN,2083,2086,3,2123,2140,0,1494,1504,46,1207,1256,19,1581,1594,0
OPEN,2067,2078,6,2140,2140,0,1549,1524,36,1198,1230,100,1603,1598,0
OPEN,2057,2068,10,2159,2148,0,1482,1505,45,1228,1229,100,1603,1600,0
OPEN,2072,2070,10,2179,2162,0,1527,1515,40,1268,1247,53,1597,1599,0
OPEN,2074,2072,9,2184,2172,0,1500,1508,44,1276,1260,3,1602,1600,0
OPEN,2064,2068,10,2151,2163,0,1515,1511,42,1337,1295,0,1610,1605,0
OPEN,2076,2072,9,2154,2159,0,1489,1501,47,1304,1299,0,1591,1599,0
OPEN,2055,2064,12,2141,2151,0,1535,1516,40,1213,1260,3,1593,1596,0
OPEN,2087,2074,8,2135,2144,0,1483,1501,47,1203,1234,100,1611,1603,0
OPEN,2100,2086,3,2156,2149,0,1523,1511,42,1213,1225,100,1591,1597,0
OPEN,2101,2093,0,2152,2150,0,1503,1507,44,1227,1226,100,1593,1595,0
OPEN,2075,2085,3,2128,2140,0,1520,1513,41,1247,1235,100,1601,1598,0
OPEN,2097,2090,1,2131,2136,0,1537,1524,36,1352,1288,0,1615,1606,0
OPEN,2084,2087,2,2141,2138,0,1687,1597,1,1343,1313,0,1596,1601,0
OPEN,2072,2080,5,2129,2134,0,1679,1634,0,1229,1275,0,1579,1591,0
OPEN,2061,2072,9,2133,2134,0,1688,1658,0,1200,1241,76,1572,1583,0
OPEN,2076,2074,8,2157,2144,0,1675,1666,0,1194,1220,100,1616,1598,0
OPEN,2085,2079,6,2150,2147,0,1486,1585,7,1234,1226,100,1607,1602,0
OPEN,2069,2074,8,2136,2142,0,1417,1509,43,1238,1232,100,1592,1597,0
OPEN,2097,2085,3,2164,2152,0,1664,1579,10,1340,1280,0,1627,1611,0
OPEN,2072,2079,6,2183,2166,0,1639,1606,0,1309,1293,0,1592,1602,0
OPEN,2058,2069,10,2143,2156,0,1639,1621,0,1272,1284,0,1603,1603,0
OPEN,2068,2069,10,2160,2158,0,1672,1644,0,1208,1250,42,1578,1592,0
OPEN,2072,2070,10,2140,2150,0,1648,1646,0,1216,1234,100,1588,1590,0
OPEN,2061,2066,11,2137,2144,0,1695,1668,0,1194,1216,100,1625,1606,0
OPEN,2063,2065,12,2142,2143,0,1650,1660,0,1229,1222,100,1608,1607,0
OPEN,2079,2071,9,2123,2134,0,1673,1666,0,1245,1232,100,1600,1604,0
OPEN,2091,2080,5,2184,2157,0,1671,1668,0,1312,1268,0,1635,1618,0
OPEN,2072,2076,7,2147,2152,0,1669,1669,0,1332,1297,0,1599,1609,0
OPEN,2059,2069,10,2150,2151,0,1652,1661,0,1288,1293,0,1593,1602,0
OPEN,2067,2068,10,2126,2140,0,1671,1666,0,1196,1249,46,1558,1582,0
OPEN,2074,2071,9,2143,2141,0,1672,1668,0,1221,1237,92,1580,1581,0
OPEN,2079,2074,8,2161,2150,0,1659,1664,0,1227,1232,100,1598,1589,0
OPEN,2072,2073,8,2132,2142,0,1618,1643,0,1237,1234,100,1587,1588,0
OPEN,2077,2075,7,2196,2166,0,1635,1640,0,1324,1275,0,1646,1614,0
OPEN,2083,2079,6,2155,2161,0,1651,1645,0,1316,1293,0,1609,1612,0
OPEN,2081,2080,5,2183,2171,0,1637,1641,0,1286,1290,0,1592,1603,0
OPEN,2072,2076,7,2127,2151,0,1656,1648,0,1142,1223,100,1597,1600,0
OPEN,2065,2071,9,2160,2155,0,1651,1649,0,1196,1211,100,1623,1610,0
OPEN,2063,2067,11,2158,2156,0,1648,1649,0,1228,1219,100,1624,1617,0
OPEN,2079,2073,8,2125,2142,0,1667,1657,0,1228,1223,100,1593,1606,0
OPEN,2083,2077,6,2157,2149,0,1694,1674,0,1307,1261,0,1631,1617,0
OPEN,2081,2079,6,2139,2144,0,1265,1490,52,1332,1293,0,1601,1610,0
OPEN,2064,2072,9,2135,2140,0,1707,1588,5,1265,1280,0,1584,1598,0
OPEN,2078,2075,7,2148,2144,0,1474,1536,30,1204,1246,57,1587,1593,0
OPEN,2096,2084,3,2134,2139,0,1637,1582,8,1207,1228,100,1604,1598,0
OPEN,2079,2082,4,2153,2145,0,1407,1503,46,1262,1244,65,1582,1591,0
OPEN,2076,2079,6,2142,2144,0,1357,1437,78,1240,1242,73,1610,1599,0
OPEN,2071,2076,7,2171,2156,0,1335,1391,100,1343,1287,0,1638,1617,0
OPEN,2070,2073,8,2159,2157,0,1335,1366,100,1311,1298,0,1627,1621,0
OPEN,2071,2072,9,2142,2150,0,1391,1377,100,1246,1275,0,1594,1609,0
OPEN,2081,2076,7,2150,2150,0,1422,1397,97,1218,1249,46,1599,1605,0
OPEN,2051,2065,12,2151,2151,0,1485,1437,78,1179,1218,100,1571,1589,0
OPEN,2068,2066,11,2150,2150,0,1388,1415,88,1256,1235,100,1580,1585,0
OPEN,2071,2068,10,2163,2156,0,1359,1390,100,1261,1247,53,1608,1595,0
OPEN,2086,2076,7,2181,2167,0,1407,1397,97,1304,1272,0,1607,1601,0
OPEN,2073,2075,7,2165,2166,0,1389,1394,99,1320,1294,0,1598,1599,0
OPEN,2092,2083,4,2127,2149,0,1375,1385,100,1259,1278,0,1591,1596,0
OPEN,2068,2076,7,2133,2142,0,1362,1375,100,1183,1235,100,1570,1584,0
OPEN,2044,2062,13,2174,2156,0,1367,1371,100,1232,1234,100,1534,1562,41
OPEN,2103,2080,5,2136,2147,0,1373,1372,100,1230,1232,100,1587,1573,14
OPEN,2075,2078,6,2142,2145,0,1362,1368,100,1273,1251,38,1588,1580,0
OPEN,2092,2084,3,2174,2158,0,1361,1365,100,1316,1280,0,1635,1605,0
OPEN,2093,2088,2,2191,2173,0,1370,1367,100,1320,1298,0,1617,1610,0
OPEN,2075,2082,4,2148,2162,0,1369,1368,100,1236,1270,0,1584,1598,0
OPEN,2083,2083,4,2152,2157,0,1362,1365,100,1229,1252,34,1586,1593,0
OPEN,2065,2075,7,2143,2151,0,1385,1374,100,1217,1236,96,1560,1578,2
OPEN,2073,2074,8,2151,2151,0,1353,1365,100,1242,1239,84,1632,1602,0
OPEN,2081,2077,6,2141,2146,0,1339,1353,100,1257,1247,53,1596,1599,0
OPEN,2112,2093,0,2147,2147,0,1367,1359,100,1359,1297,0,1556,1580,0
OPEN,2069,2082,4,2173,2159,0,1363,1361,100,1328,1311,0,1631,1603,0
OPEN,2078,2080,5,2147,2153,0,1356,1359,100,1264,1290,0,1591,1598,0
OPEN,2085,2082,4,2146,2150,0,1347,1353,100,1200,1249,46,1575,1587,0
OPEN,2095,2088,2,2134,2143,0,1336,1346,100,1229,1240,80,1617,1601,0
OPEN,2064,2077,6,2150,2146,0,1365,1354,100,1237,1239,84,1595,1598,0
OPEN,2088,2082,4,2168,2156,0,1378,1365,100,1266,1251,38,1575,1588,0
OPEN,2112,2096,0,2163,2159,0,1330,1349,100,1395,1316,0,1614,1600,0
OPEN,2088,2092,0,2146,2153,0,1359,1354,100,1343,1328,0,1595,1598,0
OPEN,2090,2091,0,2148,2151,0,1330,1343,100,1246,1291,0,1562,1582,0
OPEN,2046,2071,9,2131,2142,0,1352,1347,100,1220,1259,7,1590,1585,0
OPEN,2090,2079,6,2160,2150,0,1347,1347,100,1244,1252,34,1585,1585,0
OPEN,2085,2082,4,2182,2164,0,1327,1338,100,1284,1267,0,1597,1591,0
OPEN,2086,2084,3,2145,2156,0,1370,1352,100,1254,1261,0,1598,1594,0
OPEN,2095,2089,1,2160,2158,0,1362,1357,100,1359,1305,0,1612,1602,0
OPEN,2078,2084,3,2169,2163,0,1377,1366,100,1309,1307,0,1628,1614,0
OPEN,2085,2084,3,2139,2152,0,1370,1368,100,1221,1268,0,1625,1619,0
OPEN,2072,2079,6,2137,2145,0,1358,1363,100,1206,1240,80,1572,1598,0
OPEN,2077,2078,6,2137,2142,0,1373,1368,100,1244,1242,73,1607,1602,0
OPEN,2120,2097,0,2138,2140,0,1348,1359,100,1249,1245,61,1603,1602,0
OPEN,2108,2102,0,2160,2149,0,1347,1354,100,1265,1254,26,1609,1605,0
OPEN,2069,2087,2,2154,2151,0,1353,1353,100,1375,1308,0,1606,1606,0
OPEN,2102,2094,0,2140,2146,0,1403,1376,100,1327,1317,0,1597,1602,0
OPEN,2056,2077,6,2123,2136,0,1679,1512,42,1219,1273,0,1570,1587,0
OPEN,2056,2067,11,2127,2132,0,1703,1598,0,1196,1238,88,1599,1593,0
OPEN,2074,2070,10,2137,2134,0,1628,1612,0,1228,1234,100,1587,1590,0
OPEN,2050,2061,13,2147,2140,0,1675,1640,0,1240,1236,96,1616,1602,0
OPEN,2113,2085,3,2163,2150,0,1710,1672,0,1332,1279,0,1623,1611,0
OPEN,2072,2079,6,2170,2159,0,1677,1674,0,1319,1297,0,1603,1608,0
OPEN,2078,2078,6,2144,2152,0,1376,1540,28,1251,1276,0,1576,1593,0
OPEN,2067,2073,8,2140,2147,0,1602,1568,15,1195,1240,80,1580,1587,0
OPEN,2040,2058,15,2122,2136,0,1399,1492,51,1200,1222,100,1595,1591,0
OPEN,2072,2064,12,2160,2147,0,1377,1440,76,1237,1229,100,1600,1595,0
OPEN,2056,2061,13,2160,2153,0,1390,1418,87,1211,1221,100,1605,1599,0
OPEN,2092,2075,7,2143,2148,0,1457,1435,79,1338,1274,0,1627,1612,0
OPEN,2070,2073,8,2152,2150,0,1415,1426,83,1330,1299,0,1612,1612,0
OPEN,2056,2065,12,2129,2141,0,1402,1415,88,1281,1291,0,1579,1597,0
OPEN,2061,2063,13,2152,2146,0,1464,1437,78,1185,1243,69,1584,1591,0
OPEN,2057,2060,14,2176,2159,0,1449,1443,75,1188,1218,100,1567,1580,0
OPEN,2079,2069,10,2141,2151,0,1416,1431,81,1227,1222,100,1580,1580,0
OPEN,2058,2064,12,2151,2151,0,1494,1459,67,1196,1210,100,1577,1579,0
OPEN,2115,2087,2,2151,2151,0,1530,1491,52,1325,1262,0,1606,1591,0
OPEN,2069,2079,6,2143,2147,0,1500,1495,50,1315,1286,0,1627,1607,0
OPEN,2051,2066,11,2140,2144,0,1469,1483,56,1242,1266,0,1607,1607,0
OPEN,2064,2065,12,2131,2138,0,1505,1493,51,1198,1235,100,1566,1589,0
OPEN,2072,2068,10,2131,2135,0,1461,1479,58,1229,1233,100,1590,1589,0
OPEN,2076,2072,9,2146,2140,0,1662,1561,18,1227,1230,100,1606,1597,0
OPEN,2061,2067,11,2143,2141,0,1680,1615,0,1207,1220,100,1565,1582,0
OPEN,2086,2076,7,2171,2155,0,1658,1634,0,1402,1302,0,1624,1601,0
OPEN,2066,2071,9,2155,2155,0,1443,1548,25,1332,1315,0,1597,1599,0
OPEN,2072,2072,9,2133,2145,0,1504,1528,34,1257,1289,0,1578,1590,0
OPEN,2057,2065,12,2126,2136,0,1468,1501,47,1195,1247,53,1561,1577,4
OPEN,2063,2064,12,2145,2140,0,1493,1497,49,1239,1243,69,1608,1591,0
OPEN,2067,2065,12,2163,2151,0,1474,1487,54,1223,1234,100,1569,1581,0
OPEN,2082,2073,8,2166,2157,0,1443,1467,63,1217,1226,100,1568,1575,9
OPEN,2077,2075,7,2156,2157,0,1467,1467,63,1320,1269,0,1595,1584,0
OPEN,2074,2074,8,2159,2158,0,1427,1449,72,1327,1295,0,1611,1596,0
OPEN,2060,2068,10,2151,2155,0,1444,1447,73,1236,1268,0,1582,1590,0
OPEN,2080,2073,8,2153,2154,0,1421,1435,79,1219,1246,57,1593,1591,0
OPEN,2065,2070,10,2135,2145,0,1423,1430,81,1215,1232,100,1595,1593,0
OPEN,2055,2063,13,2146,2146,0,1494,1459,67,1202,1219,100,1569,1582,0
OPEN,2062,2063,13,2173,2158,0,1465,1461,66,1239,1228,100,1563,1574,12
OPEN,2056,2067,11,2163,2167,0,1460,1480,57,1288,1317,0,1606,1611,0
OPEN,2087,2076,7,2135,2152,0,1424,1455,69,1287,1304,0,1578,1596,0
OPEN,2062,2070,10,2155,2154,0,1445,1450,72,1206,1260,3,1567,1583,0
OPEN,2037,2055,16,2169,2161,0,1435,1443,75,1168,1218,100,1577,1580,0
OPEN,2082,2067,11,2155,2158,0,1428,1437,78,1235,1226,100,1554,1568,26
OPEN,2072,2069,10,2158,2158,0,1476,1454,70,1221,1224,100,1581,1574,12
OPEN,2074,2071,9,2156,2157,0,1517,1483,56,1250,1236,96,1607,1589,0
OPEN,2059,2066,11,2195,2174,0,1542,1509,43,1338,1282,0,1626,1606,0
OPEN,2081,2073,8,2148,2162,0,1562,1533,32,1259,1271,0,1599,1603,0
OPEN,2066,2070,10,2152,2158,0,1508,1522,37,1183,1232,100,1576,1591,0
OPEN,2050,2061,13,2182,2169,0,1486,1506,45,1208,1221,100,1566,1580,0
OPEN,2092,2075,7,2154,2162,0,1495,1501,47,1201,1212,100,1591,1585,0
OPEN,2076,2075,7,2141,2153,0,1528,1513,41,1235,1222,100,1583,1584,0
OPEN,2093,2083,4,2177,2164,0,1502,1508,44,1331,1271,0,1614,1597,0
OPEN,2071,2078,6,2162,2163,0,1465,1489,53,1313,1290,0,1596,1597,0
OPEN,2071,2075,7,2146,2155,0,1483,1486,54,1267,1280,0,1613,1604,0
OPEN,2064,2070,10,2141,2149,0,1460,1474,60,1186,1238,88,1595,1600,0
OPEN,2067,2069,10,2138,2144,0,1542,1505,45,1159,1202,100,1597,1599,0
OPEN,2088,2077,6,2130,2138,0,1478,1493,51,1235,1217,100,1603,1601,0
OPEN,2064,2071,9,2163,2149,0,1454,1475,60,1242,1228,100,1598,1599,0
OPEN,2074,2073,8,2187,2166,0,1480,1477,59,1352,1284,0,1604,1601,0
OPEN,2064,2069,10,2140,2154,0,1490,1483,56,1327,1303,0,1592,1597,0
OPEN,2082,2075,7,2147,2151,0,1465,1475,60,1217,1264,0,1606,1601,0
OPEN,2071,2073,8,2147,2149,0,1487,1480,57,1174,1224,100,1599,1600,0
OPEN,2055,2065,12,2119,2136,0,1455,1469,62,1234,1228,100,1564,1584,0
OPEN,2070,2067,11,2157,2145,0,1502,1484,55,1212,1221,100,1575,1580,0
OPEN,2086,2076,7,2166,2155,0,1457,1472,61,1247,1233,100,1597,1588,0
OPEN,2089,2082,4,2173,2163,0,1477,1474,60,1351,1286,0,1615,1600,0
OPEN,2081,2081,5,2166,2164,0,1482,1478,58,1297,1291,0,1584,1593,0
OPEN,2083,2082,4,2151,2158,0,1683,1570,14,1232,1264,0,1576,1585,0
OPEN,2064,2074,8,2146,2153,0,1687,1623,0,1188,1230,100,1567,1577,4
OPEN,2082,2078,6,2145,2149,0,1679,1648,0,1219,1225,100,1588,1582,0
OPEN,2074,2076,7,2124,2138,0,1708,1675,0,1235,1230,100,1582,1582,0
OPEN,2080,2078,6,2175,2155,0,1677,1676,0,1238,1233,100,1559,1572,17
OPEN,2073,2076,7,2193,2172,0,1671,1674,0,1317,1271,0,1646,1605,0
OPEN,2067,2072,9,2152,2163,0,1680,1677,0,1288,1279,0,1624,1614,0
OPEN,2066,2069,10,2137,2151,0,1656,1667,0,1229,1256,19,1598,1607,0
OPEN,2076,2072,9,2144,2148,0,1592,1633,0,1184,1224,100,1567,1589,0
OPEN,2088,2079,6,2160,2153,0,1703,1665,0,1235,1229,100,1596,1592,0
OPEN,2057,2069,10,2128,2142,0,1679,1671,0,1238,1233,100,1583,1588,0
OPEN,2088,2078,6,2171,2155,0,1712,1690,0,1243,1237,92,1584,1586,0
OPEN,2085,2081,5,2167,2160,0,1651,1672,0,1354,1290,0,1592,1589,0
OPEN,2075,2078,6,2166,2163,0,1688,1679,0,1288,1289,0,1616,1601,0
OPEN,2052,2066,11,2131,2149,0,1679,1679,0,1244,1269,0,1594,1598,0
OPEN,2049,2059,14,2175,2160,0,1631,1657,0,1168,1223,100,1608,1602,0
OPEN,2078,2067,11,2143,2153,0,1647,1653,0,1216,1220,100,1589,1596,0
OPEN,2060,2064,12,2132,2143,0,1603,1630,0,1245,1231,100,1583,1590,0
OPEN,2080,2071,9,2170,2155,0,1595,1614,0,1255,1242,73,1587,1589,0
OPEN,2052,2063,13,2136,2147,0,1697,1652,0,1275,1257,15,1646,1615,0
OPEN,2069,2065,12,2166,2155,0,1672,1661,0,1325,1288,0,1587,1602,0
OPEN,2050,2059,14,2143,2150,0,1565,1618,0,1231,1262,0,1596,1599,0
OPEN,2067,2062,13,2154,2152,0,1649,1632,0,1144,1209,100,1579,1590,0
OPEN,2055,2059,14,2188,2168,0,1568,1603,0,1224,1216,100,1596,1593,0
OPEN,2064,2061,13,2152,2161,0,1601,1602,0,1241,1227,100,1578,1586,0
OPEN,2075,2067,11,2153,2157,0,1576,1590,4,1231,1229,100,1583,1585,0
OPEN,2042,2056,16,2209,2181,0,1546,1570,14,1337,1278,0,1572,1579,0
OPEN,2054,2055,16,2133,2159,0,1660,1611,0,1279,1278,0,1605,1591,0
OPEN,2049,2052,17,2160,2160,0,1660,1633,0,1207,1246,57,1584,1588,0
OPEN,2055,2054,16,2144,2153,0,1536,1589,5,1228,1238,88,1596,1591,0
OPEN,2081,2066,11,2150,2151,0,1599,1594,2,1266,1251,38,1580,1586,0
OPEN,2051,2059,14,2172,2161,0,1648,1618,0,1207,1231,100,1585,1586,0
OPEN,2071,2065,12,2150,2156,0,1509,1569,14,1228,1230,100,1599,1592,0
OPEN,2088,2075,7,2167,2161,0,1514,1544,26,1302,1262,0,1614,1602,0
OPEN,2079,2077,6,2137,2150,0,1529,1537,30,1298,1278,0,1581,1592,0
OPEN,2060,2069,10,2127,2140,0,1489,1516,40,1198,1242,73,1592,1592,0
OPEN,2078,2073,8,2155,2147,0,1494,1506,45,1203,1225,100,1579,1586,0
OPEN,2065,2070,10,2188,2165,0,1426,1470,62,1223,1224,100,1570,1579,0
OPEN,2075,2072,9,2132,2150,0,1434,1454,70,1235,1229,100,1609,1592,0
OPEN,2085,2078,6,2165,2157,0,1471,1462,66,1321,1270,0,1623,1606,0
OPEN,2083,2080,5,2156,2156,0,1452,1457,68,1340,1302,0,1598,1603,0
OPEN,2068,2075,7,2132,2145,0,1498,1476,59,1230,1269,0,1607,1605,0
OPEN,2040,2059,14,2126,2137,0,1649,1554,22,1193,1235,100,1562,1585,0
OPEN,2066,2062,13,2142,2139,0,1486,1523,37,1187,1213,100,1558,1573,14
OPEN,2077,2069,10,2144,2141,0,1510,1517,39,1243,1227,100,1560,1567,29
OPEN,2072,2070,10,2157,2148,0,1674,1588,5,1240,1233,100,1571,1569,24
OPEN,2055,2063,13,2163,2155,0,1654,1618,0,1311,1268,0,1627,1595,0
OPEN,2050,2057,15,2164,2159,0,1524,1575,12,1316,1290,0,1571,1584,0
OPEN,2049,2054,16,2142,2151,0,1677,1621,0,1221,1259,7,1582,1583,0
OPEN,2080,2065,12,2130,2142,0,1663,1640,0,1198,1231,100,1599,1590,0
OPEN,2053,2060,14,2142,2142,0,1671,1654,0,1259,1244,65,1586,1588,0
OPEN,2087,2072,9,2152,2146,0,1693,1672,0,1230,1238,88,1594,1591,0
OPEN,2063,2068,10,2128,2138,0,1643,1659,0,1218,1229,100,1608,1599,0
OPEN,2105,2085,3,2147,2142,0,1495,1585,7,1376,1295,0,1612,1605,0
OPEN,2070,2078,6,2167,2153,0,1526,1558,20,1312,1303,0,1583,1595,0
OPEN,2075,2077,6,2139,2147,0,1417,1495,50,1233,1271,0,1581,1589,0
OPEN,2047,2063,13,2122,2136,0,1574,1530,33,1214,1246,57,1577,1583,0
OPEN,2066,2065,12,2143,2139,0,1661,1589,5,1246,1246,57,1587,1585,0
OPEN,2060,2062,13,2143,2141,0,1543,1568,15,1248,1247,53,1589,1587,0
OPEN,2092,2076,7,2153,2146,0,1420,1502,47,1305,1273,0,1644,1613,0
OPEN,2063,2070,10,2151,2148,0,1625,1557,20,1309,1289,0,1620,1616,0
OPEN,2070,2070,10,2125,2138,0,1616,1584,7,1255,1274,0,1595,1606,0
OPEN,2024,2049,19,2137,2137,0,1209,1415,88,1190,1236,96,1567,1589,0
OPEN,2063,2055,16,2147,2142,0,1345,1384,100,1223,1230,100,1575,1583,0
OPEN,2034,2046,20,2128,2136,0,1644,1501,47,1256,1242,73,1599,1590,0
OPEN,2072,2058,15,2145,2140,0,1542,1519,38,1243,1242,73,1568,1580,0
OPEN,2069,2063,13,2153,2146,0,1366,1450,72,1336,1284,0,1636,1605,0
OPEN,2066,2064,12,2165,2154,0,1698,1562,18,1304,1293,0,1593,1600,0
OPEN,1986,2029,27,2147,2151,0,1683,1616,0,1220,1260,3,1572,1587,0
OPEN,2063,2044,21,2153,2152,0,1623,1619,0,1189,1228,100,1590,1588,0
OPEN,2064,2053,17,2158,2155,0,1683,1648,0,1224,1226,100,1571,1581,0
OPEN,2059,2056,16,2166,2160,0,1702,1672,0,1224,1225,100,1589,1584,0
OPEN,2073,2064,12,2164,2162,0,1706,1687,0,1249,1236,96,1585,1585,0
OPEN,2067,2065,12,2143,2153,0,1688,1688,0,1323,1275,0,1613,1597,0
OPEN,2078,2071,9,2168,2160,0,1663,1677,0,1302,1287,0,1572,1586,0
OPEN,2070,2070,10,2116,2140,0,1700,1687,0,1244,1268,0,1571,1579,0
OPEN,2057,2064,12,2079,2113,0,1733,1708,0,1214,1244,65,1574,1577,4
OPEN,2045,2056,16,2107,2110,0,1657,1685,0,1218,1232,100,1593,1584,0
OPEN,2038,2048,19,2081,2097,0,1661,1674,0,1243,1237,92,1586,1585,0
OPEN,2047,2047,20,2064,2082,0,1701,1686,0,1286,1259,7,1602,1593,0
OPEN,2048,2048,19,2041,2064,6,1652,1671,0,1317,1285,0,1607,1599,0
OPEN,2038,2043,21,2019,2044,21,1634,1654,0,1234,1262,0,1597,1598,0
OPEN,2024,2035,25,1936,1995,58,1649,1652,0,1218,1242,73,1569,1585,0
OPEN,2008,2023,30,1930,1966,80,1680,1665,0,1243,1243,69,1567,1577,4
OPEN,1980,2003,39,1932,1951,91,1671,1667,0,1233,1238,88,1569,1573,14
OPEN,1939,1974,51,1917,1935,100,1630,1651,0,1234,1236,96,1615,1592,0
OPEN,1961,1968,54,1952,1943,97,1695,1671,0,1264,1249,46,1614,1602,0
OPEN,1927,1950,62,1967,1954,89,1633,1654,0,1256,1252,34,1599,1601,0
OPEN,1948,1949,62,1938,1947,94,1649,1652,0,1192,1225,100,1579,1591,0
OPEN,1935,1943,65,1962,1954,89,1667,1659,0,1155,1194,100,1596,1593,0
OPEN,1967,1954,60,1955,1954,89,1631,1646,0,1226,1208,100,1581,1588,0
OPEN,1929,1943,65,1972,1962,83,1656,1651,0,1230,1218,100,1592,1590,0
OPEN,1955,1948,63,1952,1958,86,1635,1644,0,1233,1225,100,1580,1585,0
OPEN,1962,1954,60,1965,1961,84,1681,1660,0,1277,1248,50,1580,1583,0
OPEN,1952,1953,60,1971,1965,81,1647,1654,0,1255,1251,38,1571,1578,2
OPEN,1942,1948,63,1933,1951,91,1634,1645,0,1224,1239,84,1587,1582,0
OPEN,1955,1951,61,1945,1948,93,1671,1657,0,1201,1222,100,1529,1558,51
OPEN,1944,1948,63,1985,1965,81,1649,1653,0,1183,1204,100,1594,1574,12
OPEN,1955,1951,61,1964,1964,81,1672,1662,0,1212,1208,100,1595,1584,0
OPEN,1979,1964,56,1945,1956,87,1671,1666,0,1217,1212,100,1577,1581,0
OPEN,1960,1962,56,1957,1956,87,1689,1676,0,1231,1221,100,1622,1599,0
OPEN,1962,1962,56,1963,1959,85,1662,1670,0,1259,1238,88,1627,1612,0
OPEN,1959,1961,57,1948,1954,89,1647,1660,0,1204,1223,100,1570,1593,0
OPEN,1967,1964,56,1944,1950,92,1645,1653,0,1193,1209,100,1569,1582,0
OPEN,1982,1972,52,1947,1948,93,1620,1638,0,1215,1212,100,1585,1583,0
OPEN,1957,1965,55,1959,1953,90,1648,1643,0,1190,1202,100,1586,1585,0
OPEN,1959,1962,56,1971,1961,84,1684,1661,0,1214,1207,100,1619,1600,0
OPEN,1965,1964,56,2017,1986,65,1596,1632,0,1232,1218,100,1638,1617,0
OPEN,1969,1966,55,1950,1970,77,1665,1647,0,1250,1233,100,1609,1613,0
OPEN,1969,1967,54,1915,1945,96,1643,1645,0,1230,1231,100,1596,1606,0
OPEN,1977,1972,52,1903,1926,100,1640,1643,0,1194,1215,100,1573,1591,0
OPEN,1931,1953,60,1963,1943,97,1660,1651,0,1179,1199,100,1570,1582,0
OPEN,1976,1964,56,1953,1947,94,1632,1642,0,1238,1216,100,1581,1581,0
OPEN,1978,1970,53,1940,1944,96,1662,1651,0,1246,1230,100,1586,1583,0
OPEN,1985,1977,50,1996,1967,79,1643,1647,0,1282,1253,30,1607,1594,0
OPEN,1982,1979,49,1944,1957,87,1631,1640,0,1265,1259,7,1606,1599,0
OPEN,1974,1977,50,1956,1956,87,1667,1652,0,1227,1244,65,1589,1595,0
OPEN,1976,1976,50,1948,1953,90,1687,1668,0,1205,1227,100,1579,1588,0
OPEN,1963,1970,53,1951,1952,90,1615,1644,0,1232,1229,100,1550,1571,19
OPEN,1976,1973,52,1948,1950,92,1679,1660,0,1133,1186,100,1574,1572,17
OPEN,1971,1972,52,1969,1959,85,1611,1638,0,1219,1201,100,1576,1574,12
OPEN,1962,1968,54,2006,1980,69,1601,1621,0,1280,1236,96,1616,1593,0
OPEN,2001,1983,47,1980,1980,69,1564,1595,2,1272,1252,34,1601,1597,0
OPEN,1968,1976,50,1983,1981,68,1603,1599,0,1237,1245,61,1595,1596,0
OPEN,1973,1975,51,1947,1966,80,1583,1592,3,1196,1223,100,1575,1586,0
OPEN,1983,1978,50,1959,1963,82,1601,1596,1,1236,1229,100,1555,1572,17
OPEN,1979,1979,49,1975,1968,78,1606,1600,0,1219,1224,100,1564,1569,24
OPEN,1979,1979,49,1975,1971,76,1621,1610,0,1223,1224,100,1571,1570,21
OPEN,2022,1998,41,1982,1976,72,1584,1598,0,1292,1254,26,1590,1579,0
OPEN,1993,1996,42,1981,1978,71,1597,1598,0,1255,1255,23,1607,1591,0
OPEN,2004,2000,40,1928,1956,87,1609,1603,0,1232,1244,65,1539,1568,26
OPEN,1997,1998,41,1950,1953,90,1538,1574,12,1220,1233,100,1577,1572,17
OPEN,2036,2015,33,1954,1954,89,1610,1590,4,1227,1231,100,1602,1585,0
OPEN,2037,2025,29,1972,1962,83,1630,1608,0,1239,1234,100,1582,1584,0
OPEN,2023,2024,30,2011,1984,66,1645,1625,0,1271,1251,38,1582,1583,0
OPEN,2031,2027,28,1992,1988,63,1632,1628,0,1269,1259,7,1620,1600,0
OPEN,2019,2024,30,1953,1972,75,1654,1640,0,1221,1242,73,1582,1592,0
OPEN,2018,2021,31,1968,1970,77,1633,1637,0,1155,1203,100,1559,1577,4
OPEN,2025,2023,30,1945,1959,85,1523,1586,6,1228,1214,100,1577,1577,4
OPEN,2018,2021,31,1989,1972,75,1641,1610,0,1232,1222,100,1576,1577,4
OPEN,2035,2027,28,1945,1960,84,1679,1641,0,1242,1231,100,1590,1583,0
OPEN,2025,2026,29,1981,1969,78,1634,1638,0,1277,1252,34,1607,1594,0
OPEN,2029,2027,28,1984,1976,72,1677,1656,0,1240,1246,57,1572,1584,0
OPEN,1998,2014,34,1989,1982,68,1645,1651,0,1223,1236,96,1551,1569,24
OPEN,2038,2025,29,1966,1975,73,1664,1657,0,1201,1220,100,1582,1575,9
OPEN,2034,2029,27,1936,1957,87,1644,1651,0,1216,1218,100,1578,1576,7
OPEN,2008,2020,31,1979,1967,79,1680,1664,0,1184,1203,100,1569,1573,14
OPEN,2033,2026,29,1967,1967,79,1676,1669,0,1251,1225,100,1568,1571,19
OPEN,2023,2024,30,1994,1979,70,1645,1658,0,1301,1259,7,1595,1582,0
OPEN,2015,2020,31,1981,1980,69,1675,1666,0,1256,1258,11,1602,1591,0
OPEN,2023,2021,31,1955,1969,78,1668,1667,0,1185,1225,100,1543,1569,24
OPEN,2028,2024,30,1986,1977,71,1660,1664,0,1204,1216,100,1563,1566,31
OPEN,2014,2020,31,1979,1978,71,1639,1653,0,1235,1224,100,1556,1562,41
OPEN,2028,2023,30,2002,1989,62,1668,1660,0,1219,1222,100,1583,1571,19
OPEN,2050,2035,25,2008,1997,56,1669,1664,0,1272,1244,65,1569,1570,21
OPEN,2026,2031,26,1992,1995,58,1699,1680,0,1284,1262,0,1594,1581,0
OPEN,2034,2032,26,1951,1975,73,1653,1668,0,1199,1234,100,1580,1581,0
OPEN,2018,2026,29,2001,1987,64,1687,1676,0,1212,1224,100,1562,1572,17
OPEN,2034,2030,27,1996,1991,61,1731,1701,0,1192,1210,100,1584,1578,2
OPEN,2043,2036,24,1975,1984,66,1677,1690,0,1225,1217,100,1560,1570,21
OPEN,2011,2025,29,1953,1970,77,1677,1684,0,1248,1231,100,1592,1580,0
OPEN,2072,2046,20,1990,1979,70,1712,1697,0,1288,1256,19,1597,1587,0
OPEN,2045,2045,20,2017,1996,57,1736,1714,0,1218,1239,84,1620,1602,0
OPEN,2014,2031,26,2001,1998,56,1642,1682,0,1264,1250,42,1592,1598,0
OPEN,2029,2030,27,1985,1992,60,1648,1667,0,1233,1243,69,1614,1605,0
OPEN,2019,2025,29,2015,2003,52,1662,1665,0,1199,1223,100,1581,1594,0
OPEN,2029,2027,28,1980,1992,60,1656,1661,0,1214,1219,100,1583,1589,0
OPEN,2022,2025,29,1993,1993,59,1672,1666,0,1223,1221,100,1582,1586,0
OPEN,2043,2033,26,2022,2006,50,1610,1641,0,1236,1228,100,1585,1586,0
OPEN,2034,2033,26,2028,2016,42,1543,1597,1,1325,1271,0,1564,1576,7
OPEN,2048,2040,23,2039,2026,34,1654,1622,0,1268,1270,0,1600,1587,0
OPEN,2045,2028,28,2008,2006,50,1671,1653,0,1217,1212,100,1559,1572,17
OPEN,2046,2036,24,2022,2013,44,1108,1408,92,1235,1222,100,1598,1584,0
OPEN,2035,2036,24,2025,2018,40,1699,1539,29,1208,1216,100,1583,1583,0
OPEN,2038,2037,24,2035,2026,34,1207,1389,100,1240,1227,100,1590,1586,0
OPEN,2048,2042,22,2042,2033,29,1149,1281,100,1274,1248,50,1596,1591,0
OPEN,2044,2043,21,2048,2040,24,1653,1449,72,1280,1262,0,1600,1595,0
OPEN,2051,2046,20,2017,2030,31,1320,1391,100,1228,1247,53,1606,1600,0
OPEN,1997,2024,30,2008,2020,39,1222,1315,100,1205,1228,100,1595,1598,0
OPEN,2038,2030,27,2030,2024,36,1716,1495,50,1192,1212,100,1575,1587,0
OPEN,2037,2033,26,2012,2019,40,1687,1582,8,1235,1222,100,1587,1587,0
OPEN,2015,2025,29,2011,2015,43,1309,1459,67,1232,1227,100,1602,1594,0
OPEN,2048,2035,25,2039,2026,34,1692,1564,17,1309,1264,0,1579,1587,0
OPEN,2027,2032,26,2022,2024,36,1122,1365,100,1256,1260,3,1610,1597,0
OPEN,2016,2025,29,1999,2013,44,1677,1505,45,1246,1254,26,1556,1579,0
OPEN,2012,2019,32,2003,2008,48,1491,1499,48,1197,1228,100,1578,1578,2
OPEN,2052,2034,25,2014,2011,46,1649,1566,16,1273,1248,50,1541,1562,41
OPEN,2018,2027,28,2026,2018,40,1445,1512,42,1231,1241,76,1593,1576,7
OPEN,2039,2032,26,2024,2021,38,1671,1583,8,1248,1244,65,1573,1574,12
OPEN,2056,2043,21,2051,2034,28,1642,1610,0,1309,1273,0,1619,1595,0
OPEN,2031,2038,23,2024,2030,31,1405,1518,39,1293,1282,0,1593,1594,0
OPEN,2028,2033,26,2010,2021,38,1683,1592,3,1234,1260,3,1575,1585,0
OPEN,2056,2043,21,1997,2010,46,1633,1610,0,1179,1224,100,1568,1578,2
OPEN,2010,2028,28,2024,2016,42,1602,1607,0,1198,1212,100,1569,1574,12
OPEN,2032,2030,27,2025,2020,39,1428,1526,35,1215,1213,100,1587,1580,0
OPEN,2067,2047,20,1998,2010,46,1654,1584,7,1232,1222,100,1596,1587,0
OPEN,2080,2062,13,2039,2023,37,1235,1427,83,1316,1264,0,1607,1596,0
OPEN,2038,2051,18,2029,2026,34,1666,1534,31,1288,1275,0,1581,1589,0
OPEN,2034,2043,21,2019,2023,37,1394,1471,62,1261,1269,0,1587,1588,0
OPEN,2044,2044,21,2011,2017,41,1676,1563,17,1214,1244,65,1591,1589,0
OPEN,2035,2040,23,2007,2013,44,1149,1377,100,1222,1234,100,1594,1592,0
OPEN,2055,2047,20,2016,2014,43,1701,1523,37,1218,1227,100,1583,1588,0
OPEN,2040,2044,21,2015,2015,43,1651,1580,9,1263,1243,69,1609,1597,0
OPEN,2056,2049,19,1983,2000,54,1271,1441,76,1276,1258,11,1594,1596,0
OPEN,2031,2041,22,2055,2025,35,1442,1442,75,1280,1268,0,1604,1599,0
OPEN,2018,2031,26,2034,2029,32,1640,1531,33,1235,1253,30,1579,1590,0
OPEN,2032,2031,26,2015,2023,37,1515,1524,36,1209,1233,100,1604,1596,0
OPEN,2024,2028,28,2044,2032,30,1670,1590,4,1216,1225,100,1597,1597,0
OPEN,2040,2033,26,2040,2036,27,1118,1377,100,1246,1235,100,1590,1594,0
OPEN,2025,2030,27,2025,2031,31,1515,1439,77,1232,1233,100,1599,1596,0
OPEN,2040,2034,25,2050,2040,24,1715,1563,17,1289,1258,11,1621,1607,0
OPEN,1989,2014,34,2036,2038,25,1686,1619,0,1265,1261,0,1613,1610,0
OPEN,2011,2013,34,2003,2022,37,1600,1610,0,1249,1256,19,1606,1608,0
OPEN,1990,2002,39,2021,2022,37,1663,1634,0,1208,1234,100,1563,1588,0
OPEN,2006,2004,38,2019,2020,39,1620,1628,0,1230,1232,100,1570,1580,0
OPEN,2025,2013,34,2048,2033,29,1691,1656,0,1239,1235,100,1597,1588,0
OPEN,2023,2018,32,2041,2037,26,1557,1612,0,1223,1230,100,1620,1602,0
OPEN,2019,2018,32,2074,2053,14,1365,1501,47,1272,1249,46,1627,1613,0
OPEN,2034,2025,29,2020,2038,25,1174,1354,100,1271,1259,7,1614,1614,0
OPEN,2010,2018,32,2035,2037,26,1567,1450,72,1211,1237,92,1599,1607,0
OPEN,2023,2021,31,2036,2036,27,1693,1559,19,1211,1225,100,1526,1571,19
OPEN,2017,2019,32,2047,2041,23,1663,1606,0,1232,1228,100,1585,1577,4
OPEN,2024,2021,31,2045,2043,21,1684,1641,0,1249,1238,88,1579,1578,2
OPEN,2028,2024,30,2035,2039,25,1664,1651,0,1268,1251,38,1589,1583,0
OPEN,2026,2025,29,2080,2058,10,1679,1664,0,1316,1280,0,1598,1590,0
OPEN,2030,2027,28,2055,2056,12,1404,1547,25,1285,1282,0,1561,1577,4
OPEN,2025,2026,29,2053,2055,12,1379,1471,62,1197,1244,65,1566,1572,17
OPEN,2046,2035,25,2039,2048,18,1329,1407,92,1256,1249,46,1561,1567,29
OPEN,2044,2039,23,2082,2063,6,1347,1380,100,1213,1233,100,1587,1576,7
OPEN,2039,2039,23,2034,2050,16,1329,1357,100,1237,1235,100,1608,1590,0
OPEN,2036,2038,23,2067,2058,10,1375,1365,100,1235,1235,100,1585,1588,0
OPEN,2048,2042,22,2120,2086,0,1231,1305,100,1324,1275,0,1576,1583,0
OPEN,2039,2041,22,2072,2080,0,1485,1386,100,1282,1278,0,1616,1598,0
OPEN,2055,2047,20,2028,2056,12,1248,1324,100,1248,1265,0,1576,1588,0
OPEN,2024,2037,24,2035,2047,18,1189,1263,100,1216,1243,69,1581,1585,0
OPEN,2024,2031,26,2057,2051,15,1220,1244,100,1266,1253,30,1565,1576,7
OPEN,2037,2034,25,2043,2048,18,1139,1197,100,1250,1252,34,1567,1572,17
OPEN,2029,2032,26,2085,2064,6,1071,1140,100,1220,1237,92,1599,1584,0
OPEN,2054,2042,22,2061,2063,6,1279,1203,100,1243,1240,80,1578,1581,0
OPEN,2007,2026,29,2091,2076,0,1707,1430,81,1271,1254,26,1630,1603,0
OPEN,2040,2032,26,2073,2074,0,1504,1463,65,1276,1264,0,1582,1594,0
OPEN,2031,2032,26,2056,2066,4,1114,1306,100,1216,1242,73,1605,1599,0
OPEN,2031,2031,26,2065,2066,4,1679,1474,60,1212,1229,100,1569,1585,0
OPEN,2048,2039,23,2045,2056,12,1675,1564,17,1185,1209,100,1602,1593,0
OPEN,2041,2040,23,2070,2062,7,1207,1404,94,1222,1215,100,1577,1586,0
OPEN,2039,2039,23,2056,2060,9,1247,1333,100,1232,1223,100,1581,1584,0
OPEN,2050,2044,21,2081,2069,2,1443,1383,100,1295,1255,23,1616,1598,0
OPEN,2054,2049,19,2084,2076,0,1300,1345,100,1296,1274,0,1585,1592,0
OPEN,2055,2051,18,2049,2064,6,1175,1269,100,1223,1251,38,1566,1580,0
OPEN,2033,2043,21,2049,2057,11,1320,1292,100,1218,1236,96,1571,1576,7
OPEN,2010,2028,28,2111,2081,0,1651,1453,70,1255,1245,61,1592,1583,0
OPEN,2044,2035,25,2062,2073,0,1113,1300,100,1228,1237,92,1584,1584,0
OPEN,2006,2022,30,2086,2079,0,1176,1244,100,1233,1235,100,1590,1586,0
OPEN,2063,2041,22,2093,2085,0,1410,1319,100,1319,1273,0,1591,1589,0
OPEN,2050,2045,20,2076,2081,0,1683,1483,56,1304,1287,0,1576,1583,0
OPEN,2051,2048,19,2052,2068,3,1111,1315,100,1255,1273,0,1572,1578,2
OPEN,2028,2039,23,2050,2060,9,1670,1475,60,1207,1243,69,1537,1560,46
OPEN,2020,2030,27,2053,2057,11,1168,1337,100,1224,1234,100,1606,1580,0
OPEN,2055,2041,22,2077,2066,4,1672,1488,53,1223,1229,100,1580,1580,0
OPEN,2041,2041,22,2065,2065,5,1290,1399,96,1226,1228,100,1606,1592,0
OPEN,2072,2055,16,2082,2073,0,1175,1298,100,1296,1259,7,1635,1611,0
OPEN,2025,2042,22,2074,2073,0,1670,1465,64,1289,1272,0,1592,1603,0
OPEN,2035,2039,23,2077,2075,0,1148,1323,100,1280,1276,0,1582,1593,0
OPEN,2039,2039,23,2080,2077,0,1257,1293,100,1199,1241,76,1592,1593,0
OPEN,2040,2039,23,2089,2083,0,1221,1261,100,1202,1224,100,1562,1579,0
OPEN,2047,2043,21,2061,2073,0,1173,1221,100,1233,1228,100,1569,1574,12
OPEN,2019,2032,26,2097,2084,0,1236,1228,100,1237,1232,100,1572,1573,14
OPEN,2066,2047,20,2057,2072,0,1364,1289,100,1295,1260,3,1610,1590,0
OPEN,2052,2049,19,2087,2079,0,1174,1237,100,1268,1264,0,1585,1588,0
OPEN,2045,2047,20,2048,2065,5,1666,1430,81,1200,1235,100,1592,1590,0
OPEN,2036,2042,22,2051,2059,9,1636,1523,37,1217,1227,100,1574,1583,0
OPEN,2037,2040,23,2067,2062,7,1705,1605,0,1217,1222,100,1562,1573,14
OPEN,2051,2045,20,2063,2063,6,1669,1634,0,1252,1236,96,1567,1570,21
OPEN,2047,2046,20,2082,2071,0,1485,1567,15,1249,1242,73,1608,1587,0
OPEN,2055,2050,18,2079,2075,0,1485,1530,33,1307,1271,0,1586,1587,0
OPEN,2047,2049,19,2070,2073,0,1395,1469,62,1301,1285,0,1583,1585,0
OPEN,2024,2038,23,2030,2053,14,1283,1385,100,1199,1246,57,1536,1563,39
OPEN,2046,2041,22,2088,2069,2,1581,1473,61,1233,1240,80,1602,1581,0
OPEN,2040,2041,22,2054,2062,7,1389,1435,79,1201,1223,100,1553,1568,26
OPEN,2020,2031,26,2094,2077,0,1648,1531,33,1213,1218,100,1595,1580,0
OPEN,2070,2049,19,2102,2088,0,1633,1577,11,1307,1258,11,1612,1595,0
OPEN,2035,2043,21,2075,2082,0,1479,1533,32,1273,1265,0,1599,1597,0
OPEN,2044,2043,21,2075,2079,0,1326,1440,76,1249,1258,11,1590,1594,0
OPEN,2034,2039,23,2043,2063,6,1231,1346,100,1208,1235,100,1561,1579,0
OPEN,2045,2042,22,2042,2053,14,1186,1274,100,1207,1223,100,1588,1583,0
OPEN,2025,2034,25,1983,2022,37,1227,1253,100,1240,1230,100,1567,1576,7
OPEN,2048,2040,23,1948,1989,62,1253,1253,100,1236,1233,100,1621,1596,0
OPEN,2033,2037,24,2031,2008,48,1344,1294,100,1223,1228,100,1603,1599,0
OPEN,2052,2044,21,1998,2003,52,1469,1373,100,1257,1241,76,1567,1585,0
OPEN,2023,2034,25,1989,1997,56,1255,1320,100,1238,1240,80,1598,1591,0
OPEN,2032,2033,26,2016,2005,50,1623,1456,69,1220,1231,100,1569,1581,0
OPEN,2027,2030,27,2007,2006,50,1657,1547,25,1205,1219,100,1568,1575,9
OPEN,2036,2033,26,2013,2009,47,1644,1590,4,1233,1225,100,1580,1577,4
OPEN,2034,2033,26,2039,2023,37,1429,1518,39,1240,1232,100,1556,1568,26
OPEN,2037,2035,25,2064,2041,23,1678,1590,4,1303,1264,0,1628,1595,0
OPEN,2048,2041,22,2033,2038,25,1158,1396,98,1296,1278,0,1592,1594,0
OPEN,2042,2041,22,2025,2032,30,1692,1529,34,1240,1261,0,1593,1593,0
OPEN,2031,2037,24,2012,2023,37,1682,1598,0,1199,1233,100,1564,1580,0
OPEN,2036,2036,24,2023,2023,37,1275,1453,70,1235,1234,100,1604,1591,0
OPEN,2076,2054,16,1991,2009,47,1248,1361,100,1262,1247,53,1564,1579,0
OPEN,2039,2047,20,2027,2017,41,1334,1349,100,1236,1242,73,1564,1572,17
OPEN,2063,2054,16,2018,2017,41,1319,1335,100,1263,1251,38,1642,1604,0
OPEN,2062,2058,15,2030,2023,37,1248,1296,100,1240,1246,57,1615,1609,0
OPEN,2027,2044,21,2039,2030,31,1177,1242,100,1198,1225,100,1564,1589,0
OPEN,2016,2031,26,2045,2037,26,1713,1454,70,1216,1221,100,1567,1579,0
OPEN,2033,2032,26,2023,2031,31,1245,1360,100,1209,1215,100,1565,1573,14
OPEN,2058,2044,21,2025,2028,33,1148,1265,100,1235,1224,100,1575,1574,12
OPEN,2037,2041,22,2069,2047,18,1089,1186,100,1215,1220,100,1571,1572,17
OPEN,2068,2053,17,2063,2054,13,1277,1227,100,1284,1249,46,1605,1587,0
OPEN,2044,2049,19,2059,2056,12,1416,1312,100,1279,1262,0,1616,1600,0
OPEN,2029,2040,23,2021,2040,24,1641,1460,67,1212,1240,80,1599,1600,0
OPEN,2075,2056,16,2023,2033,29,1547,1499,48,1234,1237,92,1539,1572,17
OPEN,2045,2051,18,2039,2035,28,1548,1521,37,1221,1230,100,1601,1585,0
OPEN,2015,2035,25,2048,2041,23,1375,1455,69,1240,1234,100,1575,1581,0
OPEN,2039,2037,24,2044,2042,22,1321,1395,98,1253,1243,69,1538,1561,43
OPEN,2071,2052,17,2039,2041,23,1519,1451,71,1289,1264,0,1617,1586,0
OPEN,2048,2050,18,2053,2046,19,1474,1461,66,1274,1268,0,1593,1589,0
OPEN,2030,2041,22,2060,2052,15,1348,1410,91,1223,1248,50,1586,1588,0
OPEN,2041,2041,22,2049,2051,15,1640,1514,41,1223,1237,92,1588,1588,0
OPEN,2020,2032,26,2043,2047,18,1698,1597,1,1222,1230,100,1590,1589,0
OPEN,2048,2039,23,2006,2029,32,1672,1631,0,1243,1236,96,1593,1591,0
OPEN,2050,2044,21,2043,2035,28,1625,1628,0,1227,1232,100,1583,1587,0
OPEN,2101,2070,10,1990,2015,43,1668,1646,0,1287,1257,15,1614,1599,0
OPEN,2049,2060,14,2053,2032,30,1688,1665,0,1269,1262,0,1595,1597,0
OPEN,2031,2047,20,2039,2035,28,1668,1666,0,1241,1253,30,1593,1595,0
OPEN,2059,2052,17,2009,2023,37,1675,1670,0,1227,1241,76,1603,1599,0
OPEN,2035,2045,20,2044,2033,29,1632,1653,0,1231,1237,92,1563,1583,0
OPEN,2041,2043,21,2039,2036,27,1750,1697,0,1210,1225,100,1615,1597,0
OPEN,2039,2041,22,2025,2031,31,1664,1682,0,1228,1226,100,1586,1592,0
OPEN,2045,2043,21,2051,2040,24,1665,1674,0,1254,1239,84,1615,1602,0
OPEN,2045,2044,21,2046,2043,21,1680,1677,0,1281,1258,11,1593,1598,0
OPEN,2060,2051,18,2015,2030,31,1660,1669,0,1230,1245,61,1571,1586,0
OPEN,2043,2047,20,2020,2026,34,1622,1648,0,1208,1228,100,1577,1582,0
OPEN,2004,2028,28,2065,2043,21,1630,1640,0,1216,1223,100,1571,1577,4
OPEN,2043,2035,25,2010,2028,33,1663,1650,0,1213,1218,100,1573,1575,9
OPEN,2048,2041,22,2004,2017,41,1656,1653,0,1211,1215,100,1577,1576,7
OPEN,2060,2049,19,2052,2033,29,1649,1651,0,1312,1259,7,1616,1594,0
OPEN,2041,2046,20,2048,2040,24,1657,1654,0,1269,1263,0,1611,1602,0
OPEN,2050,2048,19,2027,2034,28,1626,1641,0,1245,1255,23,1563,1584,0
OPEN,2028,2039,23,2027,2031,31,1645,1643,0,1232,1245,61,1587,1585,0
OPEN,2028,2034,25,2017,2025,35,1630,1637,0,1231,1239,84,1594,1589,0
OPEN,2046,2039,23,2060,2041,23,1662,1648,0,1256,1246,57,1591,1590,0
OPEN,2053,2045,20,2047,2043,21,1649,1649,0,1254,1250,42,1577,1584,0
OPEN,2055,2050,18,2032,2038,25,1666,1656,0,1298,1271,0,1649,1613,0
OPEN,2058,2053,17,2028,2034,28,1487,1580,9,1244,1259,7,1591,1603,0
OPEN,2031,2043,21,1990,2014,43,1431,1513,41,1215,1239,84,1564,1586,0
OPEN,1998,2023,30,2057,2033,29,1410,1467,63,1203,1223,100,1570,1579,0
OPEN,2059,2039,23,2019,2027,34,1448,1458,68,1240,1231,100,1578,1578,2
OPEN,2048,2043,21,2011,2020,39,1413,1438,77,1234,1232,100,1588,1583,0
OPEN,2076,2058,15,2020,2020,39,1443,1440,76,1296,1261,0,1588,1585,0
OPEN,2064,2061,13,2002,2012,45,1419,1431,81,1258,1260,3,1597,1590,0
OPEN,2045,2054,16,2020,2016,42,1370,1403,94,1272,1265,0,1587,1589,0
OPEN,2017,2037,24,2004,2010,46,1361,1384,100,1211,1241,76,1566,1579,0
OPEN,2021,2030,27,2012,2011,46,1402,1392,100,1207,1226,100,1587,1582,0
OPEN,2037,2033,26,2017,2014,43,1444,1416,88,1252,1237,92,1558,1571,19
OPEN,2052,2042,22,2012,2013,44,1434,1424,84,1248,1242,73,1584,1577,4
OPEN,2062,2051,18,2016,2014,43,1489,1453,70,1267,1253,30,1603,1589,0
OPEN,2049,2050,18,2027,2020,39,1430,1443,75,1261,1257,15,1606,1597,0
OPEN,2041,2046,20,1991,2007,49,1420,1433,80,1210,1236,96,1575,1587,0
OPEN,2017,2033,26,2000,2004,51,1406,1421,86,1222,1230,100,1591,1589,0
OPEN,2038,2035,25,2005,2004,51,1417,1419,87,1209,1220,100,1593,1591,0
OPEN,2016,2027,28,2015,2009,47,1387,1405,93,1223,1222,100,1590,1590,0
OPEN,2044,2034,25,2024,2016,42,1423,1413,89,1252,1235,100,1595,1592,0
OPEN,2060,2046,20,2016,2016,42,1363,1390,100,1287,1259,7,1610,1600,0
OPEN,2048,2047,20,2020,2018,40,1372,1382,100,1253,1256,19,1597,1599,0
OPEN,2039,2043,21,1995,2008,48,1347,1366,100,1240,1249,46,1556,1580,0
OPEN,2030,2037,24,2011,2009,47,1394,1379,100,1207,1230,100,1612,1594,0
OPEN,2059,2047,20,1958,1986,65,1390,1384,100,1241,1235,100,1573,1585,0
OPEN,2035,2042,22,1984,1985,65,1410,1396,98,1226,1231,100,1581,1583,0
OPEN,2046,2044,21,2003,1993,59,1431,1412,90,1219,1226,100,1603,1592,0
OPEN,2032,2038,23,1985,1990,62,1418,1414,89,1249,1236,96,1614,1602,0
OPEN,1955,1940,66,1941,1944,96,1628,1583,8,1248,1243,69,1581,1585,0
OPEN,1908,1926,72,1929,1937,100,1615,1597,1,1202,1224,100,1566,1577,4
OPEN,1916,1921,74,1929,1933,100,1634,1614,0,1215,1220,100,1555,1567,29
OPEN,1950,1934,69,1936,1935,100,1702,1654,0,1244,1231,100,1560,1564,36
OPEN,1919,1927,72,1959,1946,95,1621,1639,0,1212,1222,100,1574,1568,26
OPEN,1939,1933,69,1962,1953,90,1647,1643,0,1235,1228,100,1563,1566,31
OPEN,1974,1951,61,1928,1942,98,1679,1659,0,1262,1243,69,1602,1582,0
OPEN,1943,1948,63,1964,1952,90,1676,1667,0,1255,1249,46,1583,1583,0
OPEN,1937,1943,65,1935,1944,96,1638,1654,0,1211,1232,100,1565,1575,9
OPEN,1920,1933,69,1956,1950,92,1641,1648,0,1210,1222,100,1567,1571,19
OPEN,1941,1936,68,1958,1953,90,1636,1643,0,1221,1222,100,1563,1568,26
OPEN,1924,1931,70,1955,1954,89,1672,1656,0,1167,1197,100,1593,1579,0
OPEN,1939,1934,69,1964,1959,85,1630,1644,0,1232,1213,100,1587,1583,0
OPEN,1968,1950,62,1944,1952,90,1668,1655,0,1227,1219,100,1593,1587,0
OPEN,1919,1936,68,2017,1981,68,1643,1650,0,1208,1214,100,1586,1587,0
OPEN,1938,1937,67,1939,1962,83,1648,1649,0,1215,1215,100,1558,1574,12
OPEN,1928,1933,69,1932,1949,93,1660,1654,0,1194,1205,100,1550,1563,39
OPEN,1920,1927,72,1963,1955,88,1624,1640,0,1216,1210,100,1571,1567,29
OPEN,1897,1914,77,1967,1960,84,1514,1584,7,1197,1204,100,1587,1576,7
OPEN,1945,1928,71,1955,1958,86,1494,1543,27,1248,1224,100,1551,1565,34
OPEN,1936,1931,70,1964,1961,84,1551,1547,25,1223,1224,100,1622,1590,0
OPEN,1959,1944,64,1962,1961,84,1474,1514,41,1269,1244,65,1572,1582,0
OPEN,1947,1945,64,1936,1950,92,1347,1439,77,1239,1242,73,1572,1578,2
OPEN,1945,1945,64,1941,1946,95,1155,1311,100,1196,1221,100,1565,1572,17
OPEN,1924,1936,68,1976,1959,85,1567,1426,83,1236,1228,100,1569,1571,19
OPEN,1906,1922,74,1973,1966,80,1650,1527,35,1214,1222,100,1581,1575,9
OPEN,1980,1948,63,1942,1955,88,1670,1591,4,1243,1231,100,1588,1581,0
OPEN,1946,1947,63,1964,1959,85,1684,1633,0,1243,1237,92,1581,1581,0
OPEN,1949,1948,63,1952,1956,87,1634,1633,0,1267,1250,42,1585,1583,0
OPEN,1924,1937,67,1930,1944,96,1648,1640,0,1181,1219,100,1575,1579,0
OPEN,1940,1938,67,1923,1935,100,1538,1594,2,1203,1212,100,1566,1573,14
OPEN,1924,1932,70,1940,1937,100,1559,1578,10,1223,1217,100,1571,1572,17
OPEN,1931,1932,70,1922,1930,100,1506,1546,25,1208,1213,100,1550,1562,41
OPEN,1936,1934,69,1975,1950,92,1595,1568,15,1216,1214,100,1598,1578,2
OPEN,1942,1937,67,1979,1963,82,1611,1587,6,1291,1249,46,1577,1578,2
OPEN,1953,1944,64,1986,1974,74,1572,1580,9,1233,1242,73,1564,1572,17
OPEN,1949,1946,63,1956,1966,80,1634,1605,0,1175,1212,100,1590,1580,0
OPEN,1912,1931,70,1979,1972,75,1648,1624,0,1184,1199,100,1585,1582,0
OPEN,1923,1927,72,1949,1961,84,1603,1615,0,1260,1227,100,1564,1574,12
OPEN,1934,1930,70,1933,1949,93,1623,1618,0,1233,1229,100,1575,1574,12
OPEN,1915,1923,73,1969,1958,86,1621,1620,0,1251,1239,84,1559,1567,29
OPEN,1928,1925,73,1959,1958,86,1468,1551,23,1270,1253,30,1620,1591,0
OPEN,1933,1929,71,1942,1951,91,1112,1354,100,1275,1263,0,1551,1573,14
OPEN,1913,1922,74,1930,1942,98,1345,1350,100,1223,1245,61,1562,1568,26
OPEN,1931,1926,72,1921,1932,100,1624,1473,61,1188,1219,100,1551,1560,46
OPEN,1936,1930,70,1960,1945,96,1287,1389,100,1215,1217,100,1560,1560,46
OPEN,1929,1930,70,1942,1944,96,1536,1455,69,1200,1210,100,1571,1565,34
OPEN,1940,1934,69,1948,1946,95,1646,1541,28,1204,1207,100,1584,1574,12
OPEN,1914,1925,73,1963,1953,90,1675,1601,0,1275,1238,88,1584,1578,2
OPEN,1919,1922,74,1967,1960,84,1553,1580,9,1232,1235,100,1566,1573,14
OPEN,1912,1918,76,1952,1956,87,1610,1593,3,1184,1212,100,1548,1562,41
OPEN,1882,1902,83,1980,1967,79,1279,1452,71,1200,1207,100,1527,1546,80
OPEN,1951,1924,73,1937,1953,90,1623,1529,34,1228,1216,100,1536,1542,90
OPEN,1911,1918,76,1948,1951,91,1438,1488,53,1214,1215,100,1569,1554,60
OPEN,1924,1921,74,1977,1963,82,1633,1553,22,1215,1215,100,1566,1559,48
OPEN,1909,1915,77,1997,1978,71,1578,1564,17,1321,1263,0,1546,1553,63
OPEN,1941,1927,72,1954,1967,79,1582,1572,13,1245,1255,23,1561,1557,53
OPEN,1923,1925,73,1932,1951,91,1547,1561,18,1176,1219,100,1543,1551,68
OPEN,1907,1917,76,1962,1956,87,1522,1543,27,1215,1217,100,1548,1549,73
OPEN,1922,1919,75,1953,1955,88,1554,1548,25,1214,1216,100,1568,1558,51
OPEN,1933,1925,73,1972,1963,82,1520,1535,31,1187,1203,100,1565,1561,43
OPEN,1947,1935,68,1969,1965,81,1490,1515,40,1246,1222,100,1557,1559,48
OPEN,1995,1962,56,1989,1976,72,1440,1481,57,1251,1235,100,1567,1563,39
OPEN,1939,1952,61,1951,1965,81,1485,1483,56,1227,1232,100,1590,1575,9
OPEN,1908,1932,70,1931,1950,92,1516,1498,49,1190,1213,100,1546,1562,41
OPEN,1925,1929,71,1942,1946,95,1496,1497,49,1208,1211,100,1577,1569,24
OPEN,1943,1935,68,1953,1949,93,1498,1497,49,1208,1209,100,1573,1571,19
OPEN,1949,1941,66,1969,1958,86,1512,1504,46,1220,1214,100,1576,1573,14
OPEN,1937,1939,66,2016,1984,66,1491,1498,49,1256,1233,100,1574,1573,14
OPEN,1944,1941,66,1974,1980,69,1506,1502,47,1254,1242,73,1581,1577,4
OPEN,1946,1944,64,1953,1968,78,1520,1510,43,1215,1230,100,1583,1580,0
OPEN,1927,1936,68,1951,1960,84,1475,1494,50,1183,1209,100,1579,1579,0
OPEN,1933,1935,68,1951,1956,87,1473,1485,55,1251,1228,100,1560,1571,19
OPEN,1974,1952,61,1932,1945,96,1517,1499,48,1197,1214,100,1577,1574,12
OPEN,1905,1931,70,1966,1955,88,1495,1497,49,1236,1224,100,1592,1582,0
OPEN,1999,1962,56,1939,1948,93,1506,1501,47,1279,1249,46,1570,1577,4
OPEN,1952,1957,59,1982,1963,82,1488,1495,50,1234,1242,73,1596,1585,0
OPEN,1923,1942,65,1945,1955,88,1516,1505,45,1198,1222,100,1556,1572,17
OPEN,1912,1928,71,1959,1957,87,1488,1497,49,1208,1216,100,1566,1569,24
OPEN,1933,1930,70,1958,1957,87,1510,1503,46,1224,1220,100,1557,1564,36
OPEN,1905,1919,75,1949,1954,89,1488,1496,50,1218,1219,100,1572,1567,29
OPEN,1965,1940,66,1977,1964,81,1538,1515,40,1275,1244,65,1564,1566,31
OPEN,1953,1946,63,1943,1955,88,1525,1520,38,1240,1242,73,1601,1582,0
OPEN,1931,1939,66,1953,1954,89,1510,1515,40,1209,1227,100,1581,1581,0
OPEN,1930,1935,68,1967,1960,84,1506,1511,42,1207,1218,100,1570,1576,7
OPEN,1968,1950,62,1949,1955,88,1443,1480,57,1159,1192,100,1580,1578,2
OPEN,1943,1947,63,1952,1954,89,1367,1429,82,1213,1201,100,1575,1577,4
OPEN,1955,1950,62,1927,1942,98,1375,1405,93,1194,1198,100,1570,1574,12
OPEN,1960,1955,60,1996,1966,80,1198,1312,100,1265,1228,100,1593,1582,0
OPEN,1952,1954,60,1994,1979,70,1205,1264,100,1243,1235,100,1585,1584,0
OPEN,1941,1948,63,1939,1961,84,1664,1444,75,1190,1215,100,1578,1581,0
OPEN,1923,1937,67,1966,1963,82,1650,1537,30,1187,1202,100,1568,1575,9
OPEN,1929,1933,69,1976,1969,78,1653,1589,5,1196,1199,100,1563,1570,21
OPEN,1921,1928,71,1923,1948,93,1676,1628,0,1198,1199,100,1580,1574,12
OPEN,1944,1935,68,1975,1960,84,1630,1629,0,1217,1207,100,1591,1582,0
OPEN,1951,1942,65,2016,1985,65,1652,1639,0,1223,1214,100,1585,1583,0
OPEN,1948,1945,64,1988,1987,64,1627,1634,0,1258,1234,100,1570,1577,4
OPEN,1929,1938,67,1937,1964,81,1213,1444,75,1214,1225,100,1540,1561,43
OPEN,1912,1926,72,1956,1961,84,1285,1373,100,1156,1194,100,1571,1565,34
OPEN,1943,1934,69,1964,1962,83,1345,1360,100,1231,1211,100,1556,1561,43
OPEN,1938,1936,68,1980,1970,77,1313,1339,100,1238,1223,100,1580,1570,21
OPEN,1975,1953,60,1987,1978,71,1481,1403,94,1243,1232,100,1576,1572,17
OPEN,1921,1939,66,2005,1990,62,1435,1417,87,1265,1247,53,1585,1578,2
OPEN,1915,1928,71,1975,1983,67,1427,1422,85,1232,1240,80,1552,1566,31
OPEN,1939,1933,69,1929,1959,85,1471,1444,75,1187,1216,100,1562,1564,36
OPEN,1899,1918,76,2016,1985,65,1369,1410,91,1212,1214,100,1545,1556,56
OPEN,1952,1933,69,1975,1980,69,1391,1402,95,1216,1215,100,1576,1565,34
OPEN,1959,1945,64,1966,1974,74,1365,1385,100,1238,1225,100,1574,1569,24
OPEN,1981,1961,57,1983,1978,71,1467,1422,85,1278,1249,46,1575,1572,17
OPEN,1961,1961,57,1976,1977,71,1440,1430,81,1265,1256,19,1596,1583,0
OPEN,1921,1943,65,1971,1974,74,1471,1448,73,1203,1232,100,1563,1574,12
OPEN,1927,1936,68,1986,1980,69,1448,1448,73,1202,1219,100,1547,1562,41
OPEN,1915,1926,72,1979,1979,70,1471,1458,68,1199,1210,100,1575,1568,26
OPEN,1935,1930,70,1970,1975,73,1434,1447,73,1215,1212,100,1575,1571,19
OPEN,1975,1950,62,1961,1969,78,1433,1441,76,1232,1221,100,1566,1569,24
OPEN,1938,1945,64,1982,1975,73,1331,1391,100,1325,1268,0,1551,1561,43
OPEN,1929,1938,67,1952,1964,81,1647,1506,45,1272,1270,0,1553,1557,53
OPEN,1935,1936,68,1879,1926,100,1607,1552,23,1199,1238,88,1538,1549,73
OPEN,1917,1928,71,1966,1944,96,1603,1575,12,1211,1226,100,1561,1554,60
OPEN,1934,1931,70,1905,1926,100,1598,1585,7,1200,1214,100,1543,1549,73
OPEN,1933,1932,70,1958,1941,99,1611,1597,1,1217,1215,100,1548,1549,73
OPEN,1943,1937,67,1895,1920,100,1618,1606,0,1230,1222,100,1559,1553,63
OPEN,1893,1917,76,1916,1918,100,1615,1610,0,1250,1235,100,1572,1562,41
OPEN,1960,1936,68,1897,1909,100,1610,1610,0,1242,1238,88,1558,1560,46
OPEN,1932,1934,69,1870,1891,100,1595,1603,0,1190,1216,100,1547,1554,60
OPEN,1922,1929,71,1866,1880,100,1635,1618,0,1167,1194,100,1583,1567,29
OPEN,1938,1933,69,1895,1887,100,1576,1599,0,1232,1211,100,1551,1560,46
OPEN,1937,1935,68,1889,1888,100,1627,1612,0,1226,1218,100,1569,1564,36
OPEN,1951,1942,65,1892,1890,100,1619,1615,0,1209,1214,100,1567,1565,34
OPEN,1923,1933,69,1962,1922,100,1584,1601,0,1256,1233,100,1534,1551,68
OPEN,1897,1917,76,1925,1923,100,1588,1595,2,1235,1234,100,1567,1558,51
OPEN,1922,1919,75,1893,1910,100,1582,1589,5,1192,1215,100,1548,1554,60
OPEN,1897,1909,80,1899,1905,100,1638,1611,0,1173,1196,100,1534,1545,82
OPEN,1928,1918,76,1938,1920,100,1581,1598,0,1234,1213,100,1554,1549,73
OPEN,1893,1907,80,1944,1931,100,1592,1595,2,1219,1216,100,1565,1556,56
OPEN,1942,1923,73,1953,1941,99,1669,1628,0,1272,1241,76,1568,1561,43
OPEN,1913,1918,76,1995,1965,81,1578,1606,0,1267,1253,30,1555,1559,48
OPEN,1897,1909,80,1978,1971,76,1588,1598,0,1230,1243,69,1580,1568,26
OPEN,1880,1896,85,1914,1945,96,1593,1596,1,1202,1224,100,1515,1544,85
OPEN,1904,1899,84,1969,1956,87,1510,1557,20,1237,1230,100,1540,1542,90
OPEN,1900,1900,83,1954,1955,88,1575,1565,16,1234,1232,100,1566,1553,63
OPEN,1935,1916,76,1921,1940,100,1511,1541,28,1209,1222,100,1546,1550,70
OPEN,1913,1914,77,1980,1958,86,1673,1600,0,1239,1229,100,1585,1566,31
OPEN,1948,1930,70,1926,1944,96,1528,1568,15,1237,1233,100,1577,1571,19
OPEN,1895,1914,77,1931,1938,100,1392,1489,53,1226,1230,100,1568,1570,21
OPEN,1912,1913,78,1940,1939,100,1471,1481,57,1200,1216,100,1519,1547,78
OPEN,1952,1931,70,1954,1946,95,1443,1464,65,1211,1214,100,1603,1572,17
OPEN,1920,1926,72,1977,1960,84,1447,1456,69,1199,1207,100,1560,1567,29
OPEN,1955,1939,66,1940,1951,91,1475,1465,64,1211,1209,100,1590,1577,4
OPEN,1928,1934,69,1916,1935,100,1449,1458,68,1212,1210,100,1579,1578,2
OPEN,1939,1936,68,1936,1936,100,1536,1493,51,1275,1239,84,1580,1579,0
OPEN,1937,1937,67,1928,1932,100,1450,1474,60,1244,1241,76,1585,1582,0
OPEN,1932,1935,68,1887,1912,100,1389,1436,78,1224,1234,100,1546,1566,31
OPEN,1888,1914,77,1969,1938,100,1343,1394,99,1195,1216,100,1548,1558,51
OPEN,1895,1905,81,1904,1922,100,1317,1359,100,1213,1215,100,1547,1553,63
OPEN,1917,1911,79,1908,1916,100,1374,1366,100,1206,1211,100,1565,1558,51
OPEN,1956,1931,70,1904,1911,100,1351,1359,100,1248,1228,100,1565,1561,43
OPEN,1970,1949,62,1904,1908,100,1417,1385,100,1281,1252,34,1565,1563,39
OPEN,1932,1941,66,1916,1911,100,1349,1369,100,1240,1246,57,1564,1563,39
OPEN,1958,1949,62,1880,1897,100,1353,1362,100,1191,1221,100,1569,1566,31
OPEN,1948,1948,63,1915,1905,100,1366,1364,100,1227,1224,100,1533,1551,68
OPEN,1939,1944,64,1911,1908,100,1333,1350,100,1226,1225,100,1548,1550,70
OPEN,1916,1931,70,1903,1906,100,1309,1331,100,1209,1218,100,1534,1543,87
OPEN,1943,1937,67,1938,1920,100,1325,1329,100,1284,1248,50,1583,1561,43
OPEN,1946,1941,66,1912,1917,100,1662,1479,58,1271,1258,11,1552,1557,53
OPEN,1908,1926,72,1895,1907,100,1183,1346,100,1212,1237,92,1567,1561,43
OPEN,1922,1924,73,1887,1898,100,1151,1258,100,1192,1217,100,1528,1546,80
OPEN,1856,1894,86,1986,1938,100,1637,1429,82,1250,1232,100,1514,1532,100
OPEN,1944,1916,76,1918,1929,100,1648,1527,35,1198,1217,100,1549,1540,95
OPEN,1948,1931,70,1992,1957,87,1665,1589,5,1224,1220,100,1553,1546,80
OPEN,1956,1942,65,1991,1972,75,1662,1622,0,1244,1231,100,1594,1567,29
OPEN,1961,1951,61,2008,1988,63,1642,1631,0,1214,1223,100,1587,1576,7
OPEN,1940,1946,63,1900,1949,93,1635,1633,0,1205,1215,100,1540,1560,46
OPEN,1910,1930,70,1959,1953,90,1639,1636,0,1182,1200,100,1562,1561,43
OPEN,1961,1944,64,1937,1946,95,1644,1639,0,1216,1207,100,1543,1553,63
OPEN,1951,1947,63,1946,1946,95,1647,1643,0,1204,1206,100,1551,1552,65
OPEN,1944,1946,63,1963,1954,89,1644,1643,0,1254,1227,100,1576,1563,39
OPEN,1983,1962,56,1969,1961,84,1658,1650,0,1262,1243,69,1568,1565,34
OPEN,1962,1962,56,1939,1951,91,1659,1654,0,1239,1241,76,1555,1561,43
OPEN,1946,1955,60,1948,1950,92,1647,1651,0,1190,1218,100,1536,1550,70
OPEN,1970,1962,56,1940,1945,96,1662,1656,0,1217,1218,100,1532,1542,90
OPEN,1940,1952,61,1974,1958,86,1623,1641,0,1223,1220,100,1558,1549,73
OPEN,1970,1960,57,1975,1966,80,1630,1636,0,1238,1228,100,1543,1546,80
OPEN,1983,1970,53,1987,1975,73,1657,1646,0,1291,1256,19,1583,1563,39
OPEN,1971,1971,53,2001,1987,64,1639,1643,0,1237,1248,50,1576,1569,24
OPEN,1963,1967,54,1976,1982,68,1620,1632,0,1239,1244,65,1558,1564,36
OPEN,1944,1957,59,1958,1971,76,1638,1635,0,1187,1218,100,1555,1560,46
OPEN,1950,1954,60,2009,1988,63,1640,1637,0,1217,1218,100,1507,1536,100
OPEN,1936,1946,63,1961,1976,72,1652,1644,0,1189,1205,100,1566,1550,70
OPEN,1996,1968,54,1979,1977,71,1666,1654,0,1225,1214,100,1565,1557,53
OPEN,1980,1974,51,2003,1989,62,1648,1651,0,1234,1223,100,1612,1581,0
OPEN,1959,1967,54,2002,1995,58,1614,1634,0,1236,1229,100,1592,1586,0
OPEN,1962,1965,55,1954,1976,72,1645,1639,0,1218,1224,100,1553,1571,19
OPEN,1928,1948,63,1957,1968,78,1660,1649,0,1181,1205,100,1562,1567,29
OPEN,1951,1949,62,1982,1974,74,1642,1646,0,1210,1207,100,1566,1567,29
OPEN,1947,1948,63,1974,1974,74,1661,1653,0,1227,1216,100,1573,1569,24
OPEN,1940,1945,64,1991,1982,68,1667,1659,0,1219,1217,100,1580,1574,12
OPEN,1947,1946,63,1969,1976,72,1680,1668,0,1287,1249,46,1584,1579,0
OPEN,1979,1961,57,1965,1971,76,1637,1654,0,1211,1232,100,1579,1579,0
OPEN,1921,1943,65,1950,1962,83,1651,1653,0,1191,1213,100,1523,1554,60
OPEN,2003,2022,30,1962,1960,84,1735,1700,0,1197,1206,100,1587,1578,2
OPEN,2007,2015,33,1978,1968,78,1650,1677,0,1203,1204,100,1568,1574,12
OPEN,2002,2009,36,1960,1964,81,1692,1684,0,1216,1210,100,1569,1572,17
OPEN,2023,2015,33,2008,1984,66,1631,1660,0,1329,1263,0,1597,1583,0
OPEN,2010,2013,34,1977,1981,68,1673,1666,0,1251,1258,11,1587,1585,0
OPEN,2009,2011,35,1953,1968,78,1669,1667,0,1221,1241,76,1559,1573,14
OPEN,2007,2009,36,1979,1973,75,1678,1672,0,1195,1220,100,1581,1577,4
OPEN,2001,2006,37,2016,1992,60,1629,1653,0,1223,1222,100,1562,1570,21
OPEN,2015,2010,36,1995,1994,59,1688,1669,0,1208,1215,100,1577,1573,14
OPEN,2018,2013,34,2011,2001,53,1662,1666,0,1227,1221,100,1566,1570,21
OPEN,2016,2015,33,2018,2009,47,1656,1661,0,1270,1243,69,1563,1567,29
OPEN,2023,2018,32,2023,2015,43,1649,1656,0,1294,1266,0,1582,1574,12
OPEN,2032,2025,29,2003,2010,46,1642,1650,0,1227,1248,50,1578,1576,7
OPEN,2004,2015,33,1947,1982,68,1668,1658,0,1207,1230,100,1553,1565,34
OPEN,2019,2017,33,1961,1972,75,1695,1675,0,1143,1191,100,1570,1567,29
OPEN,2016,2017,33,1950,1962,83,1708,1690,0,1208,1198,100,1562,1565,34
OPEN,2024,2020,31,1977,1969,78,1505,1607,0,1231,1213,100,1588,1575,9
OPEN,2074,2044,21,1954,1962,83,1456,1539,29,1309,1256,19,1598,1586,0
OPEN,2007,2027,28,1965,1963,82,1458,1502,47,1250,1253,30,1598,1591,0
OPEN,2000,2015,33,1968,1965,81,1592,1543,27,1204,1231,100,1567,1580,0
OPEN,2027,2020,31,1996,1979,70,1610,1573,12,1208,1221,100,1554,1568,26
OPEN,2007,2014,34,1975,1977,71,1631,1599,0,1220,1220,100,1522,1548,75
OPEN,1911,1968,54,1980,1979,70,1335,1480,57,1247,1232,100,1571,1558,51
OPEN,2038,1999,40,1961,1971,76,1574,1522,37,1232,1232,100,1576,1566,31
OPEN,2036,2016,33,2018,1992,60,1403,1469,62,1278,1253,30,1595,1579,0
OPEN,2032,2023,30,2010,2000,54,1645,1548,25,1245,1249,46,1592,1585,0
OPEN,2007,2016,33,1972,1987,64,1363,1465,64,1241,1246,57,1546,1567,29
OPEN,2023,2019,32,1977,1983,67,1345,1411,90,1213,1231,100,1544,1557,53
OPEN,2023,2021,31,1998,1990,62,1564,1480,57,1226,1229,100,1575,1565,34
OPEN,2024,2022,30,1984,1987,64,1317,1407,92,1243,1235,100,1564,1565,34
OPEN,2028,2025,29,2009,1997,56,1505,1451,71,1242,1238,88,1566,1565,34
OPEN,2034,2029,27,2013,2004,51,1536,1489,53,1307,1269,0,1575,1570,21
OPEN,2004,2018,32,1999,2002,53,1622,1549,24,1240,1256,19,1586,1577,4
OPEN,2014,2016,33,2018,2009,47,1562,1555,21,1213,1237,92,1543,1562,41
OPEN,2008,2012,35,2027,2017,41,1496,1528,34,1220,1229,100,1536,1550,70
OPEN,2016,2014,34,2000,2009,47,1607,1564,17,1204,1218,100,1579,1563,39
OPEN,2015,2014,34,2007,2008,48,1433,1505,45,1195,1208,100,1594,1577,4
OPEN,2023,2018,32,2026,2016,42,1401,1458,68,1289,1244,65,1578,1577,4
OPEN,2036,2026,29,1999,2009,47,1535,1493,51,1282,1261,0,1568,1573,14
OPEN,2019,2023,30,2027,2017,41,1550,1519,38,1263,1262,0,1562,1568,26
OPEN,2008,2016,33,1997,2008,48,1545,1530,33,1206,1237,92,1558,1564,36
OPEN,2044,2029,27,2022,2014,43,1523,1527,35,1229,1233,100,1607,1583,0
OPEN,2011,2021,31,2009,2012,45,1496,1513,41,1236,1235,100,1576,1580,0
OPEN,2020,2020,31,2008,2010,46,1421,1472,61,1264,1248,50,1545,1564,36
OPEN,2009,2015,33,2048,2027,34,1388,1434,79,1309,1275,0,1625,1592,0
OPEN,2034,2024,30,2009,2019,40,1394,1416,88,1303,1288,0,1569,1581,0
OPEN,1984,2006,37,2021,2020,39,1410,1413,89,1244,1268,0,1600,1590,0
OPEN,2032,2018,32,1989,2006,50,1405,1410,91,1178,1228,100,1539,1567,29
OPEN,2015,2016,33,2016,2010,46,1408,1409,91,1187,1209,100,1598,1581,0
OPEN,2039,2027,28,2003,2007,49,1435,1421,86,1255,1230,100,1584,1582,0
OPEN,2040,2033,26,1976,1993,59,1423,1422,85,1248,1238,88,1568,1576,7
OPEN,2021,2027,28,2017,2004,51,1393,1409,91,1322,1276,0,1599,1586,0
OPEN,2035,2031,26,1997,2001,53,1424,1416,88,1263,1270,0,1579,1583,0
OPEN,2034,2032,26,1984,1993,59,1372,1396,98,1234,1254,26,1560,1573,14
OPEN,2019,2026,29,2005,1999,55,1541,1461,66,1236,1246,57,1563,1568,26
OPEN,2014,2021,31,2019,2008,48,1420,1443,75,1227,1237,92,1550,1560,46
OPEN,2033,2026,29,1995,2002,53,1356,1404,94,1214,1227,100,1554,1557,53
OPEN,2012,2020,31,2015,2008,48,1539,1465,64,1260,1242,73,1563,1560,46
OPEN,2029,2024,30,2088,2044,21,1513,1486,54,1263,1251,38,1626,1590,0
OPEN,2000,2013,34,2049,2046,19,1366,1432,80,1260,1255,23,1587,1588,0
OPEN,2031,2021,31,1953,2004,51,1304,1375,100,1197,1229,100,1560,1576,7
OPEN,1987,2006,37,1984,1995,58,1632,1490,52,1224,1227,100,1582,1579,0
OPEN,1995,2001,40,2012,2003,52,1451,1473,61,1224,1226,100,1578,1578,2
OPEN,2026,2012,35,2003,2003,52,1643,1549,24,1242,1233,100,1564,1572,17
OPEN,2002,2008,36,2016,2009,47,1677,1607,0,1293,1260,3,1591,1580,0
OPEN,1994,2001,40,2044,2025,35,1531,1573,12,1279,1269,0,1604,1591,0
OPEN,2011,2006,37,1986,2007,49,1351,1473,61,1238,1255,23,1564,1579,0
OPEN,1981,1995,42,1997,2003,52,1415,1447,73,1207,1233,100,1567,1574,12
OPEN,1881,1943,65,2024,2012,45,1539,1488,53,1216,1226,100,1560,1567,29
OPEN,1844,1899,84,1997,2005,50,1500,1494,50,1222,1224,100,1572,1569,24
OPEN,2015,1951,61,2040,2021,38,1520,1505,45,1240,1231,100,1580,1574,12
OPEN,1853,1907,80,2038,2029,32,1528,1516,40,1324,1273,0,1601,1586,0
OPEN,1831,1873,95,2059,2042,22,1491,1505,45,1248,1262,0,1597,1591,0
OPEN,1836,1856,100,2024,2034,28,1448,1479,58,1208,1238,88,1567,1580,0
OPEN,1982,1913,78,2033,2034,28,1481,1480,57,1210,1225,100,1532,1559,48
OPEN,2026,1964,56,2025,2030,31,1487,1483,56,1224,1225,100,1575,1566,31
OPEN,2007,1983,47,2051,2039,25,1359,1427,83,1234,1229,100,1606,1584,0
OPEN,1869,1932,70,2031,2036,27,1280,1361,100,1252,1239,84,1592,1588,0
OPEN,1994,1960,57,2051,2043,21,1679,1504,46,1338,1284,0,1596,1591,0
OPEN,1925,1944,64,2045,2044,21,1386,1451,71,1249,1268,0,1582,1587,0
OPEN,1963,1953,60,2037,2041,23,1363,1411,90,1214,1244,65,1580,1584,0
OPEN,1948,1951,61,1959,2004,51,1663,1525,36,1205,1226,100,1566,1576,7
OPEN,1854,1907,80,1998,2001,53,1359,1450,72,1204,1216,100,1584,1580,0
OPEN,1934,1919,75,1960,1983,67,1472,1460,67,1219,1217,100,1569,1575,9
OPEN,1942,1929,71,1947,1967,79,1612,1528,34,1246,1230,100,1601,1587,0
OPEN,1972,1949,62,1896,1935,100,1669,1592,3,1240,1235,100,1602,1594,0
OPEN,2013,1978,50,1993,1961,84,1651,1618,0,1279,1255,23,1583,1589,0
OPEN,1974,1976,50,1969,1965,81,1681,1647,0,1183,1222,100,1560,1576,7
OPEN,2005,1989,45,1982,1972,75,1671,1658,0,1250,1235,100,1566,1571,19
OPEN,1997,1993,43,2035,2001,53,1561,1614,0,1219,1228,100,1566,1569,24
OPEN,2005,1998,41,2032,2015,43,1630,1621,0,1243,1235,100,1577,1573,14
OPEN,2040,2017,33,2044,2028,33,1479,1557,20,1285,1257,15,1579,1575,9
OPEN,1992,2006,37,2043,2035,28,1491,1527,35,1275,1265,0,1610,1591,0
OPEN,2018,2011,35,2026,2031,31,1688,1600,0,1218,1244,65,1571,1582,0
OPEN,2012,2012,35,2027,2029,32,1692,1641,0,1151,1202,100,1561,1573,14
OPEN,2015,2013,34,2009,2020,39,1672,1655,0,1222,1211,100,1547,1561,43
OPEN,2020,2016,33,2039,2029,32,1663,1659,0,1241,1225,100,1574,1567,29
OPEN,1979,1999,40,2062,2044,21,1670,1664,0,1211,1218,100,1584,1575,9
OPEN,2031,2014,34,2081,2060,9,1684,1673,0,1266,1240,80,1584,1579,0
OPEN,1977,1997,41,2091,2074,0,1654,1664,0,1273,1255,23,1623,1599,0
OPEN,2033,2013,34,2046,2062,7,1651,1658,0,1250,1253,30,1594,1597,0
OPEN,2003,2009,36,2042,2053,14,1666,1662,0,1242,1248,50,1569,1584,0
OPEN,1978,1995,42,2035,2045,20,1674,1667,0,1205,1229,100,1558,1572,17
OPEN,2016,2004,38,2059,2051,15,1648,1659,0,1222,1226,100,1580,1576,7
OPEN,2010,2007,37,2073,2061,8,1694,1675,0,1239,1232,100,1563,1570,21
OPEN,2033,2019,32,2055,2058,10,1689,1681,0,1235,1233,100,1563,1567,29
OPEN,1994,2008,36,2087,2071,0,1673,1677,0,1326,1275,0,1599,1581,0
OPEN,2015,2011,35,2047,2060,9,1678,1678,0,1256,1266,0,1595,1587,0
OPEN,2000,2006,37,2043,2053,14,1665,1672,0,1208,1240,80,1552,1572,17
OPEN,2014,2010,36,2047,2050,16,1683,1677,0,1179,1213,100,1572,1572,17
OPEN,2038,2022,30,2054,2052,15,1685,1681,0,1238,1224,100,1576,1574,12
OPEN,2017,2020,31,2059,2055,12,1699,1689,0,1266,1243,69,1564,1569,24
OPEN,2046,2032,26,2068,2061,8,1696,1692,0,1313,1274,0,1601,1584,0
OPEN,2016,2025,29,2061,2061,8,1697,1694,0,1259,1268,0,1608,1595,0
OPEN,2026,2025,29,2051,2056,12,1656,1677,0,1246,1258,11,1599,1597,0
OPEN,2007,2017,33,2049,2053,14,1659,1669,0,1163,1215,100,1557,1579,0
OPEN,2003,2011,35,2070,2061,8,1649,1660,0,1209,1212,100,1616,1596,0
OPEN,2008,2009,36,2051,2056,12,1669,1664,0,1227,1219,100,1575,1586,0
OPEN,1981,1997,41,2079,2067,3,1664,1664,0,1260,1237,92,1592,1589,0
OPEN,2031,2012,35,2076,2071,0,1698,1679,0,1277,1255,23,1603,1595,0
OPEN,2050,2029,27,2063,2067,3,1658,1670,0,1287,1270,0,1600,1597,0
OPEN,2000,2016,33,2087,2076,0,1650,1661,0,1254,1263,0,1577,1588,0
OPEN,2001,2009,36,2039,2059,9,1423,1554,22,1208,1238,88,1560,1576,7
OPEN,2016,2012,35,2056,2058,10,1636,1591,4,1192,1217,100,1563,1570,21
OPEN,2005,2009,36,2072,2064,6,1651,1618,0,1230,1223,100,1569,1569,24
OPEN,1987,1999,40,2066,2065,5,1339,1492,51,1278,1248,50,1587,1577,4
OPEN,2027,2012,35,2091,2077,0,1380,1442,75,1222,1236,96,1617,1595,0
OPEN,2041,2025,29,2063,2071,0,1438,1440,76,1221,1229,100,1599,1597,0
OPEN,1987,2008,36,2054,2063,6,1430,1436,78,1243,1235,100,1580,1589,0
OPEN,2007,2007,37,2007,2038,25,1423,1430,81,1228,1232,100,1539,1567,29
OPEN,2008,2008,36,2071,2053,14,1395,1414,89,1218,1226,100,1563,1565,34
OPEN,1938,1976,50,2055,2054,13,1404,1410,91,1221,1224,100,1568,1566,31
OPEN,2010,1991,44,2069,2061,8,1401,1406,93,1209,1217,100,1560,1563,39
OPEN,2025,2007,37,2059,2060,9,1639,1511,42,1287,1249,46,1590,1575,9
OPEN,2038,2021,31,2089,2073,0,1289,1411,90,1270,1258,11,1596,1585,0
OPEN,1983,2004,38,2067,2070,1,1310,1366,100,1247,1253,30,1573,1579,0
OPEN,2017,2010,36,2049,2061,8,1192,1287,100,1207,1232,100,1553,1568,26
OPEN,1974,1994,43,2103,2080,0,1660,1455,69,1215,1225,100,1607,1585,0
OPEN,1781,1898,84,2072,2076,0,1489,1470,62,1207,1217,100,1586,1586,0
OPEN,1870,1885,90,2087,2081,0,1260,1376,100,1232,1224,100,1562,1575,9
OPEN,1978,1927,72,2071,2077,0,1299,1341,100,1243,1232,100,1564,1570,21
OPEN,1984,1953,60,2089,2082,0,1564,1441,76,1255,1243,69,1615,1590,0
OPEN,1950,1951,61,2053,2069,2,1459,1449,72,1262,1251,38,1600,1595,0
OPEN,1935,1944,64,2041,2056,12,1360,1409,91,1228,1241,76,1599,1597,0
OPEN,1917,1932,70,2041,2049,17,1583,1487,54,1172,1210,100,1585,1591,0
OPEN,1929,1931,70,2044,2047,18,1655,1563,17,1207,1209,100,1581,1587,0
OPEN,1879,1907,80,2081,2062,7,1517,1542,27,1236,1221,100,1580,1584,0
OPEN,1839,1877,93,2047,2055,12,1457,1504,46,1247,1233,100,1575,1580,0
OPEN,1897,1886,90,2091,2071,0,1423,1467,63,1306,1266,0,1559,1570,21
OPEN,1831,1861,100,2065,2069,2,1660,1554,22,1245,1256,19,1601,1584,0
OPEN,1937,1895,86,2055,2062,7,1667,1605,0,1203,1232,100,1553,1570,21
OPEN,1827,1865,99,2057,2060,9,1695,1645,0,1217,1225,100,1614,1590,0
OPEN,1837,1852,100,2055,2058,10,1662,1653,0,1234,1229,100,1576,1584,0
OPEN,1962,1902,83,2058,2058,10,1400,1539,29,1200,1216,100,1582,1583,0
OPEN,2018,1954,60,2058,2058,10,1230,1400,96,1294,1251,38,1590,1586,0
OPEN,2036,1991,44,2061,2059,9,1221,1319,100,1279,1264,0,1631,1606,0
OPEN,2001,1995,42,2054,2057,11,1291,1307,100,1251,1258,11,1550,1581,0
OPEN,2004,1999,40,2044,2051,15,1448,1370,100,1190,1227,100,1556,1570,21
OPEN,1988,1994,43,2089,2068,3,1589,1469,62,1249,1237,92,1587,1578,2
OPEN,1988,1991,44,2072,2070,1,1683,1565,16,1220,1229,100,1584,1580,0
OPEN,2005,1998,41,2045,2059,9,1672,1613,0,1242,1235,100,1577,1579,0
OPEN,2011,2004,38,2117,2085,0,1620,1616,0,1351,1287,0,1576,1578,2
OPEN,2037,2019,32,2091,2088,0,1675,1643,0,1280,1284,0,1567,1573,14
OPEN,1988,2005,38,2011,2053,14,1645,1644,0,1226,1258,11,1583,1577,4
OPEN,2033,2018,32,2035,2045,20,1670,1656,0,1217,1239,84,1545,1563,39
OPEN,2013,2015,33,2035,2040,24,1672,1663,0,1227,1234,100,1569,1566,31
OPEN,2047,2030,27,2017,2030,31,1665,1664,0,1249,1241,76,1578,1571,19
OPEN,2028,2029,27,2057,2042,22,1679,1671,0,1259,1249,46,1598,1583,0
OPEN,2038,2033,26,2079,2059,9,1655,1664,0,1304,1274,0,1580,1582,0
OPEN,2016,2025,29,2039,2050,16,1642,1654,0,1177,1230,100,1605,1592,0
OPEN,2020,2023,30,2051,2050,16,1642,1649,0,1229,1230,100,1577,1585,0
OPEN,2030,2026,29,2067,2058,10,1613,1633,0,1232,1231,100,1564,1576,7
OPEN,2027,2027,28,2059,2058,10,1660,1645,0,1214,1223,100,1557,1567,29
OPEN,2026,2026,29,2056,2057,11,1638,1642,0,1264,1242,73,1571,1569,24
OPEN,2039,2032,26,2060,2059,9,1650,1645,0,1255,1248,50,1570,1569,24
OPEN,2032,2032,26,2056,2057,11,1666,1655,0,1335,1287,0,1571,1570,21
OPEN,1978,2008,36,2072,2064,6,1665,1659,0,1267,1278,0,1567,1569,24
OPEN,1973,1992,43,2047,2056,12,1639,1650,0,1197,1242,73,1544,1558,51
OPEN,2032,2010,36,2056,2056,12,1625,1639,0,1235,1239,84,1585,1570,21
OPEN,2037,2022,30,2038,2048,18,1655,1646,0,1225,1232,100,1555,1563,39
OPEN,2032,2027,28,2059,2053,14,1623,1636,0,1186,1212,100,1615,1587,0
OPEN,2019,2023,30,2060,2056,12,1647,1641,0,1252,1230,100,1572,1580,0
OPEN,2006,2015,33,2066,2061,8,1679,1658,0,1332,1276,0,1576,1578,2
OPEN,2001,2009,36,2064,2062,7,1634,1647,0,1280,1278,0,1566,1573,14
OPEN,2036,2021,31,2026,2046,19,1658,1652,0,1178,1233,100,1594,1582,0
OPEN,2022,2022,30,2048,2047,18,1625,1640,0,1243,1237,92,1579,1581,0
OPEN,1977,2001,40,2063,2054,13,1648,1644,0,1217,1228,100,1605,1592,0
OPEN,2051,2024,30,2042,2049,17,1652,1647,0,1224,1226,100,1591,1591,0
OPEN,2040,2031,26,2041,2045,20,1549,1603,0,1285,1253,30,1567,1580,0
OPEN,2064,2046,20,2027,2037,26,1598,1601,0,1287,1268,0,1608,1593,0
OPEN,2023,2036,24,2043,2040,24,1691,1641,0,1228,1250,42,1596,1594,0
OPEN,2035,2035,25,2023,2032,30,1644,1643,0,1200,1228,100,1531,1566,31
OPEN,1999,2019,32,2064,2047,18,1640,1641,0,1128,1183,100,1571,1568,26
OPEN,2045,2031,26,2043,2045,20,1570,1609,0,1263,1219,100,1540,1555,58
OPEN,2045,2037,24,2052,2048,18,1675,1639,0,1219,1219,100,1575,1564,36
OPEN,2032,2035,25,2104,2073,0,1627,1634,0,1325,1267,0,1604,1582,0
OPEN,2050,2042,22,2031,2054,13,1627,1631,0,1263,1265,0,1600,1590,0
OPEN,2041,2041,22,2008,2033,29,1659,1643,0,1236,1252,34,1556,1575,9
OPEN,2023,2033,26,2001,2019,40,1599,1623,0,1161,1211,100,1591,1582,0
OPEN,2024,2029,27,2063,2039,25,1639,1630,0,1210,1211,100,1584,1583,0
OPEN,2003,2016,33,2097,2094,0,1665,1663,0,1201,1220,100,1604,1594,0
OPEN,2010,2013,34,2069,2083,0,1693,1676,0,1221,1221,100,1575,1586,0
OPEN,2072,2040,23,2109,2094,0,1647,1663,0,1339,1274,0,1621,1602,0
OPEN,2017,2029,27,2099,2097,0,1697,1678,0,1252,1264,0,1598,1600,0
OPEN,2025,2027,28,2068,2084,0,1688,1683,0,1242,1254,26,1589,1595,0
OPEN,2023,2025,29,2086,2085,0,1631,1659,0,1229,1243,69,1560,1579,0
OPEN,2046,2035,25,2048,2068,3,1696,1676,0,1248,1245,61,1567,1574,12
OPEN,1988,2014,34,2096,2081,0,1691,1683,0,1227,1237,92,1563,1569,24
OPEN,1999,2007,37,2097,2088,0,1665,1675,0,1226,1232,100,1589,1578,2
OPEN,2015,2011,35,2130,2107,0,1648,1663,0,1261,1245,61,1621,1597,0
OPEN,2015,2013,34,2148,2125,0,1619,1643,0,1328,1282,0,1572,1586,0
OPEN,2024,2018,32,2094,2111,0,1665,1653,0,1269,1276,0,1583,1585,0
OPEN,1991,2006,37,2083,2099,0,1692,1671,0,1224,1253,30,1588,1586,0
OPEN,2023,2013,34,2100,2099,0,1634,1654,0,1258,1255,23,1592,1589,0
OPEN,2011,2012,35,2104,2101,0,1667,1660,0,1225,1242,73,1596,1592,0
OPEN,2041,2025,29,2095,2098,0,1686,1672,0,1217,1231,100,1583,1588,0
OPEN,2041,2032,26,2067,2084,0,1648,1661,0,1254,1241,76,1587,1588,0
OPEN,2041,2036,24,2143,2111,0,1645,1654,0,1311,1273,0,1603,1594,0
OPEN,2039,2037,24,2080,2097,0,1697,1673,0,1257,1266,0,1579,1588,0
OPEN,2018,2029,27,2060,2080,0,1651,1663,0,1212,1241,76,1595,1591,0
OPEN,2032,2030,27,2058,2070,1,1702,1681,0,1174,1211,100,1579,1586,0
OPEN,2020,2026,29,2088,2078,0,1676,1679,0,1209,1210,100,1575,1581,0
OPEN,2029,2027,28,2067,2073,0,1680,1679,0,1237,1222,100,1563,1573,14
OPEN,2023,2025,29,2101,2086,0,1679,1679,0,1245,1232,100,1612,1590,0
OPEN,2037,2031,26,2089,2087,0,1666,1673,0,1282,1255,23,1659,1621,0
OPEN,2032,2031,26,2078,2083,0,1681,1677,0,1223,1240,80,1600,1612,0
OPEN,2015,2024,30,2071,2078,0,1692,1684,0,1208,1226,100,1575,1595,0
OPEN,2059,2040,23,2051,2066,4,1682,1683,0,1223,1225,100,1576,1587,0
OPEN,2033,2037,24,2075,2070,1,1682,1682,0,1240,1232,100,1566,1577,4
OPEN,1995,2018,32,2087,2078,0,1647,1667,0,1222,1227,100,1607,1591,0
OPEN,2038,2027,28,2114,2094,0,1647,1658,0,1265,1244,65,1630,1608,0
OPEN,2044,2035,25,2099,2096,0,1654,1656,0,1301,1270,0,1606,1607,0
OPEN,2039,2037,24,2081,2089,0,1693,1673,0,1251,1261,0,1583,1596,0
OPEN,2025,2031,26,2084,2087,0,1664,1669,0,1220,1243,69,1569,1584,0
OPEN,2043,2037,24,2070,2079,0,1672,1670,0,1233,1238,88,1591,1587,0
OPEN,2023,2030,27,2062,2072,0,1647,1660,0,1228,1234,100,1584,1586,0
OPEN,2012,2022,30,2108,2088,0,1682,1670,0,1273,1251,38,1574,1580,0
OPEN,2051,2035,25,2102,2094,0,1661,1666,0,1271,1260,3,1620,1598,0
OPEN,2048,2041,22,2098,2096,0,1674,1670,0,1272,1266,0,1597,1598,0
OPEN,2032,2037,24,2094,2095,0,1658,1664,0,1229,1249,46,1589,1594,0
OPEN,1988,2015,33,2094,2095,0,1671,1667,0,1219,1236,96,1597,1595,0
OPEN,1995,2006,37,2117,2105,0,1667,1667,0,1211,1225,100,1595,1595,0
OPEN,2039,2021,31,2071,2090,0,1653,1661,0,1237,1230,100,1595,1595,0
OPEN,2030,2025,29,2103,2096,0,1659,1660,0,1233,1231,100,1583,1590,0
OPEN,2055,2038,23,2099,2097,0,1711,1683,0,1296,1260,3,1615,1601,0
OPEN,2022,2031,26,2108,2102,0,1696,1689,0,1276,1267,0,1591,1597,0
OPEN,1996,2015,33,2089,2096,0,1645,1669,0,1221,1247,53,1562,1581,0
OPEN,2002,2009,36,2081,2089,0,1641,1656,0,1240,1244,65,1563,1573,14
OPEN,2019,2014,34,2071,2081,0,1653,1655,0,1238,1241,76,1581,1577,4
OPEN,2039,2025,29,2095,2087,0,1639,1648,0,1199,1222,100,1591,1583,0
OPEN,2031,2028,28,2067,2078,0,1658,1652,0,1252,1236,96,1579,1581,0
OPEN,2056,2040,23,2104,2090,0,1663,1657,0,1310,1269,0,1599,1589,0
OPEN,2018,2030,27,2111,2099,0,1678,1667,0,1290,1278,0,1599,1594,0
OPEN,2005,2019,32,2060,2082,0,1660,1664,0,1225,1254,26,1567,1582,0
OPEN,2016,2018,32,2080,2081,0,1648,1657,0,1217,1238,88,1577,1580,0
OPEN,2060,2037,24,2056,2070,1,1677,1666,0,1222,1231,100,1572,1576,7
OPEN,2011,2025,29,2059,2065,5,1661,1664,0,1225,1228,100,1567,1572,17
OPEN,2049,2036,24,2072,2068,3,1637,1652,0,1239,1233,100,1589,1580,0
OPEN,2032,2034,25,2130,2096,0,1668,1659,0,1312,1269,0,1619,1597,0
OPEN,2023,2029,27,2095,2096,0,1658,1659,0,1308,1286,0,1606,1601,0
OPEN,2007,2019,32,2075,2086,0,1651,1655,0,1217,1255,23,1591,1597,0
OPEN,2006,2013,34,2073,2080,0,1706,1678,0,1193,1227,100,1580,1589,0
OPEN,2018,2015,33,2101,2090,0,1679,1678,0,1227,1227,100,1583,1586,0
OPEN,2037,2025,29,2097,2093,0,1687,1682,0,1230,1228,100,1576,1582,0
OPEN,2030,2027,28,2115,2103,0,1628,1658,0,1326,1272,0,1627,1602,0
OPEN,2037,2032,26,2084,2094,0,1702,1678,0,1292,1281,0,1587,1595,0
OPEN,2024,2028,28,2102,2098,0,1651,1666,0,1236,1261,0,1601,1598,0
OPEN,2003,2017,33,2081,2090,0,1659,1663,0,1179,1224,100,1566,1584,0
OPEN,2056,2034,25,2091,2091,0,1637,1651,0,1281,1250,42,1560,1573,14
OPEN,2017,2027,28,2073,2083,0,1645,1648,0,1226,1239,84,1569,1571,19
OPEN,2015,2021,31,2082,2082,0,1660,1654,0,1234,1237,92,1601,1585,0
OPEN,2060,2039,23,2080,2081,0,1716,1682,0,1332,1280,0,1603,1593,0
OPEN,2021,2031,26,2104,2092,0,1656,1670,0,1247,1265,0,1615,1603,0
OPEN,2045,2037,24,2067,2080,0,1705,1686,0,1212,1241,76,1578,1592,0
OPEN,2013,2026,29,2087,2083,0,1685,1685,0,1221,1232,100,1590,1591,0
OPEN,2017,2022,30,2097,2090,0,1702,1693,0,1225,1229,100,1575,1584,0
OPEN,2007,2015,33,2096,2092,0,1678,1686,0,1269,1247,53,1588,1586,0
OPEN,2038,2026,29,2077,2085,0,1640,1665,0,1251,1249,46,1613,1598,0
OPEN,2095,2057,15,2063,2075,0,1692,1677,0,1280,1263,0,1603,1600,0
OPEN,2042,2050,18,2100,2086,0,1683,1680,0,1293,1276,0,1589,1595,0
OPEN,2031,2042,22,2083,2085,0,1689,1684,0,1227,1254,26,1602,1598,0
OPEN,2023,2033,26,2029,2060,9,1647,1667,0,1223,1240,80,1553,1578,2
OPEN,2020,2027,28,2075,2067,3,1696,1680,0,1228,1235,100,1604,1590,0
OPEN,2019,2024,30,2086,2075,0,1701,1690,0,1210,1224,100,1585,1588,0
OPEN,2024,2024,30,2098,2086,0,1643,1669,0,1236,1229,100,1611,1598,0
OPEN,2028,2026,29,2094,2089,0,1657,1663,0,1327,1273,0,1598,1598,0
OPEN,2017,2022,30,2078,2084,0,1648,1656,0,1278,1275,0,1603,1600,0
OPEN,2035,2028,28,2051,2069,2,1649,1653,0,1231,1255,23,1555,1580,0
OPEN,2028,2028,28,2109,2087,0,1647,1650,0,1216,1238,88,1591,1585,0
OPEN,2034,2031,26,2095,2091,0,1660,1655,0,1261,1248,50,1563,1575,9
OPEN,1997,2015,33,2092,2091,0,1637,1647,0,1249,1249,46,1570,1573,14
OPEN,2033,2023,30,2100,2095,0,1659,1652,0,1265,1256,19,1573,1573,14
OPEN,2039,2030,27,2112,2103,0,1644,1649,0,1265,1260,3,1628,1598,0
OPEN,2001,2017,33,2101,2102,0,1655,1651,0,1256,1258,11,1617,1606,0
OPEN,2032,2024,30,2083,2093,0,1671,1660,0,1222,1242,73,1574,1592,0
OPEN,2020,2022,30,2039,2069,2,1663,1661,0,1230,1237,92,1580,1586,0
OPEN,2019,2021,31,2097,2082,0,1640,1652,0,1248,1242,73,1594,1590,0
OPEN,2048,2033,26,2039,2062,7,1712,1679,0,1244,1243,69,1577,1584,0
OPEN,2055,2043,21,2114,2086,0,1663,1672,0,1281,1260,3,1626,1603,0
OPEN,2021,2033,26,2086,2086,0,1676,1674,0,1280,1269,0,1608,1605,0
OPEN,2012,2024,30,2085,2085,0,1631,1654,0,1246,1259,7,1600,1603,0
OPEN,2009,2017,33,2051,2070,1,1696,1673,0,1222,1242,73,1574,1590,0
OPEN,2016,2017,33,2092,2080,0,1623,1651,0,1277,1258,11,1586,1588,0
OPEN,2019,2018,32,2065,2073,0,1683,1665,0,1241,1250,42,1598,1593,0
OPEN,2026,2021,31,2072,2073,0,1704,1683,0,1251,1251,38,1564,1580,0
OPEN,2017,2019,32,2116,2092,0,1661,1673,0,1271,1260,3,1635,1605,0
OPEN,2033,2026,29,2092,2092,0,1680,1676,0,1298,1277,0,1600,1603,0
OPEN,1998,2013,34,2100,2096,0,1660,1669,0,1234,1258,11,1571,1588,0
OPEN,2017,2015,33,2067,2083,0,1692,1679,0,1221,1241,76,1584,1586,0
OPEN,2020,2017,33,2061,2073,0,1710,1693,0,1234,1238,88,1542,1566,31
OPEN,2041,2028,28,2065,2069,2,1676,1685,0,1215,1228,100,1596,1580,0
OPEN,2005,2018,32,2070,2070,1,1687,1686,0,1272,1248,50,1581,1580,0
OPEN,2042,2029,27,2132,2098,0,1655,1672,0,1323,1282,0,1616,1596,0
OPEN,2027,2028,28,2089,2094,0,1691,1681,0,1292,1286,0,1616,1605,0
OPEN,2015,2022,30,2067,2082,0,1687,1683,0,1241,1266,0,1567,1588,0
OPEN,2019,2021,31,2077,2080,0,1626,1658,0,1231,1250,42,1552,1572,17
OPEN,2033,2026,29,2088,2083,0,1700,1677,0,1202,1229,100,1611,1589,0
OPEN,2027,2027,28,2109,2095,0,1683,1680,0,1249,1238,88,1583,1587,0
OPEN,2024,2025,29,2111,2102,0,1638,1661,0,1284,1259,7,1593,1589,0
OPEN,2044,2034,25,2108,2105,0,1666,1663,0,1267,1262,0,1624,1605,0
OPEN,2038,2036,24,2110,2107,0,1669,1666,0,1279,1270,0,1619,1611,0
OPEN,2014,2026,29,2080,2095,0,1696,1679,0,1232,1253,30,1581,1598,0
OPEN,2004,2016,33,2087,2091,0,1662,1672,0,1227,1241,76,1528,1566,31
OPEN,1973,1997,41,2120,2104,0,1663,1668,0,1201,1223,100,1583,1574,12
OPEN,2020,2007,37,2113,2108,0,1689,1677,0,1250,1235,100,1583,1578,2
OPEN,1996,2002,39,2071,2091,0,1648,1664,0,1236,1236,96,1580,1579,0
OPEN,2049,2023,30,2086,2089,0,1674,1669,0,1324,1275,0,1613,1594,0
OPEN,2027,2025,29,2101,2094,0,1703,1684,0,1257,1267,0,1621,1606,0
OPEN,2000,2014,34,2091,2093,0,1690,1687,0,1249,1259,7,1600,1603,0
OPEN,2024,2018,32,2071,2083,0,1686,1686,0,1224,1243,69,1575,1591,0
OPEN,2048,2032,26,2097,2089,0,1721,1702,0,1247,1245,61,1581,1586,0
OPEN,2027,2030,27,2067,2079,0,1688,1696,0,1258,1251,38,1564,1576,7
OPEN,2015,2023,30,2083,2081,0,1650,1675,0,1233,1243,69,1598,1586,0
OPEN,2047,2034,25,2115,2096,0,1662,1669,0,1303,1270,0,1629,1605,0
OPEN,2015,2025,29,2115,2105,0,1656,1663,0,1287,1278,0,1596,1601,0
OPEN,2046,2035,25,2051,2081,0,1711,1685,0,1223,1253,30,1569,1587,0
OPEN,2013,2025,29,2086,2083,0,1671,1679,0,1202,1230,100,1592,1589,0
OPEN,2038,2031,26,2099,2090,0,1648,1665,0,1255,1241,76,1581,1585,0
OPEN,2030,2030,27,2081,2086,0,1689,1676,0,1232,1237,92,1560,1574,12
OPEN,2046,2037,24,2095,2090,0,1677,1676,0,1247,1242,73,1587,1580,0
OPEN,2057,2046,20,2062,2077,0,1671,1674,0,1287,1262,0,1631,1603,0
OPEN,2047,2047,20,2071,2075,0,1677,1675,0,1262,1262,0,1611,1607,0
OPEN,2004,2027,28,2079,2077,0,1653,1665,0,1246,1255,23,1560,1586,0
OPEN,2039,2033,26,2088,2082,0,1676,1670,0,1256,1255,23,1590,1588,0
OPEN,2004,2020,31,2070,2076,0,1684,1676,0,1227,1243,69,1583,1586,0
OPEN,2022,2021,31,2108,2091,0,1655,1667,0,1252,1247,53,1584,1585,0
OPEN,2059,2038,23,2087,2089,0,1735,1697,0,1264,1255,23,1613,1598,0
OPEN,2032,2035,25,2094,2091,0,1641,1672,0,1298,1274,0,1604,1600,0
OPEN,2030,2033,26,2081,2087,0,1687,1679,0,1240,1259,7,1600,1600,0
OPEN,1973,2006,37,2053,2072,0,1691,1684,0,1205,1235,100,1568,1586,0
OPEN,2026,2015,33,2083,2077,0,1649,1668,0,1225,1230,100,1543,1567,29
OPEN,2032,2023,30,2082,2079,0,1671,1670,0,1228,1229,100,1601,1582,0
OPEN,2029,2025,29,2089,2084,0,1655,1663,0,1254,1240,80,1588,1585,0
OPEN,2016,2021,31,2107,2094,0,1693,1677,0,1281,1259,7,1639,1609,0
OPEN,2053,2036,24,2081,2088,0,1668,1673,0,1288,1272,0,1615,1612,0
OPEN,2032,2034,25,2054,2073,0,1632,1654,0,1210,1244,65,1588,1601,0
OPEN,2011,2024,30,2081,2076,0,1661,1657,0,1214,1231,100,1584,1593,0
OPEN,2020,2022,30,2088,2082,0,1630,1645,0,1265,1246,57,1584,1589,0
OPEN,2016,2019,32,2093,2087,0,1660,1652,0,1231,1239,84,1592,1590,0
OPEN,2065,2040,23,2051,2071,0,1640,1646,0,1242,1240,80,1613,1601,0
OPEN,2015,2029,27,2133,2099,0,1672,1658,0,1297,1266,0,1606,1603,0
OPEN,2042,2035,25,2071,2086,0,1638,1649,0,1311,1286,0,1610,1606,0
OPEN,1999,2019,32,2095,2090,0,1636,1643,0,1234,1263,0,1578,1593,0
OPEN,2028,2023,30,2100,2095,0,1664,1653,0,1211,1239,84,1551,1574,12
OPEN,2030,2026,29,2101,2097,0,1654,1653,0,1233,1237,92,1569,1572,17
OPEN,2049,2036,24,2076,2088,0,1654,1654,0,1234,1235,100,1566,1569,24
OPEN,2028,2033,26,2098,2092,0,1660,1656,0,1252,1243,69,1595,1581,0
OPEN,2020,2027,28,2090,2091,0,1750,1699,0,1266,1253,30,1634,1605,0
OPEN,1999,2014,34,2099,2095,0,1690,1695,0,1245,1250,42,1588,1597,0
OPEN,2023,2018,32,2073,2085,0,1663,1680,0,1203,1229,100,1548,1575,9
OPEN,2021,2019,32,2104,2094,0,1618,1652,0,1263,1244,65,1572,1574,12
OPEN,2019,2019,32,2064,2080,0,1652,1652,0,1245,1244,65,1592,1582,0
OPEN,2049,2033,26,2096,2087,0,1677,1663,0,1206,1227,100,1595,1588,0
OPEN,2023,2028,28,2132,2107,0,1655,1660,0,1272,1247,53,1637,1610,0
OPEN,2056,2041,22,2088,2099,0,1649,1655,0,1311,1276,0,1592,1602,0
OPEN,2016,2030,27,2081,2091,0,1668,1661,0,1234,1257,15,1598,1600,0
OPEN,2012,2022,30,2077,2085,0,1685,1672,0,1224,1242,73,1559,1582,0
OPEN,1999,2011,35,2048,2068,3,1698,1684,0,1262,1251,38,1578,1580,0
OPEN,2058,2032,26,2072,2070,1,1681,1682,0,1243,1247,53,1589,1584,0
OPEN,2012,2023,30,2093,2080,0,1668,1676,0,1259,1253,30,1582,1583,0
OPEN,2032,2027,28,2101,2090,0,1655,1667,0,1285,1267,0,1604,1593,0
OPEN,2030,2028,28,2096,2092,0,1614,1643,0,1271,1269,0,1591,1592,0
OPEN,2024,2026,29,2072,2083,0,1639,1641,0,1198,1237,92,1564,1579,0
OPEN,2032,2029,27,2091,2087,0,1626,1634,0,1244,1240,80,1564,1572,17
OPEN,2029,2029,27,2085,2086,0,1675,1653,0,1240,1240,80,1563,1568,26
OPEN,2020,2025,29,2104,2094,0,1616,1636,0,1248,1244,65,1567,1568,26
OPEN,1996,2012,35,2076,2086,0,1657,1646,0,1232,1238,88,1585,1575,9
OPEN,2052,2030,27,2125,2104,0,1657,1651,0,1271,1253,30,1593,1583,0
OPEN,2014,2023,30,2107,2105,0,1617,1636,0,1278,1264,0,1588,1585,0
OPEN,2032,2027,28,2082,2095,0,1639,1637,0,1227,1248,50,1587,1586,0
OPEN,2005,2017,33,2094,2094,0,1662,1648,0,1199,1226,100,1582,1584,0
OPEN,1990,2005,38,2111,2102,0,1560,1609,0,1289,1254,26,1600,1591,0
OPEN,2024,2013,34,2080,2092,0,1630,1618,0,1240,1248,50,1581,1587,0
OPEN,2016,2015,33,2102,2097,0,1674,1643,0,1264,1255,23,1561,1575,9
OPEN,2034,2023,30,2091,2094,0,1675,1658,0,1239,1248,50,1620,1595,0
OPEN,2056,2038,23,2071,2084,0,1636,1648,0,1267,1256,19,1615,1604,0
OPEN,2037,2038,23,2064,2075,0,1679,1662,0,1248,1253,30,1589,1597,0
OPEN,2028,2033,26,2038,2058,10,1600,1634,0,1223,1239,84,1567,1584,0
OPEN,2028,2031,26,2066,2062,7,1620,1628,0,1244,1241,76,1592,1587,0
OPEN,2036,2033,26,2082,2071,0,1655,1640,0,1220,1232,100,1582,1585,0
OPEN,2040,2022,30,2086,2084,0,1650,1649,0,1220,1226,100,1590,1586,0
OPEN,2027,2024,30,2127,2103,0,1654,1651,0,1312,1264,0,1589,1587,0
OPEN,1976,2002,39,2064,2086,0,1656,1653,0,1299,1280,0,1585,1586,0
OPEN,1991,1997,41,2050,2070,1,1664,1658,0,1201,1244,65,1574,1581,0
OPEN,2026,2010,36,2044,2058,10,1683,1669,0,1200,1224,100,1548,1566,31
OPEN,2012,2011,35,2060,2059,9,1664,1667,0,1224,1224,100,1590,1577,4
OPEN,1996,2004,38,2049,2054,13,1647,1658,0,1219,1222,100,1579,1578,2
OPEN,2027,2014,34,2057,2056,12,1677,1667,0,1252,1235,100,1579,1578,2
OPEN,1914,1969,53,2063,2059,9,1632,1651,0,1246,1240,80,1581,1580,0
OPEN,1940,1956,59,2094,2075,0,1665,1657,0,1267,1252,34,1593,1586,0
OPEN,1921,1940,66,2091,2082,0,1697,1675,0,1252,1252,34,1559,1574,12
OPEN,1999,1967,54,2059,2072,0,1655,1666,0,1215,1235,100,1587,1580,0
OPEN,1999,1981,48,2069,2070,1,1653,1660,0,1222,1229,100,1575,1578,2
OPEN,2043,2009,36,2080,2075,0,1624,1644,0,1213,1222,100,1550,1565,34
OPEN,1994,2002,39,2072,2074,0,1671,1656,0,1248,1234,100,1558,1562,41
OPEN,1898,1955,60,2055,2065,5,1673,1664,0,1212,1224,100,1585,1572,17
OPEN,1932,1945,64,2086,2075,0,1672,1667,0,1250,1236,96,1599,1584,0
OPEN,1981,1961,57,2096,2084,0,1657,1663,0,1272,1252,34,1592,1588,0
OPEN,1971,1966,55,2059,2073,0,1688,1674,0,1222,1239,84,1567,1578,2
OPEN,1891,1932,70,2065,2069,2,1662,1669,0,1182,1213,100,1563,1571,19
OPEN,2053,1986,46,2011,2043,21,1681,1674,0,1212,1213,100,1586,1578,2
OPEN,1923,1958,58,2071,2056,12,1679,1676,0,1212,1212,100,1582,1580,0
OPEN,1951,1955,60,2083,2068,3,1655,1667,0,1247,1228,100,1577,1579,0
OPEN,1914,1936,68,2115,2089,0,1645,1657,0,1271,1247,53,1603,1590,0
OPEN,1996,1963,56,2066,2079,0,1680,1667,0,1281,1262,0,1585,1588,0
OPEN,1928,1947,63,2061,2071,0,1651,1660,0,1224,1245,61,1559,1575,9
OPEN,1926,1938,67,2068,2070,1,1679,1669,0,1220,1234,100,1559,1568,26
OPEN,1915,1928,71,2080,2074,0,1667,1668,0,1240,1237,92,1588,1577,4
OPEN,1943,1934,69,2037,2057,11,1664,1666,0,1213,1226,100,1584,1580,0
OPEN,1897,1918,76,2086,2070,1,1656,1662,0,1218,1222,100,1623,1599,0
OPEN,1885,1903,82,2104,2085,0,1682,1671,0,1280,1248,50,1587,1594,0
OPEN,1952,1925,73,2020,2056,12,1658,1665,0,1264,1255,23,1583,1589,0
OPEN,1903,1915,77,2049,2053,14,1661,1663,0,1226,1242,73,1565,1578,2
OPEN,1940,1926,72,2062,2057,11,1656,1660,0,1227,1235,100,1542,1562,41
OPEN,1912,1920,75,2045,2052,15,1663,1661,0,1209,1223,100,1573,1567,29
OPEN,1974,1944,64,2081,2065,5,1698,1678,0,1240,1231,100,1561,1564,36
OPEN,1972,1957,59,2074,2069,2,1717,1695,0,1257,1243,69,1620,1589,0
OPEN,1988,1971,53,2083,2075,0,1667,1683,0,1304,1270,0,1623,1604,0
OPEN,1942,1958,58,2073,2074,0,1668,1676,0,1250,1261,0,1611,1607,0
OPEN,1927,1944,64,2043,2060,9,1676,1676,0,1215,1240,80,1579,1595,0
OPEN,1925,1935,68,2060,2060,9,1670,1673,0,1252,1246,57,1552,1575,9
OPEN,1935,1935,68,2064,2062,7,1698,1684,0,1208,1229,100,1587,1581,0
OPEN,1993,1961,57,2039,2052,15,1646,1667,0,1284,1254,26,1557,1570,21
OPEN,1929,1947,63,2043,2048,18,1645,1657,0,1226,1241,76,1579,1574,12
OPEN,2015,1977,50,2121,2081,0,1630,1645,0,1307,1271,0,1604,1588,0
OPEN,2028,2000,40,2075,2078,0,1701,1670,0,1275,1273,0,1593,1590,0
OPEN,2026,2012,35,2055,2068,3,1668,1669,0,1223,1250,42,1584,1587,0
OPEN,1944,1981,48,2073,2070,1,1666,1668,0,1185,1221,100,1573,1581,0
OPEN,1911,1950,62,2057,2064,6,1656,1662,0,1248,1233,100,1569,1576,7
OPEN,1961,1955,60,2079,2071,0,1647,1656,0,1213,1224,100,1569,1573,14
OPEN,1994,1972,52,2092,2080,0,1704,1677,0,1232,1228,100,1600,1585,0
OPEN,1999,1984,47,2114,2096,0,1643,1662,0,1327,1272,0,1612,1597,0
OPEN,2019,2000,40,2063,2081,0,1685,1672,0,1245,1260,3,1576,1588,0
OPEN,1984,1993,43,2053,2068,3,1680,1676,0,1209,1237,92,1568,1579,0
OPEN,2033,2011,35,2039,2055,12,1711,1692,0,1221,1230,100,1573,1576,7
OPEN,2006,2009,36,2049,2052,15,1663,1679,0,1247,1238,88,1569,1573,14
OPEN,1982,1997,41,2064,2058,10,1645,1664,0,1217,1228,100,1588,1580,0
OPEN,1963,1982,48,2080,2068,3,1669,1666,0,1308,1264,0,1576,1578,2
OPEN,1980,1981,48,2100,2082,0,1657,1662,0,1287,1274,0,1594,1585,0
OPEN,1942,1963,56,2095,2088,0,1659,1661,0,1245,1261,0,1559,1573,14
OPEN,1988,1974,51,2057,2074,0,1675,1667,0,1236,1250,42,1552,1564,36
OPEN,1993,1983,47,2069,2072,0,1670,1668,0,1176,1217,100,1556,1560,46
OPEN,1981,1982,48,2097,2083,0,1656,1663,0,1200,1209,100,1580,1569,24
OPEN,1919,1954,60,2059,2072,0,1683,1672,0,1252,1228,100,1575,1572,17
OPEN,1940,1948,63,2111,2090,0,1685,1678,0,1223,1226,100,1634,1600,0
OPEN,1935,1942,65,2094,2092,0,1678,1678,0,1273,1247,53,1602,1601,0
OPEN,1931,1937,67,2049,2072,0,1677,1677,0,1237,1243,69,1560,1582,0
OPEN,1922,1930,70,2066,2070,1,1656,1668,0,1244,1243,69,1563,1574,12
OPEN,2038,1979,49,2048,2060,9,1681,1674,0,1225,1235,100,1572,1573,14
OPEN,1994,1986,46,2079,2068,3,1688,1680,0,1246,1240,80,1580,1576,7
OPEN,2017,2000,40,2092,2079,0,1679,1680,0,1240,1240,80,1553,1566,31
OPEN,1939,1972,52,2136,2105,0,1654,1668,0,1308,1271,0,1614,1587,0
OPEN,1980,1976,50,2073,2090,0,1663,1666,0,1277,1273,0,1583,1585,0
OPEN,1920,1951,61,2065,2079,0,1640,1654,0,1240,1258,11,1555,1572,17
OPEN,1936,1944,64,2064,2072,0,1631,1644,0,1186,1226,100,1580,1575,9
OPEN,1927,1936,68,2062,2068,3,1641,1643,0,1230,1228,100,1586,1580,0
OPEN,1950,1943,65,2083,2075,0,1679,1659,0,1295,1258,11,1586,1583,0
OPEN,2005,1971,53,2112,2091,0,1654,1657,0,1255,1257,15,1586,1584,0
OPEN,1988,1978,50,2089,2090,0,1734,1691,0,1258,1257,15,1609,1595,0
OPEN,1995,1986,46,2098,2094,0,1635,1666,0,1255,1256,19,1609,1602,0
OPEN,1916,1954,60,2047,2073,0,1702,1682,0,1182,1223,100,1583,1593,0
OPEN,1956,1955,60,2087,2079,0,1658,1671,0,1191,1209,100,1611,1601,0
OPEN,2026,1987,46,2097,2087,0,1663,1668,0,1239,1222,100,1558,1582,0
OPEN,1978,1983,47,2072,2080,0,1671,1669,0,1244,1232,100,1607,1593,0
OPEN,2026,2002,39,2101,2090,0,1690,1679,0,1221,1227,100,1595,1594,0
OPEN,2022,2011,35,2063,2078,0,1682,1680,0,1375,1294,0,1565,1581,0
OPEN,1975,1995,42,2074,2076,0,1649,1666,0,1279,1287,0,1595,1587,0
OPEN,1966,1982,48,1992,2038,25,1662,1664,0,1202,1249,46,1566,1578,2
OPEN,1943,1964,56,2031,2035,28,1681,1672,0,1214,1233,100,1580,1579,0
OPEN,2007,1984,47,2024,2030,31,1654,1664,0,1206,1221,100,1588,1583,0
OPEN,1951,1969,53,2032,2031,31,1670,1667,0,1206,1214,100,1572,1578,2
OPEN,2000,1983,47,2018,2025,35,1679,1672,0,1213,1214,100,1573,1576,7
OPEN,2024,2001,40,2035,2030,31,1673,1673,0,1289,1248,50,1637,1603,0
OPEN,1938,1973,52,2045,2037,26,1658,1666,0,1268,1257,15,1605,1604,0
OPEN,1947,1961,57,2070,2052,15,1656,1661,0,1208,1235,100,1585,1595,0
OPEN,2049,2001,40,2029,2041,23,1642,1653,0,1158,1200,100,1575,1586,0
OPEN,1979,1991,44,2064,2052,15,1673,1662,0,1215,1207,100,1565,1577,4
OPEN,1970,1982,48,2036,2045,20,1679,1670,0,1217,1211,100,1574,1575,9
OPEN,1995,1988,45,2071,2056,12,1667,1668,0,1240,1224,100,1547,1563,39
OPEN,1978,1983,47,2114,2082,0,1633,1652,0,1335,1274,0,1586,1573,14
OPEN,1991,1987,46,2049,2067,3,1666,1659,0,1272,1273,0,1588,1580,0
OPEN,1967,1978,50,2055,2062,7,1677,1667,0,1210,1245,61,1575,1578,2
OPEN,1933,1958,58,2069,2065,5,1644,1657,0,1248,1246,57,1567,1573,14
OPEN,1932,1946,63,2046,2056,12,1671,1663,0,1227,1238,88,1570,1572,17
OPEN,1960,1952,61,2043,2050,16,1667,1665,0,1199,1220,100,1576,1574,12
OPEN,1917,1936,68,2048,2049,17,1679,1671,0,1245,1231,100,1599,1585,0
OPEN,1901,1920,75,2103,2073,0,1669,1670,0,1328,1275,0,1607,1595,0
OPEN,1916,1918,76,2069,2071,0,1668,1669,0,1272,1274,0,1591,1593,0
OPEN,1927,1922,74,2053,2063,6,1678,1673,0,1239,1258,11,1567,1581,0
OPEN,1929,1925,73,2045,2055,12,1684,1678,0,1219,1240,80,1559,1571,19
OPEN,1887,1908,80,2074,2064,6,1673,1676,0,1238,1239,84,1597,1583,0
OPEN,1939,1922,74,2043,2054,13,1659,1668,0,1252,1245,61,1566,1575,9
OPEN,1936,1928,71,2030,2043,21,1674,1671,0,1258,1251,38,1590,1582,0
OPEN,1927,1928,71,2067,2054,13,1659,1666,0,1263,1256,19,1603,1591,0
OPEN,1945,1935,68,2038,2047,18,1687,1675,0,1281,1267,0,1560,1577,4
OPEN,1929,1933,69,2044,2046,19,1674,1675,0,1232,1251,38,1563,1571,19
OPEN,1944,1938,67,2067,2055,12,1667,1671,0,1199,1228,100,1588,1579,0
OPEN,1966,1950,62,2032,2045,20,1654,1663,0,1242,1234,100,1559,1570,21
OPEN,1947,1949,62,2066,2054,13,1645,1655,0,1247,1240,80,1573,1571,19
OPEN,1979,1962,56,2052,2053,14,1668,1661,0,1243,1241,76,1590,1580,0
OPEN,2001,1980,49,2060,2056,12,1668,1664,0,1232,1237,92,1620,1598,0
OPEN,1971,1976,50,2046,2052,15,1700,1680,0,1272,1253,30,1578,1589,0
OPEN,1977,1976,50,2031,2042,22,1680,1680,0,1240,1247,53,1551,1572,17
OPEN,1949,1964,56,2057,2049,17,1606,1647,0,1194,1223,100,1570,1571,19
OPEN,1921,1945,64,2084,2065,5,1611,1631,0,1223,1223,100,1566,1569,24
OPEN,1921,1934,69,2041,2054,13,1493,1569,14,1227,1225,100,1566,1568,26
OPEN,1940,1937,67,2031,2044,21,1598,1582,8,1249,1236,96,1575,1571,19
OPEN,1945,1940,66,2068,2055,12,1603,1591,4,1306,1267,0,1609,1588,0
OPEN,1949,1944,64,2031,2044,21,1621,1605,0,1302,1283,0,1593,1590,0
OPEN,1917,1932,70,2029,2037,26,1660,1630,0,1254,1270,0,1580,1586,0
OPEN,1933,1932,70,2039,2038,25,1657,1642,0,1196,1237,92,1561,1575,9
OPEN,1947,1939,66,2021,2030,31,1625,1634,0,1227,1232,100,1570,1573,14
OPEN,1925,1933,69,2043,2036,27,1616,1626,0,1241,1236,96,1555,1565,34
OPEN,1925,1929,71,2021,2029,32,1639,1632,0,1240,1238,88,1569,1567,29
OPEN,1928,1929,71,2044,2036,27,1609,1622,0,1227,1233,100,1569,1568,26
OPEN,1948,1937,67,2120,2074,0,1585,1605,0,1263,1247,53,1605,1584,0
OPEN,1930,1934,69,2040,2059,9,1586,1597,1,1188,1220,100,1590,1587,0
OPEN,1941,1937,67,2015,2039,25,1597,1597,1,1200,1211,100,1594,1590,0
OPEN,1949,1942,65,2065,2051,15,1606,1601,0,1240,1224,100,1561,1577,4
OPEN,2008,1972,52,2040,2046,19,1621,1610,0,1236,1229,100,1565,1572,17
OPEN,1928,1952,61,2056,2050,16,1637,1622,0,1233,1231,100,1570,1571,19
OPEN,1936,1945,64,2049,2050,16,1262,1460,67,1253,1241,76,1587,1578,2
OPEN,1942,1944,64,2088,2067,3,1567,1508,44,1323,1278,0,1604,1590,0
OPEN,1924,1935,68,2047,2058,10,1637,1566,16,1262,1271,0,1583,1587,0
OPEN,1910,1924,73,2062,2060,9,1658,1607,0,1225,1250,42,1571,1580,0
OPEN,1930,1926,72,2039,2050,16,1656,1629,0,1235,1243,69,1560,1571,19
OPEN,1951,1938,67,2049,2050,16,1689,1656,0,1223,1234,100,1586,1578,2
OPEN,1916,1928,71,2046,2048,18,1638,1648,0,1250,1241,76,1543,1562,41
OPEN,1914,1922,74,2055,2051,15,1676,1661,0,1252,1246,57,1558,1560,46
OPEN,1934,1927,72,2091,2069,2,1624,1644,0,1351,1293,0,1596,1576,7
OPEN,1937,1932,70,2078,2073,0,1665,1654,0,1263,1280,0,1573,1575,9
OPEN,1918,1925,73,2012,2046,19,1661,1657,0,1217,1251,38,1561,1569,24
OPEN,1975,1948,63,2032,2039,25,1664,1660,0,1240,1246,57,1553,1562,41
OPEN,1931,1940,66,2068,2052,15,1631,1647,0,1207,1229,100,1584,1572,17
OPEN,1944,1942,65,2039,2046,19,1656,1651,0,1184,1209,100,1608,1588,0
OPEN,1962,1951,61,2090,2066,4,1630,1642,0,1239,1222,100,1590,1589,0
OPEN,2010,1978,50,2027,2048,18,1694,1665,0,1267,1242,73,1619,1602,0
OPEN,1953,1966,55,2081,2063,6,1648,1657,0,1270,1255,23,1589,1596,0
OPEN,1934,1952,61,2058,2061,8,1685,1670,0,1195,1228,100,1594,1595,0
OPEN,1945,1949,62,2050,2056,12,1643,1658,0,1249,1237,92,1568,1583,0
OPEN,1966,1957,59,2072,2063,6,1636,1648,0,1244,1240,80,1584,1583,0
OPEN,1931,1945,64,2060,2062,7,1650,1649,0,1217,1230,100,1579,1581,0
OPEN,1955,1950,62,2060,2061,8,1685,1665,0,1232,1231,100,1567,1575,9
OPEN,1934,1943,65,2080,2070,1,1699,1680,0,1274,1250,42,1614,1593,0
OPEN,1993,1965,55,2084,2076,0,1465,1583,8,1260,1255,23,1586,1590,0
OPEN,1950,1958,58,2072,2074,0,1619,1599,0,1223,1240,80,1558,1575,9
OPEN,2044,1997,41,2052,2064,6,1513,1561,18,1203,1224,100,1578,1577,4
OPEN,1975,1987,46,2062,2063,6,1568,1564,17,1217,1221,100,1571,1574,12
OPEN,1999,1992,43,2058,2061,8,1328,1458,68,1232,1226,100,1567,1571,19
OPEN,2012,2001,40,2064,2062,7,1612,1527,35,1267,1244,65,1590,1579,0
OPEN,2049,2023,30,2075,2068,3,1418,1478,58,1363,1298,0,1608,1592,0
OPEN,2014,2019,32,2044,2057,11,1666,1563,17,1265,1283,0,1608,1599,0
OPEN,2032,2025,29,2053,2055,12,1658,1606,0,1193,1242,73,1553,1579,0
OPEN,2013,2019,32,2042,2049,17,1655,1628,0,1247,1245,61,1573,1576,7
OPEN,1979,2001,40,2070,2059,9,1695,1658,0,1215,1231,100,1555,1567,29
OPEN,1902,1957,59,2004,2034,28,1463,1570,14,1255,1242,73,1573,1569,24
OPEN,2004,1978,50,2032,2033,29,1648,1605,0,1264,1252,34,1584,1576,7
OPEN,1915,1950,62,2018,2026,34,1335,1484,55,1254,1253,30,1622,1597,0
OPEN,2040,1990,44,2016,2022,37,1655,1561,18,1261,1257,15,1581,1590,0
OPEN,2019,2003,39,1987,2006,50,1668,1609,0,1192,1227,100,1553,1573,14
OPEN,2019,2010,36,2043,2023,37,0,885,100,1234,1230,100,1556,1565,34
OPEN,2029,2019,32,2047,2034,28,1677,1241,100,1239,1234,100,1594,1578,2
OPEN,2005,2013,34,2047,2040,24,1599,1402,95,1264,1248,50,1597,1587,0
OPEN,1989,2002,39,2074,2055,12,1690,1532,32,1244,1246,57,1584,1585,0
OPEN,1976,1990,44,2057,2056,12,1608,1566,16,1295,1268,0,1621,1601,0
OPEN,1997,1993,43,2040,2049,17,1686,1620,0,1249,1259,7,1600,1601,0
OPEN,2030,2010,36,2038,2044,21,1623,1621,0,1251,1256,19,1579,1591,0
OPEN,2025,2017,33,2012,2030,31,1579,1602,0,1208,1234,100,1552,1573,14
OPEN,0,1109,100,2004,2018,40,1690,1642,0,1230,1232,100,1555,1565,34
OPEN,0,610,100,2042,2029,32,1572,1610,0,1220,1227,100,1567,1566,31
OPEN,0,336,100,2075,2050,16,1647,1627,0,1253,1239,84,1554,1561,43
OPEN,39,202,100,2026,2039,25,1678,1650,0,1240,1239,84,1592,1575,9
OPEN,1734,891,100,2054,2046,19,1654,1652,0,1281,1258,11,1619,1595,0
OPEN,1971,1377,100,2051,2048,18,1279,1484,55,1264,1261,0,1568,1583,0
OPEN,2002,1658,100,2032,2041,23,1428,1459,67,1209,1237,92,1564,1574,12
OPEN,2017,1820,100,2033,2037,26,1457,1458,68,1219,1229,100,1569,1572,17
OPEN,2030,1914,77,2032,2035,28,1424,1443,75,1224,1227,100,1551,1562,41
OPEN,1951,1931,70,2072,2052,15,1472,1456,69,1281,1251,38,1555,1559,48
OPEN,1833,1887,89,2088,2068,3,1676,1555,21,1278,1263,0,1599,1577,4
OPEN,2001,1938,67,2068,2068,3,1443,1505,45,1253,1259,7,1598,1586,0
