label,indexRaw,indexSmooth,indexPercent,middleRaw,middleSmooth,middlePercent,ringRaw,ringSmooth,ringPercent,pinkyRaw,pinkySmooth,pinkyPercent,thumbRaw,thumbSmooth,thumbPercent
OPEN,2039,2022,30,2086,2105,0,1699,1635,0,1381,1353,0,1597,1594,0
OPEN,2022,2022,30,2102,2104,0,1681,1656,0,1356,1355,0,1598,1596,0
OPEN,2017,2020,31,2098,2101,0,1679,1666,0,1316,1337,0,1583,1590,0
OPEN,2024,2026,29,2072,2028,33,1667,1671,0,1286,1282,0,1581,1580,0
OPEN,2015,2021,31,2093,2057,11,1671,1671,0,1270,1277,0,1580,1580,0
OPEN,2048,2033,26,2112,2082,0,1657,1665,0,1399,1332,0,1615,1596,0
OPEN,2040,2036,24,2071,2077,0,1664,1664,0,1343,1337,0,1599,1597,0
OPEN,2032,2034,25,2073,2075,0,1658,1662,0,1259,1302,0,1580,1589,0
OPEN,1999,2018,32,2092,2083,0,1659,1660,0,1288,1296,0,1567,1579,0
OPEN,2031,2018,32,2061,2077,0,1629,1647,0,1314,1306,0,1588,1583,0
OPEN,2020,2011,35,2082,2090,0,1685,1676,0,1365,1330,0,1630,1611,0
OPEN,2019,2015,33,2103,2096,0,1713,1693,0,1312,1322,0,1599,1606,0
OPEN,2013,2014,34,2069,2084,0,1703,1697,0,1223,1277,0,1565,1587,0
OPEN,2022,2015,33,2102,2108,0,1691,1683,0,1357,1338,0,1601,1592,0
OPEN,2023,2015,33,1940,2025,35,1641,1664,0,1236,1278,0,1574,1579,0
OPEN,2047,2029,27,2065,2043,21,1504,1592,3,1303,1289,0,1578,1578,2
OPEN,2017,2024,30,2060,2051,15,1473,1539,29,1268,1280,0,1593,1585,0
OPEN,2026,2025,29,2090,2068,3,1512,1527,35,1260,1271,0,1559,1573,14
OPEN,2088,2053,17,2082,2075,0,1514,1521,37,1383,1321,0,1609,1589,0
OPEN,2035,2019,32,2070,2097,0,1630,1566,16,1348,1336,0,1618,1605,0
OPEN,2046,2026,29,2060,2077,0,1560,1537,30,1265,1285,0,1576,1584,0
OPEN,2006,2017,33,2061,2070,1,1549,1542,27,1249,1269,0,1592,1588,0
OPEN,2021,2019,32,2039,2056,12,1519,1532,32,1258,1264,0,1567,1578,2
OPEN,2028,2023,30,2071,2063,6,1536,1534,31,1283,1273,0,1576,1577,4
OPEN,2019,2021,31,2132,2094,0,1563,1547,25,1331,1299,0,1601,1588,0
OPEN,2036,2028,28,2074,2085,0,1559,1552,23,1308,1303,0,1596,1592,0
OPEN,2023,2026,29,2096,2090,0,1549,1551,23,1241,1275,0,1592,1592,0
OPEN,2031,2028,28,2083,2087,0,1535,1544,26,1248,1263,0,1555,1575,9
OPEN,2000,2015,33,2073,2081,0,1502,1525,36,1255,1259,7,1586,1580,0
OPEN,2021,2018,32,2117,2097,0,1566,1543,27,1268,1263,0,1589,1584,0
OPEN,2030,2023,30,2126,2110,0,1499,1523,37,1293,1277,0,1582,1583,0
OPEN,2044,2033,26,2100,2106,0,1505,1515,40,1352,1311,0,1629,1604,0
OPEN,2044,2025,29,2087,2103,0,1622,1560,19,1262,1257,15,1580,1591,0
OPEN,2046,2025,29,2094,2095,0,1664,1652,0,1307,1307,0,1584,1595,0
OPEN,2045,2033,26,2087,2105,0,1662,1560,19,1261,1256,19,1585,1582,0
OPEN,2016,2025,29,2124,2114,0,1636,1594,2,1307,1279,0,1594,1587,0
OPEN,2041,2032,26,2121,2117,0,1641,1615,0,1312,1294,0,1608,1597,0
OPEN,2062,2048,19,2141,2119,0,1703,1588,5,1408,1324,0,1625,1610,0
OPEN,2075,2060,14,2090,2106,0,1672,1626,0,1373,1346,0,1597,1604,0
OPEN,2036,2049,19,2133,2118,0,1648,1636,0,1247,1302,0,1587,1596,0
OPEN,2027,2039,23,2150,2132,0,1682,1657,0,1218,1264,0,1602,1599,0
OPEN,2088,2061,13,2084,2111,0,1645,1651,0,1258,1261,0,1598,1598,0
OPEN,2042,2053,17,2102,2107,0,1601,1629,0,1257,1259,7,1604,1601,0
OPEN,2043,2048,19,2060,2086,0,1664,1645,0,1297,1276,0,1600,1601,0
OPEN,2019,2035,25,2151,2115,0,1535,1595,2,1381,1323,0,1636,1616,0
OPEN,2053,2043,21,2108,2112,0,1648,1619,0,1334,1328,0,1579,1600,0
OPEN,2019,2032,26,2095,2104,0,1663,1639,0,1304,1317,0,1604,1602,0
OPEN,2039,2035,25,2099,2102,0,1673,1654,0,1196,1263,0,1551,1579,0
OPEN,2024,2030,27,2090,2097,0,1687,1669,0,1274,1268,0,1586,1582,0
OPEN,2064,2045,20,2098,2097,0,1585,1631,0,1292,1279,0,1584,1583,0
OPEN,2051,2048,19,2095,2096,0,1648,1639,0,1280,1279,0,1603,1592,0
OPEN,2042,2045,20,2144,2118,0,1665,1651,0,1349,1311,0,1634,1611,0
OPEN,2042,2044,21,2107,2113,0,1686,1667,0,1354,1330,0,1587,1600,0
OPEN,2052,2047,20,2092,2103,0,1701,1682,0,1234,1287,0,1620,1609,0
OPEN,2056,2051,18,2078,2092,0,1680,1681,0,1237,1264,0,1554,1584,0
OPEN,2060,2055,16,2083,2088,0,1679,1680,0,1248,1257,15,1575,1580,0
OPEN,2034,2046,20,2145,2114,0,1494,1596,1,1233,1246,57,1591,1585,0
OPEN,2056,2036,24,2062,2083,0,1698,1560,19,1255,1253,30,1601,1591,0
OPEN,2044,2036,24,2111,2105,0,1678,1645,0,1365,1297,0,1581,1580,0
OPEN,2033,2035,25,2137,2119,0,1696,1668,0,1331,1313,0,1573,1577,4
OPEN,2024,2030,27,2092,2107,0,1684,1675,0,1234,1277,0,1579,1578,2
OPEN,2046,2034,25,2089,2089,0,1680,1682,0,1275,1248,50,1591,1583,0
OPEN,2046,2040,23,2059,2075,0,1724,1701,0,1280,1262,0,1585,1584,0
OPEN,2079,2057,15,2120,2095,0,1692,1697,0,1369,1310,0,1587,1585,0
OPEN,2043,2051,18,2098,2097,0,1671,1685,0,1318,1314,0,1584,1585,0
OPEN,2023,2038,23,2109,2102,0,1657,1673,0,1278,1298,0,1604,1593,0
OPEN,2022,2031,26,2042,2075,0,1634,1655,0,1219,1262,0,1562,1579,0
OPEN,2046,2038,23,2100,2086,0,1677,1665,0,1248,1256,19,1547,1565,34
OPEN,2048,2042,22,2119,2101,0,1687,1675,0,1257,1256,19,1575,1569,24
OPEN,2016,2030,27,2089,2096,0,1710,1691,0,1251,1254,26,1600,1583,0
OPEN,2036,2033,26,2124,2108,0,1687,1689,0,1349,1297,0,1664,1620,0
OPEN,2041,2037,24,2128,2117,0,1680,1685,0,1325,1309,0,1631,1625,0
OPEN,2023,2030,27,2074,2098,0,1692,1688,0,1256,1285,0,1594,1611,0
OPEN,2039,2034,25,2116,2106,0,1659,1675,0,1238,1264,0,1604,1608,0
OPEN,2044,2039,23,2072,2091,0,1696,1684,0,1253,1259,7,1553,1583,0
OPEN,2006,2024,30,2111,2100,0,1665,1676,0,1258,1259,7,1585,1584,0
OPEN,2032,2028,28,2097,2099,0,1668,1672,0,1316,1284,0,1586,1585,0
OPEN,2023,2026,29,2132,2114,0,1711,1690,0,1315,1298,0,1627,1604,0
OPEN,2035,2030,27,2086,2101,0,1687,1688,0,1305,1301,0,1598,1601,0
OPEN,2007,2020,31,2096,2099,0,1664,1677,0,1228,1268,0,1577,1590,0
OPEN,2054,2039,23,2072,2083,0,1674,1683,0,1265,1254,26,1566,1576,7
OPEN,2045,2041,22,2074,2079,0,1700,1691,0,1246,1250,42,1598,1586,0
OPEN,2035,2039,23,2084,2081,0,1675,1684,0,1290,1268,0,1597,1591,0
OPEN,2058,2047,20,2140,2108,0,1680,1682,0,1366,1312,0,1600,1595,0
OPEN,2025,2037,24,2112,2110,0,1659,1672,0,1328,1319,0,1608,1601,0
OPEN,2035,2036,24,2096,2104,0,1655,1664,0,1256,1291,0,1593,1597,0
OPEN,2013,2026,29,2111,2107,0,1684,1673,0,1229,1263,0,1613,1604,0
OPEN,2044,2034,25,2099,2103,0,1644,1660,0,1266,1264,0,1590,1598,0
OPEN,2000,2019,32,2135,2118,0,1662,1661,0,1251,1258,11,1573,1587,0
OPEN,2048,2032,26,2123,2120,0,1674,1667,0,1370,1309,0,1616,1600,0
OPEN,2056,2043,21,2132,2125,0,1676,1671,0,1345,1325,0,1613,1606,0
OPEN,2012,2029,27,2107,2117,0,1672,1671,0,1257,1294,0,1608,1607,0
OPEN,2040,2034,25,2050,2087,0,1664,1668,0,1217,1260,3,1580,1595,0
OPEN,2019,2027,28,2145,2113,0,1639,1655,0,1248,1254,26,1575,1586,0
OPEN,2044,2035,25,2077,2097,0,1697,1674,0,1278,1265,0,1596,1590,0
OPEN,2009,2023,30,2080,2089,0,1695,1683,0,1255,1260,3,1620,1604,0
OPEN,2026,2024,30,2114,2100,0,1715,1698,0,1422,1333,0,1617,1610,0
OPEN,2036,2030,27,2105,2102,0,1706,1701,0,1322,1328,0,1618,1613,0
OPEN,2054,2041,22,2089,2096,0,1663,1684,0,1229,1284,0,1594,1605,0
OPEN,1987,2016,33,2131,2112,0,1677,1681,0,1243,1265,0,1582,1594,0
OPEN,2050,2032,26,2127,2119,0,1677,1679,0,1277,1271,0,1597,1596,0
OPEN,2031,2031,26,2125,2122,0,1671,1675,0,1297,1282,0,1591,1594,0
OPEN,2048,2039,23,2086,2106,0,1719,1695,0,1256,1271,0,1614,1603,0
OPEN,2030,2035,25,2141,2122,0,1701,1698,0,1334,1299,0,1607,1605,0
OPEN,2025,2030,27,2113,2118,0,1696,1697,0,1312,1305,0,1599,1602,0
OPEN,2052,2040,23,2051,2088,0,1708,1702,0,1254,1282,0,1591,1597,0
OPEN,2072,2054,16,2072,2081,0,1678,1691,0,1241,1264,0,1584,1591,0
OPEN,2046,2051,18,2103,2091,0,1687,1689,0,1272,1267,0,1592,1592,0
OPEN,2025,2039,23,2132,2109,0,1665,1678,0,1280,1273,0,1619,1604,0
OPEN,2050,2044,21,2078,2095,0,1678,1678,0,1270,1272,0,1601,1603,0
OPEN,2038,2041,22,2105,2100,0,1701,1688,0,1334,1300,0,1628,1614,0
OPEN,2042,2042,22,2141,2118,0,1695,1691,0,1302,1301,0,1596,1606,0
OPEN,2003,2024,30,2114,2116,0,1679,1686,0,1205,1258,11,1584,1596,0
OPEN,2023,2024,30,2102,2110,0,1647,1668,0,1263,1260,3,1570,1584,0
OPEN,2057,2031,26,2072,2094,0,1690,1679,0,1275,1269,0,1594,1589,0
OPEN,2057,2043,21,2149,2119,0,1710,1693,0,1376,1317,0,1619,1603,0
OPEN,2044,2043,21,2136,2126,0,1648,1673,0,1344,1329,0,1604,1603,0
OPEN,2042,2043,21,2099,2114,0,1676,1674,0,1267,1301,0,1576,1591,0
OPEN,2036,2040,23,2063,2091,0,1697,1684,0,1219,1264,0,1603,1596,0
OPEN,2015,2029,27,2109,2099,0,1714,1698,0,1230,1249,46,1576,1587,0
OPEN,2032,2030,27,2131,2113,0,1654,1678,0,1275,1261,0,1593,1590,0
OPEN,2048,2038,23,2107,2111,0,1651,1666,0,1278,1268,0,1560,1576,7
OPEN,2072,2053,17,2134,2121,0,1684,1674,0,1373,1315,0,1591,1583,0
OPEN,2030,2043,21,2136,2128,0,1679,1676,0,1311,1313,0,1612,1596,0
OPEN,2044,2043,21,2090,2111,0,1679,1677,0,1232,1277,0,1591,1594,0
OPEN,2047,2045,20,2113,2112,0,1681,1679,0,1210,1247,53,1575,1585,0
OPEN,2042,2044,21,2108,2110,0,1676,1678,0,1255,1250,42,1587,1586,0
OPEN,2030,2038,23,2115,2112,0,1651,1666,0,1279,1263,0,1589,1587,0
OPEN,2071,2053,17,2098,2106,0,1680,1672,0,1266,1265,0,1607,1596,0
OPEN,2061,2056,16,2113,2109,0,1734,1700,0,1334,1296,0,1623,1608,0
OPEN,2034,2046,20,2118,2113,0,1660,1682,0,1304,1299,0,1599,1604,0
OPEN,2054,2050,18,2107,2110,0,1674,1678,0,1244,1275,0,1602,1603,0
OPEN,2032,2042,22,2091,2102,0,1671,1675,0,1237,1258,11,1563,1585,0
OPEN,2087,2053,17,2084,2086,0,1647,1662,0,1300,1264,0,1583,1579,0
OPEN,2012,2035,25,2126,2104,0,1640,1652,0,1368,1311,0,1582,1580,0
OPEN,2055,2044,21,2120,2111,0,1640,1647,0,1372,1338,0,1582,1581,0
OPEN,2046,2045,20,2081,2098,0,1656,1651,0,1263,1304,0,1610,1594,0
OPEN,2037,2041,22,2133,2114,0,1641,1646,0,1222,1267,0,1580,1588,0
OPEN,2074,2050,18,2088,2095,0,1639,1646,0,1300,1265,0,1591,1594,0
OPEN,2033,2042,22,2149,2119,0,1655,1650,0,1346,1301,0,1611,1602,0
OPEN,2038,2040,23,2121,2120,0,1620,1637,0,1305,1303,0,1588,1595,0
OPEN,2035,2038,23,2109,2115,0,1500,1575,12,1243,1276,0,1572,1585,0
OPEN,2048,2042,22,2115,2115,0,1534,1557,20,1225,1253,30,1600,1592,0
OPEN,2014,2030,27,2059,2090,0,1599,1576,11,1241,1248,50,1564,1579,0
OPEN,2037,2040,23,2121,2116,0,1654,1645,0,1254,1248,50,1602,1591,0
OPEN,2068,2053,17,2128,2121,0,1671,1657,0,1357,1297,0,1580,1586,0
OPEN,2032,2043,21,2125,2123,0,1675,1665,0,1317,1306,0,1619,1601,0
OPEN,2071,2056,16,2084,2105,0,1689,1676,0,1265,1288,0,1587,1595,0
OPEN,2028,2043,21,2087,2097,0,1680,1678,0,1215,1255,23,1582,1589,0
OPEN,2041,2042,22,2079,2089,0,1695,1685,0,1261,1258,11,1583,1586,0
OPEN,2045,2043,21,2088,2089,0,1726,1704,0,1251,1255,23,1576,1582,0
OPEN,2028,2037,24,2103,2095,0,1713,1708,0,1281,1267,0,1594,1587,0
OPEN,2071,2052,17,2093,2094,0,1687,1698,0,1387,1321,0,1641,1611,0
OPEN,2036,2045,20,2102,2098,0,1702,1700,0,1302,1312,0,1605,1609,0
OPEN,2055,2049,19,2102,2100,0,1672,1687,0,1266,1291,0,1568,1590,0
OPEN,2047,2048,19,2083,2092,0,1684,1686,0,1225,1262,0,1605,1597,0
OPEN,2045,2047,20,2074,2084,0,1681,1684,0,1266,1264,0,1596,1597,0
OPEN,2026,2037,24,2119,2100,0,1700,1691,0,1233,1250,42,1592,1594,0
OPEN,2041,2039,23,2087,2094,0,1691,1691,0,1282,1264,0,1597,1596,0
OPEN,2048,2043,21,2147,2118,0,1694,1692,0,1306,1283,0,1604,1599,0
OPEN,2045,2044,21,2110,2114,0,1690,1691,0,1292,1287,0,1583,1592,0
OPEN,2032,2039,23,2080,2099,0,1673,1683,0,1215,1255,23,1543,1570,21
OPEN,2039,2030,27,2101,2112,0,1695,1685,0,1272,1252,34,1592,1588,0
OPEN,2022,2026,29,2100,2107,0,1704,1694,0,1286,1267,0,1561,1576,7
OPEN,2087,2054,16,2114,2110,0,1696,1695,0,1264,1266,0,1574,1575,9
OPEN,2088,2069,10,2088,2100,0,1686,1691,0,1333,1296,0,1652,1610,0
OPEN,2039,2056,16,2135,2116,0,1699,1695,0,1312,1303,0,1599,1605,0
OPEN,2010,2035,25,2087,2103,0,1682,1689,0,1226,1268,0,1584,1595,0
OPEN,2031,2033,26,2108,2105,0,1694,1691,0,1231,1252,34,1599,1597,0
OPEN,2023,2029,27,2129,2116,0,1690,1691,0,1239,1246,57,1583,1591,0
OPEN,2040,2038,23,2107,2112,0,1674,1686,0,1274,1258,11,1595,1595,0
OPEN,2055,2046,20,2088,2101,0,1708,1696,0,1363,1305,0,1635,1613,0
OPEN,2029,2038,23,2079,2091,0,1728,1710,0,1299,1302,0,1591,1603,0
OPEN,2044,2041,22,2128,2108,0,1696,1704,0,1310,1306,0,1559,1583,0
OPEN,2015,2029,27,2104,2106,0,1670,1689,0,1221,1268,0,1591,1587,0
OPEN,2031,2030,27,2083,2096,0,1668,1679,0,1259,1264,0,1605,1595,0
OPEN,2044,2036,24,2091,2094,0,1698,1688,0,1252,1258,11,1567,1582,0
OPEN,2016,2027,28,2156,2122,0,1693,1690,0,1289,1272,0,1556,1571,19
OPEN,2056,2040,23,2086,2106,0,1682,1686,0,1279,1275,0,1580,1575,9
OPEN,2078,2057,15,2124,2114,0,1678,1683,0,1311,1291,0,1665,1615,0
OPEN,2031,2045,20,2136,2124,0,1704,1692,0,1305,1297,0,1571,1595,0
OPEN,2039,2043,21,2057,2094,0,1700,1696,0,1249,1276,0,1588,1592,0
OPEN,2024,2037,24,2121,2102,0,1702,1703,0,1248,1246,57,1595,1597,0
OPEN,2033,2035,25,2121,2110,0,1714,1708,0,1278,1260,3,1595,1596,0
OPEN,2068,2029,27,2112,2121,0,1683,1693,0,1334,1315,0,1604,1600,0
OPEN,2057,2042,22,2075,2100,0,1704,1698,0,1243,1283,0,1583,1593,0
OPEN,2072,2055,16,2056,2080,0,1688,1694,0,1223,1256,19,1589,1591,0
OPEN,2026,2037,24,2107,2092,0,1692,1696,0,1259,1246,57,1590,1595,0
OPEN,2011,2025,29,2152,2119,0,1653,1677,0,1250,1248,50,1563,1580,0
OPEN,2057,2040,23,2095,2108,0,1678,1677,0,1336,1288,0,1620,1598,0
OPEN,2060,2049,19,2107,2108,0,1705,1690,0,1329,1306,0,1596,1597,0
OPEN,2044,2047,20,2080,2095,0,1711,1699,0,1232,1273,0,1599,1598,0
OPEN,2014,2032,26,2155,2122,0,1671,1687,0,1214,1246,57,1560,1581,0
OPEN,2033,2035,25,2125,2132,0,1690,1684,0,1264,1249,46,1594,1598,0
OPEN,2001,2020,31,2115,2124,0,1673,1679,0,1282,1264,0,1592,1595,0
OPEN,2048,2032,26,2113,2119,0,1699,1688,0,1392,1321,0,1591,1593,0
OPEN,2052,2041,22,2099,2110,0,1683,1686,0,1335,1328,0,1582,1588,0
OPEN,2008,2026,29,2110,2110,0,1652,1671,0,1276,1304,0,1561,1576,7
OPEN,2035,2015,33,2149,2117,0,1639,1662,0,1251,1255,23,1618,1595,0
OPEN,2051,2031,26,2085,2103,0,1676,1669,0,1265,1260,3,1612,1603,0
INDEX_BENT,1938,1966,55,2104,2098,0,1687,1663,0,1375,1320,0,1571,1588,0
INDEX_BENT,1926,1948,63,2104,2101,0,1716,1687,0,1291,1307,0,1596,1592,0
INDEX_BENT,1908,1930,70,2057,2081,0,1681,1684,0,1197,1258,11,1567,1581,0
INDEX_BENT,1869,1903,82,2057,2070,1,1754,1716,0,1212,1237,92,1573,1577,4
INDEX_BENT,1888,1896,85,2103,2085,0,1722,1719,0,1245,1241,76,1582,1579,0
INDEX_BENT,1871,1885,90,2120,2101,0,1398,1574,12,1249,1244,65,1594,1586,0
INDEX_BENT,1907,1895,86,2116,2108,0,1681,1622,0,1291,1265,0,1583,1585,0
INDEX_BENT,1904,1899,84,2116,2111,0,1688,1652,0,1361,1308,0,1560,1574,12
INDEX_BENT,1856,1880,92,2096,2104,0,1660,1656,0,1258,1286,0,1589,1580,0
INDEX_BENT,1866,1873,95,2075,2091,0,1647,1652,0,1211,1252,34,1562,1572,17
INDEX_BENT,1892,1882,91,2095,2093,0,1532,1598,0,1243,1248,50,1579,1575,9
INDEX_BENT,1882,1882,91,2084,2089,0,1608,1602,0,1238,1244,65,1594,1584,0
INDEX_BENT,1931,1904,82,2056,2074,0,1655,1626,0,1249,1246,57,1580,1582,0
INDEX_BENT,1894,1899,84,2111,2091,0,1636,1631,0,1374,1304,0,1599,1590,0
INDEX_BENT,1899,1899,84,2110,2099,0,1640,1635,0,1317,1310,0,1608,1598,0
INDEX_BENT,1831,1869,97,2079,2090,0,1669,1650,0,1245,1281,0,1578,1589,0
INDEX_BENT,1888,1877,93,2081,2086,0,1549,1605,0,1247,1265,0,1582,1586,0
INDEX_BENT,1879,1878,93,2077,2082,0,1652,1626,0,1250,1258,11,1554,1572,17
INDEX_BENT,1863,1871,96,2076,2079,0,1660,1641,0,1234,1247,53,1590,1580,0
INDEX_BENT,1887,1878,93,2123,2099,0,1653,1647,0,1271,1258,11,1583,1581,0
INDEX_BENT,1922,1898,84,2110,2104,0,1540,1599,0,1408,1326,0,1558,1571,19
INDEX_BENT,1898,1898,84,2105,2104,0,1399,1509,43,1271,1301,0,1608,1588,0
INDEX_BENT,1872,1886,90,2085,2096,0,1211,1375,100,1211,1260,3,1598,1592,0
INDEX_BENT,1924,1903,82,2101,2098,0,1574,1464,65,1238,1250,42,1584,1589,0
INDEX_BENT,1949,1924,73,2079,2089,0,1608,1529,34,1240,1246,57,1571,1581,0
INDEX_BENT,1936,1929,71,2080,2085,0,1474,1504,46,1305,1272,0,1569,1575,9
INDEX_BENT,1949,1938,67,2104,2094,0,1513,1508,44,1365,1314,0,1620,1595,0
INDEX_BENT,1942,1940,66,2112,2102,0,1456,1485,55,1299,1307,0,1589,1593,0
INDEX_BENT,1898,1921,74,2095,2099,0,1464,1475,60,1289,1299,0,1604,1598,0
INDEX_BENT,1889,1907,80,2091,2095,0,1510,1491,52,1230,1268,0,1564,1583,0
INDEX_BENT,1891,1900,83,2125,2109,0,1519,1504,46,1224,1248,50,1572,1578,2
INDEX_BENT,1932,1914,77,2063,2088,0,1491,1498,49,1254,1251,38,1597,1586,0
INDEX_BENT,1860,1890,88,2086,2087,0,1482,1491,52,1248,1250,42,1616,1600,0
INDEX_BENT,1907,1898,84,2104,2095,0,1527,1507,44,1366,1302,0,1622,1610,0
INDEX_BENT,1896,1897,85,2071,2084,0,1522,1514,41,1295,1299,0,1603,1607,0
INDEX_BENT,1854,1878,93,2083,2084,0,1471,1495,50,1227,1267,0,1614,1610,0
INDEX_BENT,1893,1885,90,2040,2064,6,1564,1526,35,1194,1234,100,1593,1602,0
INDEX_BENT,1853,1870,96,2045,2055,12,1524,1525,36,1248,1240,80,1572,1589,0
INDEX_BENT,1818,1847,100,2066,2060,9,1589,1554,22,1204,1224,100,1586,1587,0
INDEX_BENT,1891,1867,98,2112,2084,0,1506,1532,32,1298,1257,15,1598,1592,0
INDEX_BENT,1895,1879,93,2109,2095,0,1506,1520,38,1365,1306,0,1585,1589,0
INDEX_BENT,1927,1901,83,2097,2096,0,1649,1578,10,1304,1305,0,1584,1587,0
INDEX_BENT,1899,1900,83,2096,2096,0,1619,1597,1,1211,1263,0,1571,1580,0
INDEX_BENT,1925,1911,79,2098,2097,0,1647,1619,0,1238,1252,34,1563,1572,17
INDEX_BENT,1916,1913,78,2093,2095,0,1635,1626,0,1252,1252,34,1601,1585,0
INDEX_BENT,1903,1909,80,2084,2090,0,1666,1644,0,1272,1261,0,1584,1585,0
INDEX_BENT,1926,1916,76,2119,2103,0,1646,1645,0,1353,1302,0,1600,1592,0
INDEX_BENT,1889,1904,82,2111,2107,0,1659,1651,0,1296,1299,0,1608,1599,0
INDEX_BENT,1863,1886,90,2079,2094,0,1644,1648,0,1208,1258,11,1602,1600,0
INDEX_BENT,1925,1903,82,2061,2079,0,1684,1664,0,1241,1251,38,1543,1575,9
INDEX_BENT,1911,1907,80,2077,2078,0,1624,1646,0,1244,1248,50,1599,1586,0
INDEX_BENT,1903,1905,81,2075,2077,0,1671,1657,0,1192,1223,100,1579,1583,0
INDEX_BENT,1912,1908,80,2085,2080,0,1666,1661,0,1265,1242,73,1613,1596,0
INDEX_BENT,1936,1921,74,2071,2076,0,1672,1666,0,1309,1272,0,1601,1598,0
INDEX_BENT,1906,1914,77,2090,2082,0,1668,1667,0,1222,1249,46,1600,1599,0
INDEX_BENT,1890,1903,82,2087,2084,0,1675,1671,0,1141,1201,100,1554,1579,0
INDEX_BENT,1896,1900,83,2080,2082,0,1702,1685,0,1212,1206,100,1583,1581,0
INDEX_BENT,1890,1895,86,2102,2091,0,1643,1666,0,1263,1232,100,1575,1578,2
INDEX_BENT,1838,1870,96,2079,2086,0,1638,1653,0,1260,1244,65,1605,1590,0
INDEX_BENT,1899,1883,91,2094,2089,0,1637,1646,0,1361,1297,0,1604,1596,0
INDEX_BENT,1884,1883,91,2113,2100,0,1621,1635,0,1315,1305,0,1608,1602,0
INDEX_BENT,1894,1888,89,2048,2077,0,1637,1636,0,1214,1264,0,1581,1592,0
INDEX_BENT,1892,1890,88,2099,2087,0,1650,1642,0,1241,1254,26,1557,1576,7
INDEX_BENT,1889,1889,88,2075,2081,0,1609,1627,0,1255,1254,26,1573,1575,9
INDEX_BENT,1907,1897,85,2079,2080,0,1619,1624,0,1251,1253,30,1584,1579,0
INDEX_BENT,1887,1893,86,2103,2091,0,1582,1605,0,1285,1267,0,1613,1594,0
INDEX_BENT,1884,1889,88,2150,2117,0,1603,1604,0,1324,1293,0,1616,1604,0
INDEX_BENT,1924,1905,81,2092,2106,0,1587,1596,1,1289,1291,0,1608,1606,0
INDEX_BENT,1911,1907,80,2064,2087,0,1592,1594,2,1210,1255,23,1591,1599,0
INDEX_BENT,1884,1897,85,2130,2106,0,1583,1589,5,1256,1255,23,1574,1588,0
INDEX_BENT,1908,1902,83,2127,2116,0,1591,1590,4,1243,1250,42,1581,1585,0
INDEX_BENT,1870,1888,89,2129,2122,0,1569,1581,9,1259,1254,26,1568,1577,4
INDEX_BENT,1910,1898,84,2084,2105,0,1604,1591,4,1277,1264,0,1600,1587,0
INDEX_BENT,1904,1901,83,2134,2118,0,1644,1615,0,1318,1288,0,1620,1602,0
INDEX_BENT,1925,1912,78,2106,2113,0,1591,1604,0,1307,1297,0,1571,1588,0
INDEX_BENT,1848,1883,91,2098,2106,0,1599,1602,0,1184,1246,57,1551,1571,19
INDEX_BENT,1905,1893,86,2071,2090,0,1607,1604,0,1219,1234,100,1559,1566,31
INDEX_BENT,1899,1896,85,2096,2093,0,1605,1605,0,1254,1243,69,1584,1574,12
INDEX_BENT,1923,1908,80,2070,2083,0,1594,1600,0,1282,1261,0,1570,1572,17
INDEX_BENT,1877,1894,86,2139,2108,0,1598,1599,0,1344,1298,0,1612,1590,0
INDEX_BENT,1886,1890,88,2111,2109,0,1572,1587,6,1308,1303,0,1578,1585,0
INDEX_BENT,1898,1894,86,2074,2093,0,1583,1585,7,1248,1278,0,1567,1577,4
INDEX_BENT,1888,1891,87,2107,2100,0,1587,1586,6,1235,1259,7,1559,1569,24
INDEX_BENT,1863,1879,93,2103,2101,0,1577,1582,8,1244,1252,34,1576,1572,17
INDEX_BENT,1927,1900,83,2094,2098,0,1591,1586,6,1262,1257,15,1581,1576,7
INDEX_BENT,1836,1871,96,2135,2115,0,1585,1586,6,1273,1264,0,1567,1572,17
INDEX_BENT,1920,1893,86,2127,2120,0,1577,1582,8,1350,1303,0,1577,1574,12
INDEX_BENT,1893,1893,86,2100,2111,0,1572,1577,11,1306,1304,0,1587,1580,0
INDEX_BENT,1873,1884,90,2092,2103,0,1588,1582,8,1236,1273,0,1556,1569,24
INDEX_BENT,1857,1872,96,2116,2109,0,1601,1591,4,1228,1253,30,1580,1574,12
INDEX_BENT,1893,1881,92,2072,2092,0,1575,1584,7,1252,1253,30,1566,1570,21
INDEX_BENT,1825,1856,100,2106,2098,0,1600,1591,4,1234,1244,65,1588,1578,2
INDEX_BENT,1873,1864,99,2119,2108,0,1590,1591,4,1264,1253,30,1619,1597,0
INDEX_BENT,1923,1890,88,2102,2105,0,1595,1593,3,1332,1289,0,1597,1597,0
INDEX_BENT,1898,1894,86,2095,2101,0,1569,1582,8,1289,1289,0,1606,1601,0
INDEX_BENT,1872,1884,90,2091,2096,0,1569,1576,11,1232,1263,0,1559,1582,0
INDEX_BENT,1904,1893,86,2099,2097,0,1552,1565,16,1279,1270,0,1585,1583,0
INDEX_BENT,1881,1888,89,2093,2095,0,1587,1575,12,1235,1254,26,1589,1586,0
INDEX_BENT,1870,1880,92,2094,2095,0,1557,1567,15,1266,1260,3,1568,1578,2
INDEX_BENT,1867,1874,95,2088,2092,0,1592,1578,10,1278,1268,0,1586,1582,0
INDEX_BENT,1909,1890,88,2097,2094,0,1586,1582,8,1302,1283,0,1632,1604,0
INDEX_BENT,1892,1891,87,2087,2091,0,1591,1586,6,1301,1291,0,1586,1596,0
INDEX_BENT,1857,1876,94,2075,2084,0,1568,1578,10,1217,1258,11,1585,1591,0
INDEX_BENT,1911,1892,87,2041,2065,5,1596,1586,6,1219,1240,80,1593,1592,0
INDEX_BENT,1912,1901,83,2095,2078,0,1591,1588,5,1254,1246,57,1594,1593,0
INDEX_BENT,1913,1906,81,2107,2091,0,1569,1580,9,1264,1254,26,1600,1596,0
INDEX_BENT,1935,1919,75,2116,2102,0,1587,1583,8,1371,1307,0,1615,1605,0
INDEX_BENT,1911,1916,76,2082,2093,0,1589,1586,6,1320,1313,0,1587,1597,0
INDEX_BENT,1928,1921,74,2096,2094,0,1583,1584,7,1295,1305,0,1580,1589,0
INDEX_BENT,1925,1923,73,2080,2088,0,1571,1578,10,1209,1262,0,1561,1576,7
INDEX_BENT,1932,1927,72,2093,2090,0,1583,1580,9,1227,1246,57,1560,1569,24
INDEX_BENT,1919,1923,73,2100,2095,0,1574,1578,10,1261,1253,30,1603,1584,0
INDEX_BENT,1922,1923,73,2108,2101,0,1535,1558,20,1300,1274,0,1522,1556,56
INDEX_BENT,1965,1942,65,2130,2114,0,1544,1552,23,1334,1301,0,1628,1589,0
INDEX_BENT,1958,1949,62,2112,2113,0,1432,1498,49,1319,1309,0,1598,1593,0
INDEX_BENT,1863,1910,79,2132,2122,0,1447,1475,60,1250,1283,0,1571,1583,0
INDEX_BENT,1943,1925,73,2108,2115,0,1521,1496,50,1201,1246,57,1573,1578,2
INDEX_BENT,1919,1922,74,2068,2094,0,1537,1514,41,1226,1237,92,1583,1581,0
INDEX_BENT,1944,1932,70,2104,2099,0,1556,1533,32,1260,1247,53,1586,1583,0
INDEX_BENT,1893,1914,77,2132,2114,0,1536,1534,31,1297,1270,0,1580,1582,0
INDEX_BENT,1931,1922,74,2138,2125,0,1506,1522,37,1333,1298,0,1600,1590,0
INDEX_BENT,1903,1913,78,2127,2126,0,1528,1524,36,1273,1287,0,1619,1603,0
INDEX_BENT,1905,1910,79,2085,2107,0,1558,1540,28,1222,1258,11,1562,1585,0
INDEX_BENT,1931,1919,75,2104,2106,0,1518,1530,33,1223,1242,73,1573,1579,0
INDEX_BENT,1913,1916,76,2097,2102,0,1550,1539,29,1237,1240,80,1602,1590,0
INDEX_BENT,1922,1919,75,2111,2106,0,1528,1534,31,1276,1256,19,1595,1592,0
INDEX_BENT,1903,1912,78,2105,2106,0,1559,1545,26,1294,1273,0,1590,1591,0
INDEX_BENT,1902,1907,80,2121,2112,0,1528,1537,30,1318,1293,0,1589,1590,0
INDEX_BENT,1912,1909,80,2111,2112,0,1548,1542,27,1284,1289,0,1601,1595,0
INDEX_BENT,1889,1900,83,2073,2094,0,1566,1553,22,1232,1263,0,1566,1582,0
INDEX_BENT,1875,1889,88,2095,2095,0,1528,1542,27,1207,1238,88,1596,1588,0
INDEX_BENT,1875,1883,91,2100,2097,0,1544,1543,27,1272,1253,30,1564,1577,4
INDEX_BENT,1911,1895,86,2095,2096,0,1518,1532,32,1288,1269,0,1544,1562,41
INDEX_BENT,1911,1902,83,2108,2101,0,1531,1531,33,1287,1277,0,1620,1588,0
INDEX_BENT,1897,1900,83,2138,2118,0,1566,1547,25,1332,1302,0,1627,1606,0
INDEX_BENT,1912,1905,81,2134,2125,0,1518,1534,31,1303,1302,0,1595,1601,0
INDEX_BENT,1891,1899,84,2050,2091,0,1448,1495,50,1224,1267,0,1574,1589,0
INDEX_BENT,1876,1889,88,2061,2078,0,1513,1503,46,1248,1258,11,1587,1588,0
INDEX_BENT,1903,1895,86,2108,2091,0,1520,1511,42,1247,1253,30,1572,1581,0
INDEX_BENT,1925,1909,80,2060,2077,0,1640,1569,14,1300,1274,0,1552,1568,26
INDEX_BENT,1927,1917,76,2135,2103,0,1670,1614,0,1349,1308,0,1591,1578,2
INDEX_BENT,1967,1939,66,2117,2109,0,1705,1655,0,1316,1312,0,1607,1591,0
INDEX_BENT,1907,1925,73,2122,2115,0,1576,1620,0,1266,1291,0,1590,1591,0
INDEX_BENT,1841,1887,89,2101,2109,0,1669,1642,0,1196,1248,50,1574,1583,0
INDEX_BENT,1895,1891,87,2105,2107,0,1666,1653,0,1276,1261,0,1593,1588,0
INDEX_BENT,1914,1901,83,2076,2093,0,1334,1509,43,1247,1255,23,1582,1585,0
INDEX_BENT,1951,1924,73,2104,2098,0,1357,1441,76,1279,1266,0,1583,1584,0
INDEX_BENT,1919,1922,74,2120,2108,0,1421,1432,80,1379,1317,0,1618,1599,0
INDEX_BENT,1956,1937,67,2099,2104,0,1441,1436,78,1314,1315,0,1595,1597,0
INDEX_BENT,1960,1947,63,2099,2102,0,1464,1449,72,1223,1274,0,1597,1597,0
INDEX_BENT,1937,1943,65,2098,2100,0,1382,1419,87,1227,1253,30,1586,1592,0
INDEX_BENT,1937,1940,66,2096,2098,0,1362,1393,99,1251,1252,34,1584,1588,0
INDEX_BENT,1937,1939,66,2120,2108,0,1248,1328,100,1240,1247,53,1587,1588,0
INDEX_BENT,1925,1933,69,2131,2118,0,1631,1464,65,1238,1243,69,1573,1581,0
INDEX_BENT,1930,1931,70,2095,2108,0,1461,1463,65,1328,1281,0,1575,1578,2
INDEX_BENT,1917,1925,73,2120,2113,0,1637,1541,28,1287,1284,0,1599,1588,0
INDEX_BENT,1919,1922,74,2072,2095,0,1688,1607,0,1241,1265,0,1572,1581,0
INDEX_BENT,1937,1929,71,2116,2104,0,1620,1613,0,1226,1247,53,1600,1589,0
INDEX_BENT,1953,1940,66,2090,2098,0,1478,1552,23,1252,1249,46,1599,1594,0
INDEX_BENT,1952,1945,64,2079,2089,0,1686,1612,0,1257,1253,30,1590,1592,0
INDEX_BENT,1943,1944,64,2132,2109,0,1694,1649,0,1273,1262,0,1604,1597,0
INDEX_BENT,1932,1939,66,2132,2119,0,1692,1668,0,1343,1298,0,1636,1615,0
INDEX_BENT,1935,1937,67,2111,2115,0,1695,1680,0,1285,1292,0,1572,1596,0
INDEX_BENT,1923,1931,70,2079,2099,0,1673,1677,0,1198,1250,42,1593,1594,0
INDEX_BENT,1959,1943,65,2078,2090,0,1713,1693,0,1235,1243,69,1580,1588,0
INDEX_BENT,1925,1935,68,2094,2092,0,1691,1692,0,1270,1255,23,1619,1602,0
INDEX_BENT,1954,1944,64,2087,2090,0,1699,1695,0,1207,1234,100,1583,1593,0
INDEX_BENT,1954,1948,63,2128,2107,0,1679,1688,0,1402,1309,0,1609,1600,0
INDEX_BENT,1961,1954,60,2126,2115,0,1659,1675,0,1309,1309,0,1605,1602,0
INDEX_BENT,1918,1938,67,2091,2104,0,1639,1659,0,1237,1277,0,1553,1580,0
INDEX_BENT,1921,1930,70,2098,2102,0,1702,1678,0,1211,1247,53,1592,1586,0
INDEX_BENT,1924,1927,72,2094,2098,0,1665,1672,0,1263,1254,26,1619,1601,0
INDEX_BENT,1903,1916,76,2083,2091,0,1694,1682,0,1255,1255,23,1595,1598,0
INDEX_BENT,1943,1928,71,2111,2100,0,1639,1663,0,1312,1280,0,1589,1594,0
INDEX_BENT,1935,1931,70,2114,2106,0,1662,1662,0,1346,1310,0,1597,1595,0
INDEX_BENT,1956,1942,65,2089,2099,0,1663,1663,0,1287,1300,0,1599,1597,0
INDEX_BENT,1881,1915,77,2090,2095,0,1612,1640,0,1192,1251,38,1577,1588,0
INDEX_BENT,1913,1914,77,2107,2100,0,1311,1492,51,1235,1244,65,1583,1586,0
INDEX_BENT,1928,1920,75,2099,2100,0,1664,1569,14,1217,1232,100,1590,1588,0
INDEX_BENT,1941,1930,70,2077,2089,0,1618,1591,4,1286,1256,19,1572,1581,0
INDEX_BENT,1942,1935,68,2123,2105,0,1583,1588,5,1279,1266,0,1610,1594,0
INDEX_BENT,1962,1947,63,2117,2110,0,1651,1616,0,1308,1285,0,1606,1599,0
INDEX_BENT,1960,1953,60,2097,2104,0,1631,1623,0,1293,1289,0,1573,1587,0
INDEX_BENT,1934,1944,64,2106,2105,0,1604,1614,0,1214,1255,23,1569,1579,0
INDEX_BENT,1954,1949,62,2098,2102,0,1600,1608,0,1266,1260,3,1574,1577,4
INDEX_BENT,1936,1943,65,2082,2093,0,1610,1609,0,1238,1250,42,1584,1580,0
INDEX_BENT,1984,1961,57,2124,2107,0,1571,1592,3,1280,1264,0,1579,1580,0
INDEX_BENT,1956,1959,58,2079,2094,0,1598,1595,2,1264,1264,0,1611,1594,0
INDEX_BENT,1923,1943,65,2079,2087,0,1646,1618,0,1334,1295,0,1568,1582,0
INDEX_BENT,1937,1940,66,2114,2099,0,1572,1597,1,1293,1294,0,1624,1601,0
INDEX_BENT,1917,1930,70,2068,2085,0,1576,1588,5,1230,1265,0,1572,1588,0
INDEX_BENT,1956,1942,65,2123,2102,0,1505,1550,24,1246,1257,15,1592,1590,0
INDEX_BENT,1932,1937,67,2104,2103,0,1640,1591,4,1246,1252,34,1586,1588,0
INDEX_BENT,1943,1940,66,2120,2111,0,1600,1595,2,1232,1243,69,1616,1601,0
INDEX_BENT,1936,1938,67,2112,2111,0,1627,1609,0,1347,1290,0,1616,1608,0
INDEX_BENT,1942,1940,66,2104,2108,0,1664,1634,0,1334,1310,0,1599,1604,0
INDEX_BENT,1928,1935,68,2144,2124,0,1660,1646,0,1252,1284,0,1588,1597,0
INDEX_BENT,1896,1917,76,2100,2113,0,1652,1649,0,1225,1257,15,1547,1574,12
INDEX_BENT,1943,1929,71,2116,2115,0,1710,1676,0,1249,1254,26,1588,1580,0
INDEX_BENT,1944,1936,68,2097,2107,0,1564,1626,0,1256,1255,23,1589,1584,0
MIDDLE_BENT,2062,2035,25,1823,1844,100,1675,1656,0,1232,1243,69,1598,1584,0
MIDDLE_BENT,2024,2030,27,1876,1858,100,1580,1622,0,1327,1281,0,1631,1605,0
MIDDLE_BENT,2032,2031,26,1897,1876,100,1624,1623,0,1298,1289,0,1607,1606,0
MIDDLE_BENT,2006,2020,31,1785,1835,100,1620,1622,0,1238,1266,0,1567,1588,0
MIDDLE_BENT,2024,2022,30,1815,1826,100,1624,1623,0,1256,1261,0,1566,1578,2
MIDDLE_BENT,2009,2016,33,1825,1826,100,1636,1629,0,1231,1248,50,1571,1575,9
MIDDLE_BENT,2018,2017,33,1872,1846,100,1592,1612,0,1282,1263,0,1593,1583,0
MIDDLE_BENT,2036,2025,29,1840,1844,100,1611,1612,0,1260,1262,0,1584,1584,0
MIDDLE_BENT,2043,2033,26,1868,1855,100,1649,1628,0,1258,1260,3,1631,1605,0
MIDDLE_BENT,2008,2022,30,1846,1851,100,1639,1633,0,1214,1239,84,1584,1595,0
MIDDLE_BENT,2021,2022,30,1810,1832,100,1621,1628,0,1236,1238,88,1542,1571,19
MIDDLE_BENT,2033,2027,28,1843,1837,100,1627,1627,0,1233,1236,96,1584,1577,4
MIDDLE_BENT,2003,2016,33,1854,1845,100,1597,1614,0,1275,1253,30,1603,1589,0
MIDDLE_BENT,1996,2007,37,1850,1847,100,1326,1484,55,1257,1255,23,1547,1570,21
MIDDLE_BENT,1994,2001,40,1903,1872,100,1601,1537,30,1229,1243,69,1595,1581,0
MIDDLE_BENT,2016,2008,36,1847,1861,100,1255,1410,91,1337,1285,0,1587,1584,0
MIDDLE_BENT,2032,2019,32,1872,1866,100,1269,1347,100,1313,1298,0,1584,1584,0
MIDDLE_BENT,1989,2005,38,1837,1853,100,1315,1332,100,1201,1254,26,1584,1584,0
MIDDLE_BENT,2015,2010,36,1823,1839,100,1346,1338,100,1235,1246,57,1548,1568,26
MIDDLE_BENT,2010,2010,36,1831,1836,100,1318,1329,100,1227,1237,92,1593,1579,0
MIDDLE_BENT,2013,2011,35,1844,1839,100,1520,1415,88,1276,1255,23,1565,1573,14
MIDDLE_BENT,2037,2023,30,1862,1850,100,1432,1423,85,1283,1267,0,1581,1576,7
MIDDLE_BENT,1997,2011,35,1919,1881,100,1373,1400,96,1331,1296,0,1609,1591,0
MIDDLE_BENT,2020,2015,33,1905,1892,100,1638,1507,44,1276,1287,0,1620,1604,0
MIDDLE_BENT,2014,2015,33,1851,1873,100,1535,1520,38,1220,1257,15,1599,1602,0
MIDDLE_BENT,1987,2002,39,1881,1877,100,1574,1544,26,1205,1234,100,1593,1598,0
MIDDLE_BENT,2007,2004,38,1830,1856,100,1479,1515,40,1245,1239,84,1578,1589,0
MIDDLE_BENT,1986,1996,42,1881,1867,100,1507,1511,42,1217,1229,100,1628,1607,0
MIDDLE_BENT,2028,2010,36,1892,1878,100,1475,1495,50,1258,1242,73,1600,1604,0
MIDDLE_BENT,2000,2006,37,1874,1876,100,1672,1575,12,1267,1253,30,1609,1606,0
MIDDLE_BENT,2010,2008,36,1888,1882,100,1581,1577,11,1249,1251,38,1575,1592,0
MIDDLE_BENT,1967,1989,45,1863,1873,100,1601,1588,5,1165,1212,100,1563,1579,0
MIDDLE_BENT,2040,2012,35,1855,1865,100,1347,1480,57,1249,1229,100,1592,1585,0
MIDDLE_BENT,2012,2012,35,1895,1879,100,1627,1546,25,1211,1221,100,1588,1586,0
MIDDLE_BENT,2005,2009,36,1833,1858,100,1403,1482,56,1221,1221,100,1608,1596,0
MIDDLE_BENT,2040,2023,30,1928,1890,100,1646,1556,21,1283,1249,46,1628,1610,0
MIDDLE_BENT,1987,2007,37,1887,1888,100,1659,1602,0,1272,1259,7,1614,1612,0
MIDDLE_BENT,1982,1996,42,1877,1883,100,1652,1625,0,1224,1243,69,1603,1608,0
MIDDLE_BENT,2003,1999,40,1888,1885,100,1655,1638,0,1174,1212,100,1559,1586,0
MIDDLE_BENT,2007,2003,39,1918,1900,100,1575,1610,0,1218,1215,100,1579,1583,0
MIDDLE_BENT,2013,2007,37,1869,1886,100,1302,1471,62,1221,1218,100,1555,1570,21
MIDDLE_BENT,2008,2008,36,1899,1892,100,1304,1396,98,1241,1228,100,1604,1585,0
MIDDLE_BENT,1999,2004,38,1927,1908,100,1655,1513,41,1290,1256,19,1623,1602,0
MIDDLE_BENT,1991,1998,41,1899,1904,100,1635,1568,15,1264,1260,3,1600,1601,0
MIDDLE_BENT,2003,2000,40,1876,1891,100,1659,1609,0,1210,1237,92,1581,1592,0
MIDDLE_BENT,1998,1999,40,1882,1887,100,1630,1618,0,1246,1241,76,1587,1590,0
MIDDLE_BENT,2001,2000,40,1867,1878,100,1635,1626,0,1264,1251,38,1597,1593,0
MIDDLE_BENT,1991,1996,42,1887,1882,100,1633,1629,0,1246,1249,46,1584,1589,0
MIDDLE_BENT,2014,2004,38,1913,1896,100,1662,1644,0,1240,1245,61,1603,1595,0
MIDDLE_BENT,2022,2012,35,1935,1914,100,1616,1631,0,1295,1267,0,1658,1624,0
MIDDLE_BENT,2029,2020,31,1893,1904,100,1653,1641,0,1210,1242,73,1593,1610,0
MIDDLE_BENT,2011,2016,33,1856,1883,100,1634,1638,0,1212,1228,100,1560,1587,0
MIDDLE_BENT,2003,2010,36,1875,1879,100,1622,1631,0,1234,1231,100,1592,1589,0
MIDDLE_BENT,2008,2009,36,1927,1901,100,1631,1631,0,1283,1254,26,1598,1593,0
MIDDLE_BENT,2044,2025,29,1882,1892,100,1679,1653,0,1219,1238,88,1604,1598,0
MIDDLE_BENT,2035,2029,27,1903,1897,100,1505,1586,6,1247,1242,73,1643,1618,0
MIDDLE_BENT,2035,2032,26,1905,1901,100,1644,1612,0,1276,1257,15,1599,1610,0
MIDDLE_BENT,1982,2009,36,1888,1895,100,1485,1555,21,1206,1234,100,1584,1598,0
MIDDLE_BENT,1991,2001,40,1902,1898,100,1548,1552,23,1236,1235,100,1585,1592,0
MIDDLE_BENT,2038,2018,32,1871,1886,100,1284,1431,81,1215,1226,100,1581,1587,0
MIDDLE_BENT,2024,2021,31,1938,1909,100,1412,1423,85,1238,1231,100,1611,1598,0
MIDDLE_BENT,2034,2027,28,1911,1910,100,1650,1525,36,1251,1240,80,1601,1599,0
MIDDLE_BENT,1996,2013,34,1978,1941,99,1667,1589,5,1264,1251,38,1589,1595,0
MIDDLE_BENT,2027,2019,32,1933,1937,100,1456,1529,34,1282,1265,0,1614,1603,0
MIDDLE_BENT,1995,2008,36,1903,1922,100,1429,1484,55,1224,1247,53,1564,1586,0
MIDDLE_BENT,2006,2007,37,1916,1919,100,1551,1514,41,1267,1256,19,1564,1576,7
MIDDLE_BENT,2006,2007,37,1916,1918,100,1543,1527,35,1206,1233,100,1597,1585,0
MIDDLE_BENT,1996,2002,39,1966,1939,100,1528,1528,34,1234,1234,100,1597,1591,0
MIDDLE_BENT,2023,2011,35,1913,1928,100,1461,1498,49,1241,1237,92,1611,1600,0
MIDDLE_BENT,2025,2018,32,1920,1924,100,1601,1544,26,1277,1255,23,1616,1607,0
MIDDLE_BENT,2021,2019,32,1907,1916,100,1167,1374,100,1274,1264,0,1587,1598,0
MIDDLE_BENT,2016,2018,32,1888,1904,100,1416,1393,99,1218,1243,69,1555,1579,0
MIDDLE_BENT,2044,2030,27,1880,1893,100,1396,1394,99,1240,1242,73,1593,1585,0
MIDDLE_BENT,2007,2019,32,1911,1901,100,1341,1370,100,1235,1239,84,1578,1582,0
MIDDLE_BENT,2040,2029,27,1929,1914,100,1689,1514,41,1224,1232,100,1599,1590,0
MIDDLE_BENT,2036,2032,26,1911,1912,100,1664,1581,9,1255,1242,73,1593,1591,0
MIDDLE_BENT,2023,2028,28,1980,1943,97,1630,1603,0,1293,1265,0,1607,1598,0
MIDDLE_BENT,2028,2028,28,1945,1944,96,1637,1618,0,1284,1274,0,1615,1606,0
MIDDLE_BENT,2034,2031,26,1901,1925,100,1615,1617,0,1233,1255,23,1568,1589,0
MIDDLE_BENT,2000,2017,33,1902,1914,100,1599,1609,0,1225,1242,73,1591,1590,0
MIDDLE_BENT,2039,2027,28,1923,1918,100,1439,1532,32,1238,1240,80,1591,1590,0
MIDDLE_BENT,2033,2030,27,1864,1894,100,1403,1474,60,1230,1236,96,1574,1583,0
MIDDLE_BENT,2047,2037,24,1932,1911,100,1652,1554,22,1280,1256,19,1605,1593,0
MIDDLE_BENT,2083,2058,15,1897,1905,100,1641,1593,3,1308,1279,0,1580,1587,0
MIDDLE_BENT,2008,2035,25,1930,1916,100,1652,1620,0,1272,1276,0,1575,1582,0
MIDDLE_BENT,2028,2032,26,1915,1916,100,1630,1624,0,1250,1264,0,1586,1584,0
MIDDLE_BENT,2008,2021,31,1957,1934,100,1627,1626,0,1276,1270,0,1582,1583,0
MIDDLE_BENT,2043,2031,26,1910,1923,100,1666,1644,0,1256,1263,0,1608,1594,0
MIDDLE_BENT,2024,2028,28,1949,1935,100,1659,1651,0,1262,1263,0,1595,1595,0
MIDDLE_BENT,2028,2028,28,1973,1952,90,1700,1673,0,1287,1274,0,1632,1611,0
MIDDLE_BENT,2028,2028,28,1940,1947,94,1667,1670,0,1296,1284,0,1609,1610,0
MIDDLE_BENT,2031,2029,27,1921,1935,100,1669,1670,0,1244,1266,0,1570,1592,0
MIDDLE_BENT,2039,2034,25,1912,1925,100,1619,1647,0,1213,1242,73,1561,1578,2
MIDDLE_BENT,2012,2024,30,1889,1909,100,1646,1646,0,1240,1241,76,1586,1582,0
MIDDLE_BENT,2021,2023,30,1905,1907,100,1643,1645,0,1248,1244,65,1583,1582,0
MIDDLE_BENT,2008,2016,33,1939,1921,100,1668,1655,0,1222,1234,100,1593,1587,0
MIDDLE_BENT,2040,2027,28,1938,1929,100,1639,1648,0,1308,1267,0,1614,1599,0
MIDDLE_BENT,2049,2037,24,1937,1933,100,1655,1651,0,1253,1261,0,1621,1609,0
MIDDLE_BENT,2016,2027,28,1915,1925,100,1656,1653,0,1238,1251,38,1585,1598,0
MIDDLE_BENT,2000,2015,33,1911,1919,100,1624,1640,0,1218,1236,96,1604,1601,0
MIDDLE_BENT,2041,2027,28,1921,1920,100,1652,1645,0,1240,1238,88,1593,1597,0
MIDDLE_BENT,2062,2043,21,1911,1916,100,1643,1644,0,1214,1227,100,1632,1613,0
MIDDLE_BENT,2042,2042,22,1977,1943,97,1672,1657,0,1304,1262,0,1603,1608,0
MIDDLE_BENT,2023,2034,25,1928,1936,100,1664,1660,0,1315,1286,0,1611,1610,0
MIDDLE_BENT,2050,2041,22,1910,1925,100,1632,1647,0,1247,1268,0,1607,1608,0
MIDDLE_BENT,2028,2035,25,1920,1922,100,1667,1656,0,1244,1257,15,1590,1600,0
MIDDLE_BENT,2024,2030,27,1919,1921,100,1680,1667,0,1207,1235,100,1549,1577,4
MIDDLE_BENT,2032,2031,26,1914,1918,100,1653,1661,0,1277,1254,26,1575,1576,7
MIDDLE_BENT,2031,2031,26,1951,1933,100,1664,1662,0,1236,1246,57,1604,1589,0
MIDDLE_BENT,2037,2034,25,1994,1960,84,1669,1665,0,1308,1274,0,1599,1593,0
MIDDLE_BENT,2045,2039,23,1936,1949,93,1648,1657,0,1276,1275,0,1610,1601,0
MIDDLE_BENT,2030,2035,25,1916,1934,100,1646,1652,0,1235,1257,15,1582,1592,0
MIDDLE_BENT,2079,2055,16,1896,1917,100,1668,1659,0,1248,1253,30,1566,1580,0
MIDDLE_BENT,2027,2042,22,1935,1925,100,1646,1653,0,1231,1243,69,1584,1582,0
MIDDLE_BENT,2043,2043,21,1935,1930,100,1664,1658,0,1275,1257,15,1563,1573,14
MIDDLE_BENT,2032,2038,23,1970,1948,93,1630,1645,0,1317,1284,0,1626,1597,0
MIDDLE_BENT,2025,2032,26,1959,1953,90,1679,1661,0,1248,1268,0,1624,1609,0
MIDDLE_BENT,2004,2019,32,1952,1952,90,1616,1641,0,1253,1261,0,1581,1597,0
MIDDLE_BENT,2022,2021,31,1900,1929,100,1654,1647,0,1215,1240,80,1589,1593,0
MIDDLE_BENT,2014,2018,32,1903,1917,100,1652,1649,0,1251,1245,61,1622,1606,0
MIDDLE_BENT,2015,2016,33,1899,1909,100,1675,1661,0,1225,1236,96,1583,1596,0
MIDDLE_BENT,2046,2030,27,1914,1911,100,1642,1652,0,1277,1255,23,1599,1597,0
MIDDLE_BENT,2072,2049,19,1948,1928,100,1671,1661,0,1283,1267,0,1617,1606,0
MIDDLE_BENT,2045,2047,20,1941,1934,100,1653,1657,0,1278,1272,0,1590,1599,0
MIDDLE_BENT,2033,2041,22,1898,1918,100,1659,1658,0,1267,1270,0,1579,1590,0
MIDDLE_BENT,2024,2033,26,1962,1938,100,1629,1645,0,1237,1255,23,1595,1592,0
MIDDLE_BENT,2025,2030,27,1909,1925,100,1678,1660,0,1224,1241,76,1601,1596,0
MIDDLE_BENT,2030,2030,27,1925,1925,100,1642,1652,0,1251,1246,57,1599,1597,0
MIDDLE_BENT,2049,2038,23,1941,1932,100,1659,1655,0,1274,1258,11,1588,1593,0
MIDDLE_BENT,2025,2032,26,1991,1959,85,1603,1632,0,1329,1290,0,1619,1605,0
MIDDLE_BENT,2071,2050,18,1944,1952,90,1676,1652,0,1264,1278,0,1606,1605,0
MIDDLE_BENT,2019,2036,24,1907,1932,100,1662,1656,0,1233,1258,11,1587,1597,0
MIDDLE_BENT,1980,2011,35,1968,1948,93,1627,1643,0,1244,1252,34,1616,1606,0
MIDDLE_BENT,2058,2032,26,1924,1937,100,1647,1645,0,1252,1252,34,1603,1604,0
MIDDLE_BENT,2000,2018,32,1927,1933,100,1639,1642,0,1234,1244,65,1602,1603,0
MIDDLE_BENT,2024,2020,31,1953,1942,98,1652,1647,0,1262,1252,34,1630,1615,0
MIDDLE_BENT,2022,2021,31,1997,1967,79,1627,1638,0,1263,1257,15,1629,1621,0
MIDDLE_BENT,2023,2022,30,1946,1957,87,1677,1655,0,1247,1252,34,1619,1620,0
MIDDLE_BENT,2049,2034,25,1875,1920,100,1692,1672,0,1218,1237,92,1575,1600,0
MIDDLE_BENT,2047,2040,23,1892,1908,100,1701,1685,0,1246,1241,76,1596,1598,0
MIDDLE_BENT,2027,2034,25,1930,1918,100,1676,1681,0,1227,1235,100,1597,1598,0
MIDDLE_BENT,2013,2025,29,1934,1925,100,1673,1677,0,1198,1218,100,1626,1610,0
MIDDLE_BENT,2034,2029,27,1951,1937,100,1627,1655,0,1283,1247,53,1574,1594,0
MIDDLE_BENT,2007,2019,32,2031,1979,70,1628,1643,0,1255,1251,38,1625,1608,0
MIDDLE_BENT,2040,2028,28,1946,1964,81,1639,1641,0,1271,1260,3,1593,1601,0
MIDDLE_BENT,2019,2024,30,1905,1938,100,1624,1633,0,1254,1257,15,1611,1606,0
MIDDLE_BENT,2031,2027,28,1910,1925,100,1676,1653,0,1202,1232,100,1605,1605,0
MIDDLE_BENT,2057,2041,22,1900,1914,100,1643,1648,0,1243,1237,92,1600,1603,0
MIDDLE_BENT,2016,2030,27,1944,1927,100,1657,1652,0,1243,1240,80,1613,1607,0
MIDDLE_BENT,2027,2028,28,1975,1949,93,1623,1639,0,1281,1258,11,1611,1609,0
MIDDLE_BENT,2016,2023,30,1945,1947,94,1717,1674,0,1285,1270,0,1605,1607,0
MIDDLE_BENT,2032,2027,28,1923,1936,100,1645,1661,0,1253,1263,0,1576,1593,0
MIDDLE_BENT,2029,2028,28,1908,1924,100,1656,1659,0,1195,1232,100,1576,1585,0
MIDDLE_BENT,2033,2030,27,1931,1927,100,1664,1661,0,1219,1226,100,1615,1599,0
MIDDLE_BENT,2026,2028,28,1933,1930,100,1603,1635,0,1227,1227,100,1591,1595,0
MIDDLE_BENT,2039,2033,26,1910,1921,100,1594,1617,0,1259,1241,76,1622,1607,0
MIDDLE_BENT,2059,2045,20,1984,1949,93,1474,1552,23,1351,1291,0,1622,1614,0
MIDDLE_BENT,2062,2053,17,1945,1947,94,1645,1594,2,1290,1290,0,1604,1609,0
MIDDLE_BENT,2039,2046,20,1941,1944,96,1669,1628,0,1273,1283,0,1597,1604,0
MIDDLE_BENT,2019,2034,25,1935,1940,100,1643,1635,0,1191,1241,76,1583,1594,0
MIDDLE_BENT,2048,2040,23,1889,1917,100,1665,1648,0,1222,1233,100,1596,1595,0
MIDDLE_BENT,1979,2013,34,1935,1925,100,1634,1642,0,1246,1239,84,1598,1596,0
MIDDLE_BENT,2012,2012,35,1921,1923,100,1652,1646,0,1259,1248,50,1608,1602,0
MIDDLE_BENT,2016,2014,34,1968,1943,97,1668,1656,0,1296,1269,0,1617,1609,0
MIDDLE_BENT,2055,2032,26,1967,1954,89,1614,1637,0,1294,1281,0,1612,1610,0
MIDDLE_BENT,2003,2019,32,1944,1950,92,1637,1637,0,1239,1262,0,1612,1611,0
MIDDLE_BENT,2024,2021,31,1924,1938,100,1641,1639,0,1218,1242,73,1604,1608,0
MIDDLE_BENT,1995,2009,36,1923,1931,100,1704,1668,0,1220,1232,100,1571,1591,0
MIDDLE_BENT,2023,2016,33,1928,1930,100,1663,1666,0,1249,1240,80,1593,1592,0
MIDDLE_BENT,2024,2019,32,1931,1930,100,1637,1653,0,1244,1242,73,1596,1594,0
MIDDLE_BENT,2044,2030,27,1957,1942,98,1624,1640,0,1329,1281,0,1609,1601,0
MIDDLE_BENT,2010,2021,31,1970,1955,88,1641,1640,0,1264,1273,0,1602,1601,0
MIDDLE_BENT,2026,2023,30,1893,1927,100,1657,1648,0,1233,1255,23,1566,1585,0
MIDDLE_BENT,1989,2008,36,1971,1947,94,1614,1633,0,1204,1232,100,1622,1602,0
MIDDLE_BENT,2027,2017,33,1937,1942,98,1630,1631,0,1264,1246,57,1578,1591,0
MIDDLE_BENT,2019,2018,32,1916,1931,100,1657,1643,0,1236,1242,73,1604,1597,0
MIDDLE_BENT,2014,2016,33,1949,1939,100,1653,1647,0,1235,1239,84,1614,1605,0
MIDDLE_BENT,2019,2017,33,1987,1961,84,1669,1657,0,1276,1255,23,1641,1621,0
MIDDLE_BENT,2045,2030,27,1937,1950,92,1640,1649,0,1287,1270,0,1607,1615,0
MIDDLE_BENT,2024,2027,28,1957,1953,90,1603,1629,0,1256,1264,0,1610,1613,0
MIDDLE_BENT,2011,2020,31,1912,1935,100,1638,1633,0,1222,1245,61,1594,1604,0
MIDDLE_BENT,2035,2027,28,1911,1924,100,1655,1643,0,1236,1241,76,1569,1588,0
MIDDLE_BENT,2014,2021,31,1902,1914,100,1648,1645,0,1240,1240,80,1583,1586,0
MIDDLE_BENT,2035,2027,28,1956,1933,100,1663,1653,0,1261,1250,42,1596,1590,0
MIDDLE_BENT,2040,2033,26,1956,1943,97,1670,1661,0,1279,1263,0,1612,1600,0
MIDDLE_BENT,2027,2030,27,1963,1952,90,1620,1642,0,1281,1271,0,1583,1592,0
MIDDLE_BENT,2019,2025,29,1946,1949,93,1587,1617,0,1227,1251,38,1592,1592,0
MIDDLE_BENT,2040,2032,26,1909,1931,100,1663,1638,0,1213,1234,100,1594,1593,0
MIDDLE_BENT,2030,2031,26,1938,1934,100,1627,1633,0,1260,1246,57,1588,1591,0
MIDDLE_BENT,2044,2037,24,1933,1934,100,1639,1636,0,1242,1244,65,1607,1598,0
MIDDLE_BENT,2048,2042,22,1956,1944,96,1653,1643,0,1294,1267,0,1641,1617,0
MIDDLE_BENT,2063,2051,18,1940,1942,98,1643,1643,0,1310,1286,0,1604,1611,0
MIDDLE_BENT,2034,2044,21,1934,1938,100,1632,1638,0,1253,1271,0,1632,1621,0
MIDDLE_BENT,2031,2038,23,1913,1927,100,1632,1635,0,1234,1254,26,1581,1603,0
MIDDLE_BENT,2016,2028,28,1902,1916,100,1694,1662,0,1165,1214,100,1570,1588,0
MIDDLE_BENT,2018,2024,30,1928,1921,100,1644,1654,0,1215,1215,100,1597,1592,0
MIDDLE_BENT,2008,2017,33,1961,1939,100,1643,1649,0,1238,1225,100,1607,1599,0
MIDDLE_BENT,2047,2030,27,1959,1948,93,1635,1643,0,1340,1277,0,1566,1584,0
MIDDLE_BENT,2024,2027,28,1951,1949,93,1618,1632,0,1261,1270,0,1599,1591,0
MIDDLE_BENT,2019,2024,30,1892,1924,100,1659,1644,0,1254,1263,0,1601,1595,0
RING_BENT,2024,2019,32,1880,1894,100,1364,1368,100,1222,1230,100,1541,1552,65
RING_BENT,2036,2027,28,1835,1868,100,1540,1446,74,1214,1223,100,1538,1546,80
RING_BENT,2026,2026,29,1732,1807,100,1423,1435,79,1349,1280,0,1574,1559,48
RING_BENT,2029,2030,27,1933,1878,100,1345,1472,61,1274,1266,0,1581,1583,0
RING_BENT,1965,2001,40,1932,1903,100,1311,1400,96,1193,1233,100,1527,1558,51
RING_BENT,1999,2000,40,1941,1920,100,1480,1436,78,1236,1234,100,1567,1562,41
RING_BENT,2023,2030,27,1896,1882,100,1465,1483,56,1240,1248,50,1578,1576,7
RING_BENT,1994,2014,34,1870,1877,100,1484,1484,55,1220,1235,100,1567,1572,17
RING_BENT,1997,2005,38,1901,1905,100,1445,1481,57,1230,1227,100,1543,1556,56
RING_BENT,1991,1999,40,1879,1893,100,1465,1474,60,1240,1233,100,1572,1563,39
RING_BENT,2016,2013,34,1721,1732,100,1179,1413,89,1190,1231,100,1548,1565,34
RING_BENT,1998,2006,37,1740,1736,100,1561,1479,58,1192,1213,100,1552,1559,48
RING_BENT,1989,1999,40,1796,1763,100,1426,1455,69,1199,1207,100,1571,1564,36
RING_BENT,1900,1874,95,1886,1880,100,1393,1485,55,1199,1241,76,1580,1573,14
RING_BENT,1883,1873,95,1890,1882,100,1272,1438,77,1309,1294,0,1574,1568,26
RING_BENT,1851,1867,98,1858,1869,100,1415,1461,66,1131,1192,100,1556,1560,46
RING_BENT,1877,1871,96,1863,1866,100,1390,1429,82,1206,1198,100,1551,1556,56
RING_BENT,1892,1881,92,1851,1859,100,1384,1409,91,1201,1199,100,1568,1561,43
RING_BENT,1887,1883,91,1867,1863,100,1443,1424,84,1215,1206,100,1550,1556,56
RING_BENT,1874,1879,93,1889,1875,100,1425,1425,84,1267,1234,100,1562,1559,48
RING_BENT,1839,1861,100,1902,1887,100,1408,1417,87,1414,1315,0,1580,1568,26
RING_BENT,1876,1868,97,1892,1889,100,1413,1415,88,1259,1290,0,1571,1570,21
RING_BENT,1873,1870,96,1860,1876,100,1455,1433,80,1137,1221,100,1560,1565,34
RING_BENT,1891,1880,92,1874,1875,100,1434,1434,79,1184,1204,100,1568,1566,31
RING_BENT,1856,1868,97,1874,1871,100,1376,1472,61,1393,1317,0,1584,1575,9
RING_BENT,1888,1877,93,1879,1874,100,1419,1448,73,1278,1300,0,1550,1564,36
RING_BENT,1888,1882,91,1851,1864,100,1427,1439,77,1122,1220,100,1563,1563,39
RING_BENT,1825,1856,100,1859,1862,100,1517,1474,60,1161,1193,100,1556,1560,46
RING_BENT,1881,1877,93,1885,1876,100,1384,1466,64,1255,1225,100,1553,1555,58
RING_BENT,1908,1898,84,1715,1759,100,1100,1367,100,1218,1230,100,1588,1573,14
RING_BENT,1934,1914,77,1715,1739,100,1387,1376,100,1231,1231,100,1593,1582,0
RING_BENT,1894,1903,82,1849,1818,100,1216,1364,100,1317,1272,0,1597,1583,0
RING_BENT,1884,1894,86,1806,1813,100,1603,1472,61,1263,1268,0,1573,1578,2
RING_BENT,1816,1837,100,1900,1895,100,1464,1481,57,1308,1275,0,1592,1588,0
RING_BENT,1943,1918,76,1930,1899,100,1003,1301,100,1247,1236,96,1575,1575,9
RING_BENT,1908,1913,78,1874,1888,100,1638,1453,70,1220,1229,100,1586,1580,0
RING_BENT,1928,1927,72,1884,1874,100,1290,1420,86,1234,1230,100,1568,1564,36
RING_BENT,1928,1909,80,1896,1882,100,1043,1322,100,1224,1229,100,1592,1582,0
RING_BENT,1905,1907,80,1915,1897,100,1593,1444,75,1244,1236,96,1571,1577,4
RING_BENT,1943,1923,73,1875,1887,100,926,1211,100,1272,1252,34,1572,1575,9
RING_BENT,1791,1864,99,1912,1898,100,1592,1382,100,1262,1256,19,1597,1585,0
RING_BENT,1915,1887,89,1866,1884,100,1594,1478,58,1228,1244,65,1561,1574,12
RING_BENT,1940,1944,64,1859,1851,100,1017,1348,100,1225,1228,100,1560,1566,31
RING_BENT,1972,1957,59,1854,1852,100,1448,1393,99,1243,1235,100,1556,1562,41
RING_BENT,1932,1946,63,1888,1868,100,1508,1445,74,1223,1229,100,1561,1561,43
RING_BENT,1931,1939,66,1951,1906,100,1403,1426,83,1308,1265,0,1548,1555,58
RING_BENT,1947,1943,65,1868,1889,100,1279,1360,100,1276,1270,0,1561,1558,51
RING_BENT,1928,1936,68,1809,1853,100,1525,1434,79,1204,1240,80,1555,1557,53
RING_BENT,1934,1935,68,1881,1865,100,1463,1447,73,1212,1228,100,1587,1570,21
RING_BENT,1966,1949,62,1815,1843,100,1311,1386,100,1239,1233,100,1559,1565,34
RING_BENT,1936,1943,65,1837,1840,100,1378,1382,100,1230,1231,100,1571,1568,26
RING_BENT,1983,1961,57,1891,1863,100,1347,1366,100,1290,1258,11,1600,1582,0
RING_BENT,1961,1961,57,1885,1873,100,1366,1366,100,1272,1264,0,1575,1579,0
RING_BENT,1951,1957,59,1854,1864,100,1370,1368,100,1211,1240,80,1586,1582,0
RING_BENT,1942,1950,62,1759,1817,100,1356,1363,100,1218,1230,100,1577,1580,0
RING_BENT,1940,1945,64,1863,1838,100,1323,1345,100,1211,1222,100,1573,1577,4
RING_BENT,1971,1957,59,1862,1849,100,1343,1344,100,1237,1229,100,1552,1566,31
RING_BENT,1939,1949,62,1920,1881,100,1355,1349,100,1216,1223,100,1579,1572,17
RING_BENT,1936,1943,65,1927,1902,100,1288,1322,100,1274,1246,57,1566,1569,24
RING_BENT,1952,1947,63,1900,1901,100,1368,1342,100,1321,1280,0,1580,1574,12
RING_BENT,1938,1943,65,1899,1900,100,1323,1334,100,1196,1242,73,1572,1573,14
RING_BENT,1949,1946,63,1843,1874,100,1327,1331,100,1247,1244,65,1571,1572,17
RING_BENT,1943,1944,64,1802,1842,100,1356,1342,100,1167,1209,100,1582,1577,4
RING_BENT,1930,1938,67,1907,1871,100,1331,1337,100,1020,1124,100,1563,1570,21
RING_BENT,1974,1954,60,1875,1873,100,1320,1329,100,1161,1141,100,1569,1570,21
RING_BENT,1822,1895,86,1829,1853,100,1321,1326,100,1241,1186,100,1580,1574,12
RING_BENT,1940,1915,77,1903,1876,100,1342,1333,100,1259,1219,100,1589,1581,0
RING_BENT,2022,1963,56,1904,1888,100,1305,1320,100,1355,1280,0,1615,1596,0
RING_BENT,1984,1973,52,1885,1887,100,1323,1322,100,1280,1280,0,1560,1580,0
RING_BENT,1944,1960,57,1893,1890,100,1322,1322,100,974,1142,100,1596,1587,0
RING_BENT,1946,1954,60,1895,1892,100,1332,1326,100,1249,1190,100,1593,1590,0
RING_BENT,1952,1953,60,1890,1891,100,1320,1324,100,1279,1230,100,1546,1570,21
RING_BENT,1966,1959,58,1903,1896,100,1314,1319,100,1145,1192,100,1565,1568,26
RING_BENT,1939,1950,62,1920,1907,100,1319,1319,100,1179,1186,100,1608,1586,0
RING_BENT,1969,1958,58,1952,1927,100,1328,1323,100,1219,1201,100,1586,1586,0
RING_BENT,1968,1963,56,1884,1908,100,1361,1340,100,1144,1175,100,1569,1578,2
RING_BENT,1971,1966,55,1904,1906,100,1338,1339,100,1159,1168,100,1539,1561,43
RING_BENT,1961,1964,56,1951,1926,100,1316,1329,100,984,1085,100,1584,1571,19
RING_BENT,1968,1966,55,1955,1939,100,1344,1336,100,1297,1180,100,1554,1563,39
RING_BENT,1949,1958,58,1910,1926,100,1287,1314,100,1279,1225,100,1579,1570,21
RING_BENT,1965,1961,57,1944,1934,100,1293,1304,100,1415,1310,0,1564,1568,26
RING_BENT,1955,1958,58,1916,1926,100,1300,1302,100,1296,1304,0,1587,1576,7
RING_BENT,1956,1957,59,1889,1909,100,1304,1303,100,1233,1272,0,1580,1578,2
RING_BENT,1968,1962,56,1885,1898,100,1336,1318,100,1329,1298,0,1582,1580,0
RING_BENT,1947,1955,60,1932,1914,100,1313,1316,100,924,1130,100,1548,1565,34
RING_BENT,1985,1969,53,1895,1905,100,1243,1283,100,1268,1192,100,1577,1571,19
RING_BENT,1952,1961,57,1933,1918,100,1296,1289,100,1216,1203,100,1568,1569,24
RING_BENT,1953,1957,59,1927,1922,100,1257,1275,100,1695,1424,0,1589,1578,2
RING_BENT,1957,1957,59,1904,1914,100,1263,1269,100,1401,1414,0,1598,1587,0
RING_BENT,1968,1962,56,1910,1912,100,1341,1302,100,1062,1255,23,1573,1581,0
RING_BENT,1962,1962,56,1902,1908,100,1318,1309,100,1053,1164,100,1567,1575,9
RING_BENT,1946,1955,60,1902,1905,100,1281,1296,100,1367,1256,19,1581,1577,4
RING_BENT,1955,1955,60,1911,1908,100,1318,1306,100,912,1101,100,1571,1575,9
RING_BENT,1982,1967,54,1920,1913,100,1588,1433,80,1113,1106,100,1575,1575,9
RING_BENT,1947,1957,59,1929,1932,100,1441,1472,61,1215,1252,34,1571,1578,2
RING_BENT,1974,1965,55,1891,1913,100,1442,1459,67,1132,1198,100,1563,1571,19
RING_BENT,1978,1971,53,1892,1904,100,1461,1460,67,1248,1221,100,1545,1559,48
RING_BENT,1958,1965,55,1912,1908,100,1260,1370,100,1216,1219,100,1559,1559,48
RING_BENT,1965,1951,61,1898,1897,100,1392,1461,66,1353,1343,0,1548,1560,46
RING_BENT,1954,1952,61,1941,1917,100,1429,1447,73,1131,1248,50,1621,1587,0
RING_BENT,1969,1960,57,1940,1927,100,1409,1430,81,1116,1188,100,1599,1593,0
RING_BENT,1957,1959,58,1881,1906,100,1351,1394,99,869,1045,100,1569,1582,0
RING_BENT,1974,1966,55,1814,1865,100,1417,1405,93,1147,1091,100,1527,1557,53
RING_BENT,1972,1968,54,1853,1860,100,1510,1452,71,1362,1213,100,1573,1564,36
RING_BENT,1953,1961,57,1883,1870,100,1421,1438,77,1249,1229,100,1569,1566,31
RING_BENT,1936,1950,62,1863,1867,100,1454,1445,74,1146,1192,100,1571,1568,26
RING_BENT,1970,1959,58,1855,1862,100,1473,1458,68,1260,1222,100,1586,1576,7
RING_BENT,1959,1959,58,1832,1848,100,1363,1415,88,1224,1223,100,1586,1581,0
RING_BENT,1951,1955,60,1822,1836,100,1396,1407,92,1258,1239,84,1604,1591,0
RING_BENT,1955,1955,60,1864,1849,100,1448,1425,84,1231,1235,100,1575,1584,0
RING_BENT,1944,1950,62,1885,1865,100,1364,1398,97,1236,1236,96,1580,1582,0
RING_BENT,1951,1951,61,1884,1874,100,1452,1422,85,1145,1195,100,1579,1581,0
RING_BENT,1956,1953,60,1912,1891,100,1409,1416,88,1316,1249,46,1584,1582,0
RING_BENT,1975,1963,56,1923,1905,100,1440,1427,83,1370,1304,0,1558,1571,19
RING_BENT,1983,1972,52,1894,1900,100,1391,1411,90,1351,1325,0,1568,1570,21
RING_BENT,1933,1954,60,1868,1886,100,1386,1400,96,1132,1238,88,1575,1572,17
RING_BENT,1993,1972,52,1888,1887,100,1390,1395,98,1455,1336,0,1582,1577,4
RING_BENT,1967,1970,53,1889,1888,100,1311,1357,100,1095,1227,100,1588,1582,0
RING_BENT,1955,1963,56,1910,1898,100,1340,1350,100,1320,1269,0,1537,1562,41
RING_BENT,1972,1967,54,1895,1897,100,1367,1357,100,1267,1268,0,1597,1578,2
RING_BENT,1982,1974,51,1902,1899,100,1338,1349,100,1527,1385,0,1580,1579,0
RING_BENT,1973,1973,52,1886,1893,100,1569,1448,73,1320,1356,0,1560,1570,21
RING_BENT,1957,1966,55,1923,1907,100,1528,1484,55,1304,1332,0,1562,1567,29
RING_BENT,1972,1969,53,1931,1918,100,1446,1467,63,1193,1270,0,1550,1559,48
RING_BENT,1959,1964,56,1923,1920,100,1455,1462,66,1140,1211,100,1572,1565,34
RING_BENT,1975,1969,53,1935,1927,100,1351,1412,90,1260,1233,100,1575,1569,24
RING_BENT,1976,1972,52,1930,1928,100,1259,1343,100,1440,1326,0,1569,1569,24
RING_BENT,1965,1969,53,1935,1931,100,1580,1450,72,1491,1400,0,1569,1569,24
RING_BENT,1960,1966,55,1916,1898,100,1388,1471,62,1263,1211,100,1555,1558,51
RING_BENT,1984,1974,51,1920,1908,100,1241,1368,100,1359,1278,0,1585,1570,21
RING_BENT,1974,1974,51,1944,1924,100,1046,1223,100,1395,1331,0,1587,1578,2
RING_BENT,1969,1972,52,1915,1920,100,1620,1402,95,1038,1199,100,1584,1581,0
RING_BENT,1949,1962,56,1875,1900,100,1539,1463,65,1204,1201,100,1539,1562,41
RING_BENT,1952,1958,58,1903,1900,100,1244,1394,99,1213,1206,100,1594,1584,0
RING_BENT,1988,1972,52,1841,1873,100,1582,1478,58,1271,1235,100,1535,1562,41
RING_BENT,1947,1967,54,1958,1947,94,1188,1396,98,1232,1191,100,1562,1567,29
RING_BENT,1988,1976,50,1977,1960,84,1356,1378,100,1210,1199,100,1572,1569,24
RING_BENT,1990,1982,48,1998,1977,71,1404,1390,100,1265,1229,100,1570,1569,24
RING_BENT,1971,1977,50,1975,1976,72,1253,1328,100,1249,1238,88,1584,1576,7
RING_BENT,2000,1988,45,1900,1942,98,1295,1313,100,1228,1233,100,1563,1570,21
RING_BENT,1962,1976,50,1891,1919,100,1287,1301,100,1219,1227,100,1546,1559,48
RING_BENT,1968,1972,52,1950,1933,100,1310,1305,100,1261,1242,73,1531,1547,78
RING_BENT,1971,1972,52,1933,1933,100,1365,1332,100,1220,1232,100,1560,1553,63
RING_BENT,1979,1975,51,1931,1932,100,1341,1336,100,1131,1187,100,1583,1566,31
RING_BENT,1980,1977,50,1947,1939,100,1378,1355,100,1287,1232,100,1572,1569,24
RING_BENT,1975,1976,50,2031,1980,69,1373,1363,100,1417,1315,0,1585,1576,7
RING_BENT,1978,1977,50,1951,1967,79,1374,1368,100,1238,1280,0,1561,1569,24
RING_BENT,1995,1985,46,1939,1954,89,1404,1384,100,1148,1221,100,1554,1562,41
RING_BENT,1982,1984,47,1919,1939,100,1390,1387,100,1183,1204,100,1560,1561,43
RING_BENT,2001,1991,44,1903,1923,100,1411,1398,97,1144,1177,100,1567,1564,36
RING_BENT,1990,1991,44,1946,1933,100,1317,1361,100,1402,1278,0,1562,1563,39
RING_BENT,1997,1994,43,1943,1938,100,1369,1365,100,1204,1245,61,1574,1568,26
RING_BENT,1975,1985,46,2016,1973,75,1368,1366,100,1388,1309,0,1581,1574,12
RING_BENT,1932,1961,57,1991,1981,68,1377,1371,100,1213,1266,0,1597,1584,0
RING_BENT,1974,1981,48,1972,1953,90,1391,1484,55,1212,1226,100,1605,1590,0
RING_BENT,2019,1998,41,1982,1966,80,1209,1360,100,1257,1240,80,1603,1596,0
RING_BENT,1979,1989,45,1987,1975,73,1286,1327,100,1232,1237,92,1561,1580,0
RING_BENT,1967,1979,49,1929,1955,88,1244,1290,100,1189,1215,100,1561,1572,17
RING_BENT,1967,1974,51,1945,1950,92,1283,1287,100,1183,1201,100,1548,1561,43
RING_BENT,1928,1953,60,1975,1961,84,1102,1204,100,1175,1189,100,1567,1564,36
RING_BENT,1993,1971,53,1910,1938,100,1347,1268,100,1232,1208,100,1560,1562,41
RING_BENT,1977,1974,51,1944,1941,99,838,1075,100,1271,1237,92,1555,1559,48
RING_BENT,2027,1998,41,2007,1971,76,1644,1331,100,1270,1252,34,1599,1577,4
RING_BENT,1973,1987,46,1980,1975,73,1662,1480,57,1233,1243,69,1591,1583,0
RING_BENT,2008,1981,48,1927,1950,92,1115,1369,100,1261,1258,11,1584,1581,0
RING_BENT,1972,1977,50,1932,1942,98,1547,1449,72,1183,1224,100,1550,1567,29
RING_BENT,2003,1989,45,1921,1938,100,1416,1460,67,1243,1220,100,1564,1561,43
RING_BENT,1950,1969,53,1975,1979,70,1332,1473,61,1234,1246,57,1564,1569,24
RING_BENT,1831,1907,80,1904,1945,96,1277,1385,100,1204,1227,100,1577,1573,14
RING_BENT,2033,1964,56,1893,1922,100,1535,1453,70,1171,1202,100,1564,1569,24
RING_BENT,1827,1870,96,1924,1929,100,1456,1478,58,1225,1221,100,1576,1574,12
RING_BENT,1861,1860,100,1929,1938,100,1057,1340,100,1232,1235,100,1559,1567,29
RING_BENT,1972,1911,79,1940,1939,100,1581,1448,73,1221,1229,100,1599,1582,0
RING_BENT,1970,1937,67,1965,1951,91,1304,1383,100,1216,1223,100,1553,1569,24
RING_BENT,1995,1963,56,1963,1956,87,1402,1392,100,1239,1230,100,1603,1584,0
RING_BENT,2024,1993,43,1903,1932,100,1044,1358,100,1234,1225,100,1587,1575,9
RING_BENT,1996,1994,43,1998,1962,83,1594,1464,65,1266,1244,65,1588,1581,0
RING_BENT,2021,2008,36,1938,1941,99,1372,1452,71,1220,1226,100,1583,1577,4
RING_BENT,1975,1993,43,1975,1956,87,1300,1384,100,1180,1205,100,1542,1561,43
RING_BENT,2023,2007,37,1957,1957,87,1411,1396,98,1222,1213,100,1574,1567,29
RING_BENT,1949,1981,48,2031,1990,62,1400,1398,97,1303,1253,30,1616,1589,0
RING_BENT,2010,1992,43,1968,1960,84,1295,1432,80,1273,1262,0,1610,1601,0
RING_BENT,1947,1962,56,1952,1950,92,1304,1480,57,1216,1208,100,1554,1557,53
RING_BENT,1974,1968,54,1822,1825,100,1216,1372,100,1216,1211,100,1551,1554,60
RING_BENT,1989,1978,50,1851,1837,100,1603,1476,59,1227,1218,100,1573,1563,39
RING_BENT,1971,1984,47,1895,1889,100,1197,1426,83,1215,1238,88,1559,1576,7
RING_BENT,1948,1955,60,1907,1908,100,1336,1447,73,1246,1231,100,1571,1563,39
RING_BENT,1966,1973,52,1929,1912,100,1409,1476,59,1212,1220,100,1561,1564,36
RING_BENT,1990,1971,53,1929,1925,100,1425,1464,65,1292,1274,0,1608,1592,0
RING_BENT,1927,1951,61,1892,1910,100,1382,1427,83,1195,1239,84,1565,1580,0
RING_BENT,1908,1932,70,1912,1911,100,1382,1407,92,1185,1214,100,1516,1551,68
RING_BENT,1911,1922,74,1927,1918,100,1400,1404,94,1199,1208,100,1555,1553,63
RING_BENT,1937,1929,71,1911,1915,100,1364,1386,100,1234,1219,100,1553,1553,63
RING_BENT,1956,1941,66,1900,1908,100,1320,1356,100,1223,1221,100,1549,1551,68
RING_BENT,1923,1933,69,2013,1955,88,1362,1359,100,1286,1250,42,1576,1562,41
RING_BENT,1926,1930,70,1955,1955,88,1353,1356,100,1266,1257,15,1604,1581,0
RING_BENT,1912,1922,74,1932,1945,96,1346,1352,100,1256,1257,15,1568,1575,9
RING_BENT,1907,1915,77,1923,1935,100,1348,1350,100,1194,1229,100,1571,1573,14
RING_BENT,1847,1884,90,1940,1937,100,1344,1347,100,1239,1233,100,1588,1580,0
RING_BENT,1932,1906,81,1939,1938,100,1613,1467,63,1196,1216,100,1564,1573,14
PINKY_BENT,2007,1940,66,1861,1839,100,1660,1628,0,1244,1220,100,1589,1584,0
PINKY_BENT,1764,1861,100,1874,1855,100,1642,1635,0,1225,1222,100,1608,1595,0
PINKY_BENT,1771,1820,100,1799,1830,100,1616,1626,0,1207,1215,100,1556,1577,4
PINKY_BENT,1901,1857,100,1893,1858,100,1581,1606,0,1134,1179,100,1555,1567,29
PINKY_BENT,1908,1880,92,1905,1879,100,1295,1466,64,1217,1196,100,1595,1580,0
PINKY_BENT,1871,1876,94,1889,1884,100,1610,1531,33,1195,1196,100,1551,1567,29
PINKY_BENT,1908,1890,88,1857,1872,100,1615,1569,14,1221,1207,100,1588,1576,7
PINKY_BENT,1499,1482,100,1922,1903,100,1359,1452,71,1165,1215,100,1583,1587,0
PINKY_BENT,1495,1488,100,1734,1827,100,1466,1458,68,1191,1204,100,1567,1578,2
PINKY_BENT,1535,1509,100,1768,1801,100,1699,1567,15,1157,1183,100,1547,1564,36
PINKY_BENT,1455,1485,100,1815,1807,100,1621,1591,4,1176,1180,100,1561,1563,39
PINKY_BENT,1423,1457,100,1894,1846,100,1648,1617,0,1232,1203,100,1572,1567,29
PINKY_BENT,1873,1644,100,1894,1868,100,1579,1600,0,1275,1236,96,1575,1571,19
PINKY_BENT,1867,1744,100,1880,1873,100,1611,1605,0,1251,1243,69,1574,1572,17
PINKY_BENT,1944,1906,81,1895,1898,100,1619,1610,0,1163,1210,100,1562,1570,21
PINKY_BENT,1958,1929,71,1880,1890,100,1408,1519,38,1224,1216,100,1551,1561,43
PINKY_BENT,1978,1951,61,1871,1881,100,1551,1534,31,1266,1239,84,1597,1577,4
PINKY_BENT,1866,1913,78,1929,1903,100,1607,1567,15,1169,1207,100,1608,1591,0
PINKY_BENT,1839,1880,92,1934,1917,100,1653,1605,0,1167,1189,100,1555,1575,9
PINKY_BENT,1983,1926,72,1927,1921,100,1624,1614,0,1170,1181,100,1542,1560,46
PINKY_BENT,2056,1985,46,1915,1919,100,1642,1627,0,1173,1177,100,1556,1558,51
PINKY_BENT,1994,1989,45,1997,1954,89,1628,1627,0,1185,1181,100,1550,1555,58
PINKY_BENT,1986,1988,45,1926,1941,99,1132,1404,94,1211,1194,100,1557,1556,56
PINKY_BENT,1951,1971,53,1991,1964,81,1635,1508,44,1289,1237,92,1591,1572,17
PINKY_BENT,1959,1968,54,1959,1957,87,1569,1563,17,1174,1217,100,1551,1563,39
PINKY_BENT,1989,1977,50,1980,1967,79,1447,1511,42,1143,1184,100,1570,1566,31
PINKY_BENT,1984,1980,49,1985,1975,73,1600,1551,23,1265,1220,100,1576,1571,19
PINKY_BENT,1955,1969,53,1986,1980,69,1645,1593,3,1186,1205,100,1559,1565,34
PINKY_BENT,1996,1981,48,1955,1969,78,1592,1593,3,1240,1221,100,1561,1563,39
PINKY_BENT,1981,1981,48,2008,1986,65,1464,1535,31,1256,1237,92,1624,1591,0
PINKY_BENT,1957,1984,47,1994,1982,68,1445,1440,76,1097,1191,100,1537,1566,31
PINKY_BENT,1977,1981,48,1974,1978,71,1411,1427,83,1169,1181,100,1542,1555,58
PINKY_BENT,1972,1977,50,2020,1997,56,1373,1403,94,1167,1175,100,1568,1561,43
PINKY_BENT,1943,1962,56,2006,2001,53,1356,1382,100,1180,1177,100,1564,1562,41
PINKY_BENT,1978,1969,53,1962,1983,67,1364,1374,100,1212,1193,100,1547,1555,58
PINKY_BENT,1968,1969,53,2021,2000,54,1360,1368,100,1275,1230,100,1612,1581,0
PINKY_BENT,2003,1984,47,1999,2000,54,1404,1384,100,1255,1241,76,1577,1579,0
PINKY_BENT,1961,1974,51,1984,1993,59,1562,1464,65,1177,1212,100,1580,1580,0
PINKY_BENT,1994,1983,47,1929,1964,81,1549,1502,47,1134,1177,100,1531,1558,51
PINKY_BENT,1954,1970,53,1967,1965,81,1584,1539,29,1234,1203,100,1497,1530,100
PINKY_BENT,1992,1980,49,1963,1964,81,1535,1537,30,1165,1186,100,1552,1540,95
PINKY_BENT,2006,1992,43,1933,1950,92,1558,1547,25,1193,1189,100,1576,1556,56
PINKY_BENT,1959,1977,50,1985,1966,80,1539,1543,27,1292,1235,100,1591,1572,17
PINKY_BENT,2001,1988,45,1972,1969,78,1371,1466,64,1256,1245,61,1560,1567,29
PINKY_BENT,1945,1969,53,1984,1976,72,1305,1393,99,1138,1197,100,1576,1571,19
PINKY_BENT,1973,1971,53,1952,1965,81,1377,1386,100,1167,1183,100,1567,1569,24
PINKY_BENT,1990,1979,49,1968,1966,80,1332,1362,100,1098,1145,100,1564,1567,29
PINKY_BENT,1944,1963,56,1989,1977,71,1625,1480,57,1212,1175,100,1588,1576,7
PINKY_BENT,1999,1979,49,1958,1968,78,1364,1428,82,1235,1202,100,1532,1556,56
PINKY_BENT,1998,1988,45,2004,1984,66,1615,1512,42,1259,1228,100,1620,1585,0
PINKY_BENT,1970,1982,48,1968,1980,69,1324,1356,100,1093,1182,100,1564,1574,12
PINKY_BENT,1969,1976,50,2006,1992,60,1223,1296,100,1225,1201,100,1578,1576,7
PINKY_BENT,1992,1983,47,1985,1989,62,1613,1439,77,1191,1197,100,1592,1583,0
PINKY_BENT,2002,1992,43,1938,1966,80,1654,1536,30,1248,1220,100,1521,1555,58
PINKY_BENT,1997,1994,43,1982,1973,75,1653,1588,5,1218,1219,100,1570,1562,41
PINKY_BENT,2009,2001,40,1991,1981,68,1686,1632,0,1235,1226,100,1587,1573,14
PINKY_BENT,1968,1986,46,2026,2001,53,1620,1627,0,1234,1230,100,1560,1567,29
PINKY_BENT,1955,1972,52,1987,1995,58,1607,1618,0,1177,1206,100,1543,1556,56
PINKY_BENT,1974,1973,52,2006,2000,54,1649,1632,0,1081,1150,100,1620,1585,0
PINKY_BENT,1971,1972,52,1979,1990,62,1608,1621,0,1191,1168,100,1541,1565,34
PINKY_BENT,1992,1981,48,1965,1979,70,1656,1637,0,1214,1189,100,1553,1560,46
PINKY_BENT,1990,1985,46,2030,2002,53,1644,1640,0,1293,1236,96,1574,1566,31
PINKY_BENT,1960,1981,48,1975,1988,63,1629,1634,0,1176,1219,100,1554,1565,34
PINKY_BENT,1998,1989,45,2000,1994,59,1671,1650,0,1174,1199,100,1545,1556,56
PINKY_BENT,1963,1977,50,2000,1996,57,1576,1617,0,1238,1216,100,1578,1566,31
PINKY_BENT,1972,1975,51,1994,1995,58,1516,1572,13,1174,1197,100,1575,1570,21
PINKY_BENT,1956,1966,55,2004,1999,55,1589,1579,10,1215,1205,100,1567,1569,24
PINKY_BENT,1970,1974,51,1973,1981,68,1609,1623,0,1187,1221,100,1567,1577,4
PINKY_BENT,1959,1967,54,1868,1930,100,1636,1629,0,1144,1186,100,1569,1573,14
PINKY_BENT,1973,1970,53,1940,1935,100,1636,1632,0,1168,1178,100,1527,1553,63
PINKY_BENT,1968,1969,53,1943,1938,100,1633,1632,0,1220,1197,100,1565,1558,51
PINKY_BENT,1934,1953,60,1974,1954,89,1640,1636,0,1223,1209,100,1587,1571,19
PINKY_BENT,1988,1969,53,1999,1974,74,1635,1635,0,1267,1235,100,1604,1586,0
PINKY_BENT,1982,1975,51,2009,1990,62,1608,1623,0,1240,1237,92,1581,1584,0
PINKY_BENT,1925,1952,61,2016,2002,53,1592,1609,0,1208,1224,100,1541,1564,36
PINKY_BENT,1986,1968,54,1955,1981,68,1626,1617,0,1168,1199,100,1511,1540,95
PINKY_BENT,1880,1928,71,2057,2015,43,1603,1611,0,1236,1216,100,1515,1529,100
PINKY_BENT,2009,1965,55,1870,1950,92,1423,1526,35,1181,1200,100,1562,1544,85
PINKY_BENT,1952,1959,58,1981,1964,81,1112,1340,100,1185,1193,100,1583,1561,43
PINKY_BENT,1956,1958,58,2047,2001,53,1633,1472,61,1308,1245,61,1571,1566,31
PINKY_BENT,1961,1959,58,2034,2016,42,1170,1336,100,1215,1231,100,1574,1569,24
PINKY_BENT,1934,1948,63,2008,2012,45,1402,1366,100,1213,1223,100,1542,1557,53
PINKY_BENT,1976,1960,57,2009,2011,46,1495,1424,84,1175,1201,100,1547,1553,63
PINKY_BENT,1943,1953,60,2028,2019,40,1615,1510,43,1299,1245,61,1566,1559,48
PINKY_BENT,1975,1963,56,1943,1985,65,1642,1569,14,1227,1237,92,1532,1547,78
PINKY_BENT,1965,1964,56,1950,1969,78,1331,1462,66,1223,1231,100,1561,1553,63
PINKY_BENT,1964,1973,52,2029,1999,55,1575,1543,27,1230,1246,57,1584,1579,0
PINKY_BENT,1933,1955,60,1968,1985,65,1341,1452,71,1160,1207,100,1550,1566,31
PINKY_BENT,1976,1965,55,2017,1999,55,1312,1389,100,1148,1181,100,1544,1556,56
PINKY_BENT,1987,1975,51,1996,1998,56,1605,1486,54,1207,1193,100,1533,1546,80
PINKY_BENT,1967,1971,53,1991,1995,58,1314,1409,91,1198,1195,100,1574,1558,51
PINKY_BENT,1943,1959,58,2006,2000,54,1574,1483,56,1259,1224,100,1574,1565,34
PINKY_BENT,1959,1965,55,2006,2009,47,1477,1442,75,1171,1221,100,1550,1566,31
PINKY_BENT,1954,1960,57,2017,2013,44,1620,1522,37,1160,1194,100,1549,1559,48
PINKY_BENT,1962,1961,57,1980,1998,56,1469,1498,49,1240,1214,100,1583,1570,21
PINKY_BENT,1933,1948,63,1996,1997,56,995,1272,100,1229,1221,100,1556,1563,39
PINKY_BENT,1953,1950,62,1953,1977,71,1541,1393,99,1255,1236,96,1557,1561,43
PINKY_BENT,1947,1954,60,2005,2002,53,1345,1475,60,1180,1220,100,1536,1549,73
PINKY_BENT,1927,1942,65,2032,2016,42,1645,1551,23,1274,1245,61,1544,1547,78
PINKY_BENT,1977,1958,58,1976,1998,56,1632,1588,5,1184,1217,100,1571,1558,51
PINKY_BENT,1980,1968,54,1956,1979,70,1266,1443,75,1175,1198,100,1565,1561,43
PINKY_BENT,1935,1960,57,2002,1988,63,1409,1456,69,1224,1241,76,1562,1573,14
PINKY_BENT,1961,1960,57,1973,1981,68,1644,1541,28,1187,1217,100,1544,1560,46
PINKY_BENT,1987,1972,52,2001,1990,62,1563,1551,23,1232,1224,100,1612,1583,0
PINKY_BENT,2016,1992,43,1980,1985,65,1660,1600,0,1234,1228,100,1535,1562,41
PINKY_BENT,1987,1990,44,2026,2004,51,1634,1615,0,1247,1237,92,1573,1567,29
PINKY_BENT,1968,1975,51,1906,1957,87,1340,1500,48,1189,1222,100,1553,1567,29
PINKY_BENT,1968,1972,52,1976,1966,80,1485,1493,51,1206,1215,100,1556,1562,41
PINKY_BENT,1952,1963,56,1863,1919,100,1296,1405,93,1190,1204,100,1577,1569,24
PINKY_BENT,1968,1965,55,1851,1889,100,1426,1414,89,1224,1213,100,1565,1567,29
PINKY_BENT,1994,1978,50,1944,1914,100,1204,1320,100,1253,1231,100,1576,1571,19
PINKY_BENT,1974,1976,50,1982,1944,96,1641,1464,65,1236,1233,100,1573,1572,17
PINKY_BENT,1961,1969,53,1958,1950,92,1205,1348,100,1233,1233,100,1555,1564,36
PINKY_BENT,1963,1967,54,1957,1953,90,1620,1470,62,1180,1209,100,1557,1561,43
PINKY_BENT,1913,1942,65,2016,1982,68,1618,1537,30,1232,1219,100,1544,1553,63
PINKY_BENT,1933,1938,67,1976,1979,70,1624,1576,11,1129,1179,100,1549,1551,68
PINKY_BENT,1981,1957,59,1998,1988,63,1605,1589,5,1228,1201,100,1556,1553,63
PINKY_BENT,1984,1969,53,2034,2008,48,1612,1599,0,1279,1236,96,1577,1564,36
PINKY_BENT,1985,1976,50,1993,2002,53,1638,1617,0,1241,1238,88,1571,1567,29
PINKY_BENT,1997,1986,46,1971,1988,63,1662,1637,0,1183,1213,100,1547,1558,51
PINKY_BENT,1976,1981,48,1958,1974,74,1621,1630,0,1180,1198,100,1570,1563,39
PINKY_BENT,1920,1954,60,1979,1976,72,1368,1512,42,1248,1221,100,1510,1539,97
PINKY_BENT,1959,1956,59,1979,1978,71,1404,1463,65,1242,1230,100,1538,1539,97
PINKY_BENT,1988,1970,53,1984,1980,69,1431,1449,72,1232,1231,100,1577,1556,56
PINKY_BENT,1961,1966,55,1972,1977,71,1400,1427,83,1254,1241,76,1601,1576,7
PINKY_BENT,1973,1969,53,1980,1978,71,1438,1432,80,1247,1244,65,1580,1578,2
PINKY_BENT,1992,1979,49,1947,1964,81,1626,1519,38,1193,1221,100,1555,1568,26
PINKY_BENT,1944,1964,56,1927,1947,94,1661,1583,8,1151,1190,100,1562,1565,34
PINKY_BENT,1955,1960,57,1928,1939,100,1414,1507,44,1199,1194,100,1540,1554,60
PINKY_BENT,1979,1968,54,1932,1936,100,1623,1559,19,1252,1220,100,1525,1541,92
PINKY_BENT,1987,1977,50,1948,1941,99,1435,1503,46,1237,1228,100,1587,1562,41
PINKY_BENT,1996,1985,46,1928,1935,100,1623,1557,20,1251,1238,88,1604,1581,0
PINKY_BENT,1968,1978,50,1938,1936,100,1655,1601,0,1234,1236,96,1595,1587,0
PINKY_BENT,1849,1920,75,1898,1919,100,1289,1461,66,1193,1217,100,1541,1566,31
PINKY_BENT,1923,1921,74,1919,1919,100,1625,1535,31,1170,1196,100,1533,1551,68
PINKY_BENT,1890,1907,80,1901,1911,100,1632,1578,10,1159,1179,100,1524,1539,97
PINKY_BENT,1938,1921,74,1979,1942,98,1346,1474,60,1187,1183,100,1569,1553,63
PINKY_BENT,2017,1964,56,1896,1921,100,1662,1559,19,1217,1198,100,1558,1555,58
PINKY_BENT,1977,1970,53,1950,1934,100,1605,1579,10,1251,1222,100,1600,1575,9
PINKY_BENT,1994,1981,48,1915,1925,100,1353,1478,58,1242,1231,100,1565,1571,19
PINKY_BENT,1972,1977,50,1936,1930,100,1389,1438,77,1212,1222,100,1584,1577,4
PINKY_BENT,1951,1965,55,1943,1936,100,1589,1506,45,1172,1200,100,1529,1555,58
PINKY_BENT,1953,1960,57,1936,1936,100,1431,1472,61,1210,1204,100,1545,1551,68
PINKY_BENT,1958,1959,58,1903,1921,100,1225,1361,100,1197,1201,100,1555,1553,63
PINKY_BENT,1932,1947,63,1952,1935,100,1650,1491,52,1192,1197,100,1578,1564,36
PINKY_BENT,1965,1955,60,1982,1956,87,1512,1500,48,1283,1236,96,1558,1561,43
PINKY_BENT,1930,1944,64,1990,1971,76,1570,1532,32,1238,1237,92,1596,1577,4
PINKY_BENT,1947,1945,64,1911,1944,96,1506,1520,38,1161,1203,100,1547,1563,39
PINKY_BENT,1907,1928,71,1967,1954,89,1517,1519,38,1185,1195,100,1572,1567,29
PINKY_BENT,1916,1923,73,1970,1961,84,1636,1572,13,1204,1199,100,1580,1573,14
PINKY_BENT,1910,1917,76,1931,1948,93,1178,1394,99,1184,1192,100,1564,1569,24
PINKY_BENT,1959,1936,68,1919,1935,100,1648,1509,43,1216,1203,100,1556,1563,39
PINKY_BENT,2021,1974,51,1958,1945,96,1645,1570,14,1291,1243,69,1598,1579,0
PINKY_BENT,1986,1980,49,1954,1962,83,1641,1622,0,1206,1234,100,1586,1586,0
PINKY_BENT,1975,1978,50,1911,1939,100,1631,1626,0,1126,1185,100,1546,1568,26
PINKY_BENT,2001,1988,45,1979,1957,87,1629,1627,0,1244,1212,100,1551,1560,46
PINKY_BENT,1984,1986,46,1956,1957,87,1635,1631,0,1205,1209,100,1579,1569,24
PINKY_BENT,1967,1978,50,1958,1957,87,1612,1622,0,1217,1212,100,1574,1571,19
PINKY_BENT,1947,1964,56,2003,1978,71,1631,1626,0,1284,1245,61,1624,1595,0
PINKY_BENT,1876,1920,75,2005,2000,54,1659,1638,0,1209,1234,100,1570,1575,9
PINKY_BENT,1917,1919,75,1984,1993,59,1638,1638,0,1183,1211,100,1557,1567,29
PINKY_BENT,1464,1714,100,1976,1985,65,1630,1634,0,1212,1211,100,1563,1565,34
PINKY_BENT,1243,1502,100,2004,1994,59,1633,1634,0,1228,1219,100,1576,1570,21
PINKY_BENT,1560,1528,100,2006,1999,55,1593,1615,0,1175,1199,100,1576,1573,14
PINKY_BENT,1646,1581,100,2040,2018,40,1645,1629,0,1282,1236,96,1606,1588,0
PINKY_BENT,1616,1597,100,2034,2025,35,1629,1629,0,1247,1241,76,1601,1594,0
PINKY_BENT,1571,1585,100,2019,2022,37,1668,1646,0,1185,1216,100,1573,1584,0
PINKY_BENT,1608,1595,100,1996,2010,46,1637,1642,0,1200,1209,100,1529,1559,48
PINKY_BENT,1587,1592,100,1979,1996,57,1696,1666,0,1166,1190,100,1555,1557,53
PINKY_BENT,1888,1725,100,2035,2014,43,1625,1648,0,1172,1182,100,1566,1561,43
PINKY_BENT,1853,1783,100,1976,1997,56,1658,1652,0,1198,1189,100,1551,1557,53
PINKY_BENT,1906,1838,100,2000,1998,56,1650,1651,0,1246,1215,100,1596,1574,12
PINKY_BENT,1895,1864,99,2022,2009,47,1718,1681,0,1244,1228,100,1594,1583,0
PINKY_BENT,1802,1836,100,1989,2000,54,1655,1669,0,1215,1222,100,1571,1578,2
PINKY_BENT,1957,1890,88,1969,1986,65,1699,1683,0,1184,1205,100,1530,1556,56
PINKY_BENT,1971,1927,72,2005,1995,58,1624,1656,0,1221,1212,100,1552,1554,60
PINKY_BENT,1923,1925,73,2009,2001,53,1670,1662,0,1194,1204,100,1563,1558,51
PINKY_BENT,1846,1889,88,1983,1993,59,1656,1660,0,1221,1212,100,1601,1577,4
PINKY_BENT,1917,1902,83,2005,1998,56,1662,1661,0,1249,1228,100,1596,1586,0
PINKY_BENT,1896,1899,84,2001,2000,54,1644,1653,0,1257,1241,76,1568,1578,2
PINKY_BENT,1786,1848,100,1983,1992,60,1637,1646,0,1242,1242,73,1495,1541,92
PINKY_BENT,1831,1840,100,1997,1994,59,1633,1640,0,1186,1217,100,1582,1559,48
PINKY_BENT,1973,1900,83,1953,1976,72,1634,1637,0,1170,1196,100,1561,1560,46
PINKY_BENT,1899,1900,83,1998,1986,65,1612,1626,0,1212,1203,100,1562,1561,43
PINKY_BENT,1875,1889,88,2018,2000,54,1644,1634,0,1240,1220,100,1572,1566,31
PINKY_BENT,1864,1877,93,2013,2006,50,1662,1647,0,1267,1241,76,1631,1595,0
PINKY_BENT,1792,1839,100,2002,2004,51,1625,1637,0,1227,1235,100,1571,1584,0
PINKY_BENT,1856,1847,100,1979,1993,59,1644,1640,0,1152,1197,100,1548,1568,26
PINKY_BENT,1873,1859,100,1953,1975,73,1668,1653,0,1188,1193,100,1549,1559,48
PINKY_BENT,1930,1891,87,1972,1974,74,1660,1656,0,1181,1188,100,1543,1552,65
PINKY_BENT,1937,1912,78,1969,1972,75,1631,1645,0,1222,1203,100,1571,1561,43
PINKY_BENT,1871,1893,86,1963,1968,78,1665,1654,0,1252,1225,100,1599,1578,2
PINKY_BENT,1943,1915,77,1944,1957,87,1651,1647,0,1224,1238,88,1559,1564,36
PINKY_BENT,1868,1894,86,1914,1938,100,1660,1653,0,1160,1203,100,1555,1560,46
PINKY_BENT,1915,1903,82,1956,1946,95,1607,1632,0,1226,1213,100,1523,1543,87
PINKY_BENT,1907,1905,81,1975,1959,85,1611,1623,0,1211,1212,100,1577,1558,51
PINKY_BENT,1879,1893,86,1970,1964,81,1626,1624,0,1223,1217,100,1543,1552,65
PINKY_BENT,1868,1882,91,1970,1967,79,1660,1640,0,1233,1224,100,1560,1555,58
PINKY_BENT,1602,1756,100,1978,1972,75,1703,1669,0,1228,1226,100,1582,1567,29
PINKY_BENT,1568,1671,100,1985,1978,71,1605,1640,0,1253,1238,88,1585,1575,9
THUMB_BENT,1988,1984,47,1840,1839,100,1139,1402,95,1225,1216,100,1526,1554,60
THUMB_BENT,1904,1954,60,1772,1786,100,1282,1374,100,1183,1226,100,1540,1555,58
THUMB_BENT,1944,1949,62,1834,1807,100,1272,1328,100,1159,1196,100,1543,1550,70
THUMB_BENT,1847,1892,87,1923,1881,100,1650,1548,25,1234,1218,100,1536,1550,70
THUMB_BENT,1987,1935,68,1950,1912,100,1616,1579,10,1322,1265,0,1548,1549,73
THUMB_BENT,1960,1946,63,1954,1931,100,1646,1609,0,1251,1259,7,1560,1554,60
THUMB_BENT,1964,1954,60,1931,1931,100,1646,1626,0,1208,1236,96,1523,1540,95
THUMB_BENT,1935,1946,63,1955,1942,98,1627,1626,0,1152,1198,100,1512,1527,100
THUMB_BENT,1984,1963,56,1959,1950,92,1404,1526,35,1216,1206,100,1535,1531,100
THUMB_BENT,1969,1966,55,1913,1933,100,1652,1583,8,1239,1221,100,1519,1526,100
THUMB_BENT,1958,1962,56,1970,1950,92,1474,1534,31,1240,1230,100,1533,1529,100
THUMB_BENT,2000,1979,49,1900,1927,100,1469,1505,45,1258,1242,73,1576,1550,70
THUMB_BENT,1977,1982,48,1872,1838,100,1400,1505,45,1170,1224,100,1520,1541,92
THUMB_BENT,1981,1982,48,1904,1868,100,1644,1568,15,1198,1212,100,1529,1536,100
THUMB_BENT,2030,2004,38,1897,1881,100,1432,1507,44,1168,1192,100,1545,1540,95
THUMB_BENT,2002,2003,39,1732,1814,100,1505,1506,45,1242,1215,100,1534,1537,100
THUMB_BENT,2014,2008,36,1820,1817,100,1612,1554,22,1249,1230,100,1536,1537,100
THUMB_BENT,2022,2014,34,1848,1831,100,1648,1596,1,1352,1285,0,1570,1552,65
THUMB_BENT,2028,2020,31,1726,1786,100,1671,1634,0,1197,1245,61,1524,1544,85
THUMB_BENT,1995,2009,36,1755,1772,100,1644,1638,0,1200,1225,100,1516,1532,100
THUMB_BENT,1993,2002,39,1836,1801,100,1631,1635,0,1194,1211,100,1551,1540,95
THUMB_BENT,2026,2013,34,1849,1822,100,1659,1646,0,1169,1192,100,1545,1542,90
THUMB_BENT,1955,1978,50,1900,1871,100,1645,1653,0,1314,1254,26,1539,1549,73
THUMB_BENT,1988,1982,48,1887,1878,100,1622,1639,0,1211,1235,100,1564,1556,56
THUMB_BENT,2009,1994,43,1869,1874,100,1620,1631,0,1093,1171,100,1507,1534,100
THUMB_BENT,1988,1991,44,1936,1902,100,1649,1639,0,1213,1190,100,1511,1524,100
THUMB_BENT,2033,2010,36,1952,1924,100,1625,1633,0,1223,1205,100,1549,1535,100
THUMB_BENT,2027,2018,32,1904,1915,100,1648,1640,0,1256,1228,100,1544,1539,97
THUMB_BENT,2010,2017,33,1957,1940,100,1652,1647,0,1258,1264,0,1536,1548,75
THUMB_BENT,1993,2006,37,1902,1923,100,1483,1573,12,1235,1251,38,1550,1549,73
THUMB_BENT,1956,1984,47,1890,1908,100,1634,1601,0,1179,1219,100,1515,1534,100
THUMB_BENT,1964,1975,51,1875,1893,100,1623,1611,0,1197,1209,100,1532,1533,100
THUMB_BENT,1919,1950,62,1923,1907,100,1579,1596,1,1211,1210,100,1567,1548,75
THUMB_BENT,1991,1968,54,1850,1881,100,1588,1593,3,1205,1208,100,1535,1542,90
THUMB_BENT,1984,1975,51,1895,1887,100,1455,1531,33,1298,1248,50,1571,1555,58
THUMB_BENT,1999,1986,46,1915,1900,100,1644,1582,8,1292,1268,0,1546,1551,68
THUMB_BENT,1936,1963,56,1869,1886,100,1639,1607,0,1171,1224,100,1547,1549,73
THUMB_BENT,1867,1920,75,1965,1922,100,1668,1635,0,1166,1198,100,1549,1549,73
THUMB_BENT,1923,1921,74,1846,1888,100,1238,1456,69,1218,1207,100,1513,1533,100
THUMB_BENT,1933,1927,72,1965,1922,100,1648,1543,27,1228,1216,100,1520,1527,100
THUMB_BENT,1926,1926,72,1951,1935,100,1659,1595,2,1231,1223,100,1548,1536,100
THUMB_BENT,1991,1955,60,1996,1963,82,1661,1625,0,1241,1231,100,1570,1552,65
THUMB_BENT,2020,1984,47,1964,1963,82,1649,1636,0,1223,1227,100,1552,1552,65
THUMB_BENT,1973,1979,49,1965,1964,81,1650,1642,0,1147,1191,100,1535,1544,85
THUMB_BENT,2024,1999,40,1998,1979,70,1624,1634,0,1188,1190,100,1562,1552,65
THUMB_BENT,1975,1988,45,1998,1988,63,1652,1642,0,1216,1202,100,1534,1544,85
THUMB_BENT,1988,1988,45,1993,1990,62,1635,1639,0,1216,1208,100,1542,1543,87
THUMB_BENT,2012,1999,40,1969,1981,68,1663,1650,0,1310,1254,26,1564,1553,63
THUMB_BENT,2018,2007,37,1975,1975,73,1635,1648,0,1230,1243,69,1544,1554,60
THUMB_BENT,1989,1999,40,1971,1973,75,1657,1652,0,1099,1178,100,1521,1539,97
THUMB_BENT,1982,1991,44,1979,1976,72,1534,1599,0,1127,1155,100,1549,1544,85
THUMB_BENT,1945,1970,53,2005,1989,62,1361,1492,51,1225,1187,100,1527,1536,100
THUMB_BENT,1967,1969,53,1971,1981,68,1344,1425,84,1232,1207,100,1503,1521,100
THUMB_BENT,1997,1982,48,2038,2007,49,1354,1393,99,1283,1241,76,1593,1554,60
THUMB_BENT,1997,1988,45,1988,1998,56,1644,1506,45,1272,1255,23,1543,1549,73
THUMB_BENT,1960,1976,50,1983,1991,61,981,1270,100,1120,1194,100,1535,1543,87
THUMB_BENT,1937,1958,58,2018,2003,52,1532,1388,100,1223,1207,100,1550,1546,80
THUMB_BENT,1946,1953,60,2015,2009,47,1638,1500,48,1184,1197,100,1542,1544,85
THUMB_BENT,1986,1985,46,1990,2007,49,1667,1638,0,1169,1200,100,1509,1540,95
THUMB_BENT,2001,1992,43,2056,2029,32,1640,1639,0,1214,1206,100,1536,1538,100
THUMB_BENT,1975,1984,47,2044,2036,27,1620,1631,0,1203,1205,100,1543,1540,95
THUMB_BENT,2015,1998,41,1978,2010,46,1559,1598,0,1239,1220,100,1537,1539,97
THUMB_BENT,1998,1998,41,2012,2011,46,1359,1370,100,1194,1198,100,1554,1556,56
THUMB_BENT,2004,2009,36,2004,2020,39,1424,1433,80,1201,1231,100,1511,1544,85
THUMB_BENT,1982,1997,41,2016,2018,40,1452,1442,75,1178,1207,100,1509,1528,100
THUMB_BENT,2016,2005,38,2023,2020,39,1397,1422,85,1213,1210,100,1559,1542,90
THUMB_BENT,2023,2013,34,2019,2020,39,1400,1412,90,1210,1210,100,1571,1555,58
THUMB_BENT,1972,1996,42,2027,2023,37,1410,1425,84,1186,1221,100,1533,1547,78
THUMB_BENT,2007,2001,40,2000,2013,44,1372,1401,95,1165,1196,100,1559,1552,65
THUMB_BENT,1915,1962,56,2015,2014,43,1319,1364,100,1236,1214,100,1519,1537,100
THUMB_BENT,2009,1983,47,2003,2009,47,1642,1489,53,1266,1237,92,1550,1543,87
THUMB_BENT,2009,1995,42,2024,2016,42,1559,1521,37,1200,1221,100,1563,1552,65
THUMB_BENT,2021,2009,36,1985,2008,48,1633,1564,17,1195,1222,100,1523,1547,78
THUMB_BENT,1977,1994,43,1986,1998,56,1643,1600,0,1224,1223,100,1528,1539,97
THUMB_BENT,1991,1993,43,1985,1992,60,1646,1620,0,1274,1246,57,1530,1535,100
THUMB_BENT,2009,2000,40,2023,2006,50,1632,1626,0,1239,1243,69,1536,1535,100
THUMB_BENT,1961,1983,47,2003,2005,50,1624,1625,0,1226,1235,100,1555,1544,85
THUMB_BENT,1988,1985,46,2038,2020,39,1616,1621,0,1320,1273,0,1567,1554,60
THUMB_BENT,2030,2005,38,1999,2010,46,1423,1532,32,1276,1275,0,1555,1555,58
THUMB_BENT,2003,2004,38,1992,2002,53,1667,1593,3,1152,1219,100,1552,1553,63
THUMB_BENT,2035,2018,32,1976,1990,62,1639,1614,0,1224,1221,100,1559,1556,56
THUMB_BENT,1999,2009,36,1989,1990,62,1611,1612,0,1199,1211,100,1557,1556,56
THUMB_BENT,2034,2021,31,1982,1986,65,1639,1624,0,1247,1227,100,1538,1548,75
THUMB_BENT,1999,2011,35,2010,1997,56,1435,1539,29,1280,1251,38,1552,1550,70
THUMB_BENT,2003,2011,35,1990,1993,59,1642,1544,26,1185,1216,100,1529,1548,75
THUMB_BENT,2022,2016,33,1964,1980,69,1694,1612,0,1147,1185,100,1550,1549,73
THUMB_BENT,2009,2013,34,1999,1989,62,1633,1621,0,1237,1208,100,1554,1551,68
THUMB_BENT,2012,2012,35,2037,2010,46,1661,1639,0,1235,1220,100,1535,1544,85
THUMB_BENT,1977,1997,41,2028,2018,40,1604,1623,0,1270,1243,69,1569,1555,58
THUMB_BENT,1997,2005,38,1967,1979,70,1446,1541,28,1183,1213,100,1533,1550,70
THUMB_BENT,1980,1994,43,2024,1999,55,1372,1465,64,1215,1214,100,1533,1543,87
THUMB_BENT,2002,1997,41,1972,1987,64,1296,1389,100,1211,1213,100,1553,1547,78
THUMB_BENT,2034,2014,34,1964,1977,71,1318,1357,100,1236,1223,100,1544,1546,80
THUMB_BENT,2002,1997,41,1975,1987,64,1415,1384,100,1263,1246,57,1536,1554,60
THUMB_BENT,1985,1992,43,1992,1989,62,1387,1385,100,1172,1213,100,1548,1551,68
THUMB_BENT,1971,1982,48,1974,1982,68,1329,1360,100,1202,1208,100,1552,1552,65
THUMB_BENT,2023,2001,40,1977,1980,69,1280,1324,100,1199,1204,100,1483,1521,100
THUMB_BENT,2016,2008,36,1964,1973,75,1173,1256,100,1241,1221,100,1549,1533,100
THUMB_BENT,1997,2003,39,2015,1992,60,1275,1265,100,1243,1231,100,1560,1545,82
THUMB_BENT,1995,2001,40,2012,2015,43,1196,1214,100,1115,1191,100,1520,1552,65
THUMB_BENT,2009,2007,37,2015,2015,43,1110,1139,100,1201,1203,100,1551,1554,60
THUMB_BENT,1991,2006,37,2015,2016,42,1393,1205,100,1187,1210,100,1529,1549,73
THUMB_BENT,2028,2016,33,2030,2022,37,1327,1260,100,1196,1204,100,1524,1538,100
THUMB_BENT,2022,2019,32,2008,2016,42,1437,1340,100,1223,1212,100,1534,1536,100
THUMB_BENT,1976,1999,40,2039,2026,34,1459,1393,99,1233,1222,100,1548,1541,92
THUMB_BENT,2008,2003,39,2033,2029,32,1452,1420,86,1287,1251,38,1549,1545,82
THUMB_BENT,2013,2008,36,2018,2024,36,1676,1535,31,1273,1261,0,1551,1548,75
THUMB_BENT,1999,2004,38,2000,2013,44,1638,1581,9,1206,1236,96,1528,1539,97
THUMB_BENT,1991,1998,41,2000,2007,49,1660,1617,0,1167,1205,100,1531,1535,100
THUMB_BENT,2019,2007,37,1968,1990,62,1672,1642,0,1232,1217,100,1547,1541,92
THUMB_BENT,1992,2001,40,2005,1997,56,1663,1651,0,1174,1198,100,1542,1541,92
THUMB_BENT,2017,2008,36,2007,2001,53,1641,1647,0,1223,1209,100,1573,1556,56
THUMB_BENT,2032,2020,31,2008,2019,40,1671,1655,0,1248,1247,53,1534,1550,70
THUMB_BENT,2008,2015,33,2012,2016,42,1680,1667,0,1215,1233,100,1552,1551,68
THUMB_BENT,2034,2023,30,1955,1989,62,1655,1661,0,1162,1201,100,1533,1543,87
THUMB_BENT,2001,2013,34,1998,1993,59,1093,1406,93,1201,1201,100,1560,1551,68
THUMB_BENT,2001,2008,36,1999,1996,57,1118,1276,100,1234,1216,100,1532,1542,90
THUMB_BENT,2007,2007,37,2023,2008,48,1137,1214,100,1219,1217,100,1552,1547,78
THUMB_BENT,1977,1989,45,2024,2024,36,1657,1381,100,1232,1250,42,1543,1552,65
THUMB_BENT,2007,1997,41,1996,2012,45,1649,1501,47,1159,1209,100,1532,1543,87
THUMB_BENT,1964,1982,48,2007,2010,46,1660,1573,12,1196,1203,100,1565,1553,63
THUMB_BENT,2020,2018,32,1967,1985,65,1624,1634,0,1149,1199,100,1506,1537,100
THUMB_BENT,2021,2019,32,1984,1985,65,1442,1547,25,1215,1206,100,1535,1536,100
THUMB_BENT,2017,2018,32,2009,1996,57,1592,1567,15,1227,1216,100,1565,1549,73
THUMB_BENT,2004,2008,36,1895,1972,75,1458,1416,88,1215,1234,100,1541,1551,68
THUMB_BENT,1991,2000,40,1928,1952,90,1346,1385,100,1184,1212,100,1531,1542,90
THUMB_BENT,1964,1984,47,1843,1903,100,1263,1330,100,1236,1223,100,1549,1545,82
THUMB_BENT,2006,1994,43,1867,1887,100,1273,1304,100,1263,1241,76,1524,1536,100
THUMB_BENT,2016,2004,38,1913,1899,100,1249,1279,100,1271,1254,26,1532,1534,100
THUMB_BENT,2018,2010,36,1898,1898,100,1250,1266,100,1316,1282,0,1538,1536,100
THUMB_BENT,2009,2010,36,1840,1872,100,1281,1273,100,1207,1248,50,1524,1530,100
THUMB_BENT,1961,1988,45,1878,1875,100,1113,1201,100,1191,1223,100,1504,1519,100
THUMB_BENT,2006,1996,42,1914,1892,100,1628,1393,99,1217,1220,100,1559,1537,100
THUMB_BENT,1991,1994,43,1855,1876,100,1636,1502,47,1181,1202,100,1529,1533,100
THUMB_BENT,1968,1982,48,1917,1894,100,1487,1495,50,1226,1213,100,1536,1534,100
THUMB_BENT,1991,1990,44,1914,1925,100,1627,1613,0,1226,1234,100,1523,1542,90
THUMB_BENT,1991,1991,44,1906,1917,100,1631,1621,0,1173,1207,100,1522,1533,100
THUMB_BENT,2005,1997,41,1901,1910,100,1714,1663,0,1203,1205,100,1538,1535,100
THUMB_BENT,1991,1994,43,1938,1922,100,1662,1663,0,1217,1210,100,1547,1541,92
THUMB_BENT,1968,1983,47,1937,1929,100,1644,1654,0,1232,1220,100,1531,1536,100
THUMB_BENT,1971,1977,50,1993,1958,86,1680,1666,0,1330,1270,0,1539,1538,100
THUMB_BENT,1903,1944,64,1997,1975,73,1655,1661,0,1245,1259,7,1553,1544,85
THUMB_BENT,1904,1926,72,1986,1980,69,1676,1668,0,1199,1232,100,1552,1548,75
THUMB_BENT,1923,1925,73,1971,1976,72,1649,1659,0,1167,1203,100,1552,1550,70
THUMB_BENT,2022,1968,54,1991,1983,67,1654,1657,0,1222,1211,100,1538,1544,85
THUMB_BENT,1953,1961,57,1976,1980,69,1649,1653,0,1235,1222,100,1532,1539,97
THUMB_BENT,1969,1965,55,1990,1984,66,1644,1649,0,1167,1197,100,1539,1539,97
THUMB_BENT,1951,1954,60,2013,2001,53,1656,1663,0,1264,1259,7,1532,1547,78
THUMB_BENT,1951,1956,59,1988,1986,65,1647,1657,0,1204,1214,100,1543,1551,68
THUMB_BENT,1966,1961,57,2003,1994,59,1647,1653,0,1220,1217,100,1552,1552,65
THUMB_BENT,1979,1969,53,1983,1989,62,1643,1648,0,1259,1236,96,1508,1532,100
THUMB_BENT,1976,1973,52,1981,1987,64,1650,1652,0,1180,1211,100,1533,1551,68
THUMB_BENT,2012,1990,44,1939,1965,81,1692,1670,0,1253,1230,100,1526,1540,95
THUMB_BENT,1981,1986,46,1960,1963,82,1672,1671,0,1204,1218,100,1555,1546,80
THUMB_BENT,1933,1962,56,2004,1981,68,1648,1661,0,1232,1224,100,1556,1551,68
THUMB_BENT,1990,1986,46,1999,1998,56,1658,1653,0,1280,1282,0,1551,1556,56
THUMB_BENT,1977,1982,48,1975,1988,63,1656,1654,0,1176,1234,100,1545,1551,68
THUMB_BENT,2024,2001,40,1972,1981,68,1634,1645,0,1232,1233,100,1528,1541,92
THUMB_BENT,1964,1984,47,1997,1988,63,1683,1662,0,1204,1220,100,1533,1537,100
THUMB_BENT,2006,1994,43,1995,1991,61,1638,1651,0,1207,1214,100,1509,1525,100
THUMB_BENT,2001,1997,41,2012,2001,53,1650,1651,0,1228,1220,100,1544,1533,100
THUMB_BENT,1993,1995,42,1980,1991,61,1631,1642,0,1275,1245,61,1566,1548,75
THUMB_BENT,1998,1990,44,1862,1912,100,1645,1644,0,1189,1215,100,1522,1548,75
THUMB_BENT,1982,1987,46,1903,1908,100,1653,1648,0,1180,1199,100,1556,1551,68
THUMB_BENT,1976,1982,48,1907,1908,100,1678,1661,0,1211,1205,100,1552,1552,65
THUMB_BENT,1987,1984,47,1956,1929,100,1663,1662,0,1209,1207,100,1528,1541,92
THUMB_BENT,1955,1985,46,1964,1963,82,1672,1664,0,1301,1258,11,1543,1553,63
THUMB_BENT,1992,1988,45,1977,1969,78,1659,1662,0,1239,1249,46,1515,1536,100
THUMB_BENT,1981,1985,46,1986,1977,71,1654,1658,0,1180,1218,100,1523,1530,100
THUMB_BENT,1983,1984,47,1943,1962,83,1658,1658,0,1241,1228,100,1558,1543,87
THUMB_BENT,1967,1976,50,1970,1965,81,1631,1646,0,1229,1229,100,1547,1545,82
THUMB_BENT,2016,1994,43,1925,1947,94,1646,1646,0,1244,1236,96,1549,1547,78
THUMB_BENT,1999,1995,42,1970,1974,74,1639,1646,0,1192,1231,100,1530,1547,78
THUMB_BENT,1924,1963,56,1971,1973,75,1648,1647,0,1198,1216,100,1559,1552,65
THUMB_BENT,1927,1947,63,2007,1988,63,1639,1643,0,1194,1206,100,1533,1544,85
THUMB_BENT,2003,1983,47,1959,1972,75,1600,1617,0,1207,1222,100,1524,1543,87
THUMB_BENT,1975,1979,49,1962,1968,78,1582,1601,0,1213,1218,100,1553,1547,78
THUMB_BENT,2001,2002,39,1952,1972,75,1657,1648,0,1157,1207,100,1528,1552,65
THUMB_BENT,2007,2004,38,1933,1955,88,1680,1663,0,1215,1211,100,1530,1542,90
THUMB_BENT,1995,2000,40,1977,1965,81,1646,1655,0,1245,1226,100,1533,1538,100
THUMB_BENT,1988,1995,42,1977,1970,77,1659,1657,0,1185,1208,100,1558,1547,78
THUMB_BENT,1960,1976,50,2001,2000,54,1671,1665,0,1233,1238,88,1519,1541,92
THUMB_BENT,1980,1978,50,1962,1983,67,1672,1668,0,1148,1197,100,1531,1537,100
THUMB_BENT,2000,1993,43,1977,1981,68,1662,1671,0,1251,1204,100,1541,1553,63
THUMB_BENT,1962,1979,49,2001,1990,62,1667,1669,0,1223,1212,100,1542,1548,75
THUMB_BENT,1983,1976,50,1961,1988,63,1668,1660,0,1196,1231,100,1528,1547,78
THUMB_BENT,1988,1981,48,1988,1988,63,1661,1660,0,1192,1214,100,1546,1546,80
THUMB_BENT,1955,1969,53,2008,1997,56,1605,1635,0,1248,1229,100,1536,1542,90
THUMB_BENT,1960,1965,55,2007,2002,53,1593,1616,0,1249,1238,88,1556,1548,75
THUMB_BENT,2022,1991,44,1976,1990,62,1655,1634,0,1239,1238,88,1547,1548,75
THUMB_BENT,1983,1980,49,1996,1999,55,1636,1650,0,1204,1216,100,1534,1550,70
THUMB_BENT,1977,1978,50,1995,1997,56,1667,1658,0,1219,1218,100,1558,1554,60
THUMB_BENT,2014,1994,43,1986,1992,60,1665,1661,0,1227,1222,100,1540,1547,78
THUMB_BENT,1984,1990,44,1997,1994,59,1639,1651,0,1235,1228,100,1548,1548,75
THUMB_BENT,2023,2005,38,1957,1978,71,1703,1674,0,1315,1267,0,1487,1520,100
THUMB_BENT,1980,1994,43,2011,1993,59,1666,1671,0,1267,1267,0,1582,1548,75
THUMB_BENT,1976,1986,46,1988,1991,61,1695,1682,0,1221,1246,57,1524,1537,100
THUMB_BENT,1987,1986,46,1984,1988,63,1651,1668,0,1181,1217,100,1555,1545,82
THUMB_BENT,1966,1977,50,2005,1995,58,1639,1655,0,1252,1233,100,1548,1546,80
THUMB_BENT,1991,1983,47,2024,2008,48,1656,1655,0,1166,1203,100,1547,1547,78
FIST,1919,1900,83,1718,1787,100,1649,1610,0,1225,1236,96,1512,1541,92
FIST,1740,1828,100,1790,1788,100,1388,1510,43,1176,1209,100,1515,1529,100
FIST,1764,1799,100,1851,1817,100,1566,1535,31,1244,1225,100,1540,1534,100
FIST,1864,1828,100,1872,1842,100,1518,1528,34,1189,1209,100,1527,1531,100
FIST,1808,1819,100,1827,1835,100,1521,1525,36,1251,1228,100,1538,1534,100
FIST,1892,1852,100,1840,1837,100,1553,1537,30,1263,1244,65,1579,1554,60
FIST,1850,1855,100,1879,1870,100,1486,1521,37,1231,1239,84,1543,1556,56
FIST,1871,1862,100,1831,1852,100,1537,1528,34,1180,1212,100,1504,1532,100
FIST,1895,1877,93,1781,1820,100,1561,1543,27,1149,1184,100,1566,1548,75
FIST,1835,1836,100,1839,1851,100,1602,1560,19,1172,1216,100,1506,1546,80
FIST,1756,1800,100,1848,1850,100,1480,1524,36,1204,1211,100,1520,1534,100
FIST,1792,1796,100,1813,1833,100,1504,1515,40,1248,1228,100,1518,1527,100
FIST,1805,1800,100,1853,1842,100,1509,1512,42,1212,1221,100,1552,1538,100
FIST,1786,1788,100,1872,1900,100,1494,1492,51,1192,1229,100,1528,1548,75
FIST,1792,1790,100,1864,1884,100,1479,1486,54,1176,1205,100,1503,1528,100
FIST,1812,1800,100,1910,1896,100,1486,1486,54,1211,1208,100,1558,1541,92
FIST,1807,1803,100,1894,1895,100,1481,1484,55,1202,1205,100,1544,1543,87
FIST,1837,1818,100,1872,1885,100,1480,1482,56,1239,1220,100,1514,1530,100
FIST,1858,1836,100,1934,1907,100,1442,1464,65,1269,1242,73,1548,1538,100
FIST,1867,1850,100,1892,1900,100,1486,1474,60,1243,1243,69,1555,1546,80
FIST,1874,1861,100,1857,1881,100,1486,1479,58,1190,1219,100,1561,1553,63
FIST,1858,1860,100,1853,1868,100,1428,1456,69,1184,1203,100,1541,1547,78
FIST,1877,1867,98,1843,1857,100,1480,1467,63,1231,1216,100,1543,1545,82
FIST,1841,1856,100,1900,1876,100,1480,1473,61,1224,1219,100,1555,1550,70
FIST,1860,1858,100,1879,1878,100,1471,1472,61,1232,1225,100,1558,1553,63
FIST,1863,1871,96,1787,1844,100,1501,1487,54,1180,1232,100,1515,1541,92
FIST,1891,1880,92,1837,1841,100,1494,1490,52,1222,1227,100,1541,1541,92
FIST,1871,1876,94,1847,1844,100,1462,1477,59,1208,1219,100,1549,1545,82
FIST,1848,1863,100,1940,1887,100,1476,1477,59,1209,1214,100,1576,1559,48
FIST,1851,1858,100,1887,1887,100,1496,1485,55,1246,1229,100,1556,1558,51
FIST,1896,1875,94,1856,1873,100,1435,1463,65,1277,1250,42,1555,1556,56
FIST,1866,1871,96,1868,1871,100,1488,1474,60,1226,1239,84,1554,1555,58
FIST,1849,1861,100,1853,1863,100,1481,1477,59,1185,1215,100,1515,1537,100
FIST,1850,1856,100,1839,1852,100,1503,1489,53,1159,1190,100,1533,1535,100
FIST,1845,1851,100,1871,1861,100,1435,1465,64,1214,1201,100,1557,1545,82
FIST,1850,1851,100,1867,1863,100,1447,1457,68,1246,1221,100,1536,1541,92
FIST,1828,1843,100,1904,1895,100,1437,1445,74,1274,1268,0,1537,1553,63
FIST,1792,1820,100,1859,1879,100,1444,1445,74,1160,1220,100,1533,1544,85
FIST,1925,1867,98,1859,1870,100,1470,1456,69,1199,1210,100,1508,1528,100
FIST,1878,1872,96,1855,1863,100,1427,1443,75,1240,1224,100,1525,1527,100
FIST,1887,1879,93,1802,1836,100,1532,1483,56,1217,1221,100,1544,1534,100
FIST,1842,1869,97,1894,1873,100,1475,1471,62,1236,1246,57,1565,1561,43
FIST,1864,1867,98,1867,1870,100,1420,1448,73,1228,1238,88,1533,1549,73
FIST,1858,1863,100,1860,1866,100,1450,1449,72,1197,1220,100,1518,1535,100
FIST,1843,1854,100,1836,1852,100,1475,1461,66,1230,1224,100,1533,1534,100
FIST,1829,1843,100,1875,1863,100,1491,1474,60,1202,1214,100,1568,1549,73
FIST,1863,1852,100,1888,1874,100,1462,1469,62,1219,1216,100,1549,1549,73
FIST,1856,1854,100,1960,1913,100,1432,1452,71,1382,1291,0,1556,1552,65
FIST,1856,1855,100,1882,1899,100,1454,1453,70,1305,1297,0,1556,1554,60
FIST,1796,1828,100,1864,1883,100,1443,1449,72,1167,1239,84,1530,1543,87
FIST,1807,1819,100,1864,1875,100,1468,1457,68,1215,1228,100,1535,1539,97
FIST,1815,1817,100,1893,1883,100,1479,1467,63,1199,1215,100,1534,1537,100
FIST,1798,1808,100,1860,1873,100,1494,1479,58,1204,1210,100,1552,1544,85
FIST,1825,1816,100,1904,1887,100,1455,1468,63,1247,1227,100,1574,1557,53
FIST,1823,1819,100,1941,1911,100,1457,1463,65,1267,1245,61,1573,1564,36
FIST,1795,1808,100,1885,1899,100,1432,1449,72,1215,1231,100,1559,1562,41
FIST,1807,1808,100,1853,1879,100,1436,1443,75,1135,1188,100,1512,1539,97
FIST,1806,1807,100,1888,1883,100,1482,1461,66,1231,1207,100,1552,1545,82
FIST,1846,1825,100,1821,1855,100,1457,1459,67,1221,1213,100,1531,1539,97
FIST,1841,1832,100,1835,1846,100,1474,1466,64,1187,1202,100,1571,1553,63
FIST,1823,1828,100,1866,1855,100,1443,1456,69,1244,1221,100,1596,1572,17
FIST,1825,1827,100,1867,1860,100,1462,1458,68,1255,1236,96,1576,1574,12
FIST,1823,1825,100,1867,1863,100,1403,1433,80,1167,1205,100,1561,1568,26
FIST,1807,1817,100,1857,1861,100,1447,1440,76,1188,1197,100,1516,1545,82
FIST,1792,1806,100,1851,1856,100,1432,1436,78,1213,1204,100,1539,1542,90
FIST,1809,1807,100,1874,1864,100,1465,1449,72,1175,1191,100,1539,1541,92
FIST,1810,1808,100,1908,1884,100,1440,1445,74,1248,1217,100,1527,1535,100
FIST,1871,1837,100,1857,1872,100,1505,1472,61,1262,1237,92,1599,1564,36
FIST,1807,1818,100,1853,1877,100,1442,1446,74,1186,1223,100,1521,1541,92
FIST,1823,1820,100,1896,1885,100,1492,1467,63,1189,1208,100,1555,1547,78
FIST,1840,1829,100,1859,1874,100,1443,1456,69,1245,1224,100,1531,1540,95
FIST,1838,1833,100,1902,1886,100,1488,1470,62,1205,1216,100,1546,1543,87
FIST,1844,1838,100,1871,1879,100,1463,1467,63,1246,1229,100,1555,1548,75
FIST,1840,1839,100,1892,1885,100,1475,1471,62,1311,1266,0,1550,1549,73
FIST,1829,1834,100,1849,1869,100,1439,1456,69,1213,1242,73,1543,1546,80
FIST,1811,1824,100,1880,1874,100,1432,1445,74,1165,1207,100,1523,1536,100
FIST,1831,1827,100,1873,1873,100,1442,1444,75,1237,1221,100,1528,1532,100
FIST,1832,1829,100,1835,1856,100,1536,1485,55,1179,1202,100,1539,1535,100
FIST,1840,1834,100,1873,1864,100,1462,1475,60,1249,1223,100,1547,1541,92
FIST,1875,1853,100,1949,1902,100,1463,1470,62,1252,1236,96,1631,1581,0
FIST,1816,1845,100,1864,1881,100,1455,1452,71,1188,1226,100,1529,1550,70
FIST,1820,1834,100,1899,1889,100,1415,1435,79,1206,1217,100,1542,1546,80
FIST,1864,1847,100,1875,1883,100,1455,1444,75,1215,1216,100,1552,1549,73
FIST,1840,1844,100,1855,1870,100,1443,1444,75,1218,1217,100,1561,1554,60
FIST,1854,1849,100,1815,1845,100,1464,1453,70,1235,1225,100,1536,1546,80
FIST,1824,1837,100,1909,1874,100,1518,1482,56,1234,1229,100,1584,1563,39
FIST,1855,1845,100,1896,1884,100,1424,1456,69,1248,1238,88,1573,1568,26
FIST,1824,1836,100,1903,1892,100,1420,1440,76,1183,1213,100,1548,1559,48
FIST,1843,1839,100,1873,1884,100,1438,1439,77,1233,1222,100,1532,1547,78
FIST,1842,1840,100,1863,1874,100,1452,1445,74,1220,1221,100,1519,1534,100
FIST,1862,1850,100,1892,1882,100,1435,1440,76,1229,1225,100,1548,1540,95
FIST,1882,1864,99,1908,1894,100,1414,1429,82,1251,1237,92,1567,1552,65
FIST,1864,1861,100,1862,1884,100,1448,1449,72,1174,1217,100,1528,1546,80
FIST,1870,1865,99,1872,1878,100,1446,1448,73,1204,1211,100,1528,1538,100
FIST,1847,1857,100,1894,1885,100,1444,1446,74,1214,1212,100,1545,1541,92
FIST,1864,1860,100,1864,1876,100,1469,1456,69,1128,1174,100,1550,1545,82
FIST,1854,1857,100,1923,1897,100,1451,1454,70,1276,1220,100,1572,1557,53
FIST,1811,1837,100,1923,1909,100,1476,1464,65,1257,1237,92,1590,1572,17
FIST,1886,1859,100,1857,1885,100,1447,1456,69,1255,1245,61,1532,1554,60
FIST,1847,1853,100,1866,1877,100,1441,1449,72,1128,1192,100,1527,1542,90
FIST,1824,1840,100,1951,1910,100,1420,1436,78,1257,1221,100,1539,1541,92
FIST,1878,1857,100,1880,1897,100,1439,1437,78,1185,1205,100,1547,1543,87
FIST,1861,1859,100,1908,1902,100,1448,1442,75,1208,1206,100,1539,1541,92
FIST,1893,1874,95,1864,1885,100,1459,1450,72,1264,1232,100,1564,1552,65
FIST,1832,1855,100,1968,1922,100,1416,1435,79,1301,1263,0,1541,1547,78
FIST,1872,1863,100,1852,1891,100,1443,1438,77,1224,1246,57,1527,1538,100
FIST,1864,1863,100,1879,1885,100,1430,1435,79,1192,1221,100,1520,1530,100
FIST,1831,1849,100,1888,1887,100,1439,1437,78,1217,1219,100,1537,1533,100
FIST,1846,1848,100,1864,1876,100,1456,1445,74,1246,1231,100,1505,1520,100
FIST,1874,1859,100,1927,1899,100,1455,1450,72,1198,1216,100,1534,1527,100
FIST,1865,1862,100,1909,1904,100,1476,1462,66,1295,1252,34,1568,1545,82
FIST,1872,1866,98,1926,1914,100,1424,1445,74,1225,1240,80,1560,1552,65
FIST,1832,1851,100,1868,1893,100,1448,1446,74,1195,1220,100,1534,1544,85
FIST,1876,1862,100,1903,1898,100,1462,1453,70,1233,1226,100,1522,1534,100
FIST,1835,1850,100,1882,1891,100,1418,1437,78,1245,1234,100,1531,1533,100
FIST,1859,1854,100,1908,1898,100,1376,1410,91,1210,1223,100,1551,1541,92
FIST,1895,1872,96,1892,1896,100,1635,1511,42,1227,1225,100,1571,1554,60
FIST,1838,1863,100,1864,1881,100,1636,1590,4,1193,1230,100,1550,1555,58
FIST,1857,1860,100,1872,1877,100,1602,1596,1,1176,1206,100,1521,1540,95
FIST,1873,1866,98,1908,1891,100,1600,1598,0,1225,1214,100,1540,1540,95
FIST,1888,1876,94,1863,1878,100,1598,1598,0,1190,1203,100,1536,1538,100
FIST,1884,1880,92,1828,1856,100,1599,1598,0,1197,1201,100,1549,1543,87
FIST,1896,1887,89,1894,1873,100,1611,1604,0,1298,1244,65,1568,1554,60
FIST,1880,1877,93,1852,1879,100,1593,1598,0,1214,1232,100,1556,1551,68
FIST,1856,1868,97,1882,1881,100,1600,1599,0,1183,1210,100,1526,1540,95
FIST,1882,1874,95,1845,1865,100,1572,1587,6,1246,1226,100,1562,1550,70
FIST,1855,1865,99,1831,1849,100,1615,1600,0,1197,1213,100,1511,1532,100
FIST,1866,1866,98,1918,1880,100,1607,1603,0,1215,1214,100,1576,1552,65
FIST,1862,1856,100,1877,1893,100,1601,1599,0,1192,1201,100,1521,1541,92
FIST,1831,1845,100,1888,1891,100,1606,1602,0,1216,1208,100,1541,1541,92
FIST,1841,1843,100,1920,1904,100,1591,1597,1,1184,1197,100,1543,1542,90
FIST,1862,1852,100,1899,1902,100,1619,1607,0,1229,1211,100,1552,1546,80
FIST,1852,1859,100,1867,1891,100,1579,1589,5,1167,1216,100,1536,1543,87
FIST,1884,1875,94,1863,1877,100,1589,1592,3,1197,1210,100,1540,1552,65
FIST,1856,1866,98,1879,1878,100,1614,1602,0,1216,1213,100,1532,1543,87
FIST,1864,1865,99,1897,1887,100,1619,1610,0,1270,1239,84,1555,1548,75
FIST,1831,1856,100,1870,1887,100,1593,1597,1,1173,1227,100,1544,1553,63
FIST,1875,1868,97,1856,1861,100,1595,1606,0,1212,1210,100,1536,1548,75
FIST,1874,1871,96,1819,1842,100,1621,1612,0,1240,1224,100,1520,1535,100
FIST,1815,1846,100,1804,1825,100,1607,1610,0,1229,1226,100,1508,1523,100
FIST,1871,1861,100,1821,1830,100,1628,1617,0,1167,1223,100,1553,1548,75
FIST,1889,1873,95,1833,1831,100,1622,1619,0,1149,1190,100,1557,1552,65
FIST,1880,1876,94,1805,1819,100,1625,1622,0,1216,1202,100,1527,1541,92
FIST,1857,1868,97,1851,1834,100,1644,1632,0,1206,1204,100,1539,1540,95
FIST,1842,1865,99,1864,1856,100,1518,1565,16,1183,1205,100,1534,1548,75
FIST,1896,1879,93,1837,1847,100,1421,1500,48,1231,1217,100,1530,1540,95
FIST,1853,1867,98,1843,1845,100,1427,1467,63,1231,1223,100,1554,1546,80
FIST,1891,1878,93,1844,1845,100,1415,1444,75,1217,1220,100,1570,1557,53
FIST,1844,1863,100,1921,1879,100,1426,1436,78,1274,1244,65,1557,1557,53
FIST,1830,1844,100,1858,1868,100,1409,1414,89,1212,1236,96,1560,1561,43
FIST,1816,1831,100,1847,1858,100,1405,1410,91,1205,1222,100,1513,1540,95
FIST,1817,1825,100,1843,1851,100,1421,1415,88,1223,1223,100,1543,1541,92
FIST,1817,1821,100,1835,1844,100,1442,1427,83,1192,1209,100,1548,1544,85
FIST,1856,1837,100,1881,1861,100,1421,1424,84,1224,1216,100,1558,1550,70
FIST,1823,1831,100,1860,1860,100,1452,1437,78,1238,1226,100,1586,1566,31
FIST,1860,1844,100,1875,1867,100,1406,1423,85,1260,1241,76,1562,1564,36
FIST,1817,1832,100,1847,1858,100,1437,1429,82,1141,1196,100,1542,1554,60
FIST,1774,1806,100,1871,1864,100,1396,1414,89,1214,1204,100,1549,1552,65
FIST,1871,1835,100,1795,1833,100,1413,1414,89,1195,1200,100,1566,1558,51
FIST,1796,1818,100,1893,1860,100,1376,1397,97,1236,1216,100,1521,1541,92
FIST,1819,1818,100,1858,1859,100,1403,1400,96,1243,1228,100,1529,1536,100
FIST,1817,1833,100,1877,1868,100,1396,1393,99,1184,1224,100,1537,1553,63
FIST,1807,1821,100,1862,1866,100,1407,1399,96,1162,1196,100,1543,1549,73
FIST,1796,1810,100,1885,1874,100,1354,1379,100,1248,1219,100,1532,1541,92
FIST,1805,1808,100,1853,1865,100,1395,1386,100,1214,1217,100,1542,1542,90
FIST,1838,1821,100,1859,1862,100,1368,1378,100,1262,1237,92,1541,1541,92
FIST,1808,1812,100,1840,1881,100,1376,1365,100,1177,1221,100,1537,1549,73
FIST,1780,1797,100,1932,1904,100,1379,1371,100,1206,1214,100,1548,1549,73
FIST,1810,1803,100,1863,1886,100,1379,1375,100,1234,1223,100,1552,1550,70
FIST,1808,1805,100,1889,1887,100,1365,1370,100,1239,1230,100,1536,1544,85
FIST,1840,1821,100,1853,1872,100,1476,1418,87,1235,1232,100,1568,1555,58
FIST,1803,1813,100,1881,1876,100,1373,1398,97,1239,1235,100,1575,1564,36
FIST,1808,1811,100,1843,1861,100,1387,1393,99,1200,1219,100,1544,1555,58
FIST,1787,1800,100,1879,1869,100,1346,1372,100,1207,1214,100,1540,1548,75
FIST,1835,1816,100,1858,1864,100,1377,1374,100,1226,1219,100,1543,1546,80
FIST,1804,1810,100,1823,1846,100,1437,1402,95,1203,1212,100,1546,1546,80
FIST,1834,1821,100,1880,1861,100,1383,1394,99,1261,1234,100,1560,1552,65
FIST,1813,1811,100,1862,1867,100,1383,1392,100,1147,1204,100,1579,1569,24
FIST,1810,1811,100,1867,1867,100,1388,1390,100,1175,1191,100,1547,1559,48
FIST,1866,1835,100,1834,1852,100,1382,1387,100,1207,1198,100,1564,1561,43
FIST,1824,1830,100,1855,1853,100,1373,1381,100,1223,1209,100,1562,1562,41
FIST,1828,1829,100,1869,1860,100,1376,1378,100,1251,1228,100,1562,1562,41
FIST,1823,1836,100,1878,1870,100,1408,1397,97,1196,1233,100,1564,1565,34
FIST,1811,1825,100,1843,1858,100,1385,1391,100,1166,1203,100,1530,1549,73
FIST,1891,1855,100,1875,1865,100,1336,1366,100,1241,1220,100,1519,1536,100
FIST,1831,1844,100,1842,1855,100,1375,1370,100,1200,1211,100,1552,1543,87
FIST,1890,1865,99,1840,1848,100,1412,1389,100,1216,1213,100,1549,1546,80
FIST,1894,1890,88,1887,1898,100,1388,1397,97,1238,1245,61,1564,1564,36
FIST,1844,1869,97,1878,1889,100,1397,1397,97,1211,1229,100,1544,1555,58
FIST,1883,1875,94,1855,1874,100,1319,1362,100,1180,1207,100,1518,1538,100
FIST,1935,1902,83,1888,1880,100,1340,1352,100,1224,1215,100,1518,1529,100
FIST,1919,1910,79,1843,1863,100,1358,1355,100,1235,1224,100,1524,1527,100
FIST,1871,1892,87,1909,1884,100,1400,1375,100,1221,1223,100,1520,1524,100
FIST,1992,1937,67,1891,1887,100,1394,1384,100,1287,1252,34,1542,1532,100
FIST,1855,1900,83,1897,1892,100,1367,1376,100,1254,1253,30,1564,1546,80
FIST,1860,1882,91,1877,1885,100,1343,1361,100,1233,1244,65,1510,1530,100
FIST,1854,1869,97,1890,1887,100,1422,1389,100,1229,1237,92,1548,1538,100
FIST,1873,1871,96,1895,1891,100,1346,1369,100,1240,1238,88,1535,1537,100
FIST,1903,1885,90,1856,1875,100,1385,1376,100,1235,1237,92,1543,1540,95
FIST,1895,1890,88,1889,1881,100,1400,1387,100,1241,1239,84,1551,1545,82
